{
  "type": "FeatureCollection",
  "metadata": {
    "module": "Oil Spill Backtracking & Origin Identification",
    "generated_at": "2026-09-26T09:55:41.907610Z",
    "total_backtrack_hours": 26,
    "warning": null
  },
  "features": [
    {
      "type": "Feature",
      "geometry": {
        "type": "Polygon",
        "coordinates": [
          [
            [
              -90.5,
              27.996094
            ],
            [
              -90.5,
              27.845703
            ],
            [
              -90.474609,
              27.826172
            ],
            [
              -90.476562,
              27.796875
            ],
            [
              -90.462891,
              27.794922
            ],
            [
              -90.445312,
              27.814453
            ],
            [
              -90.433594,
              27.800781
            ],
            [
              -90.408203,
              27.802734
            ],
            [
              -90.394531,
              27.794922
            ],
            [
              -90.384766,
              27.779297
            ],
            [
              -90.388672,
              27.759766
            ],
            [
              -90.414062,
              27.757812
            ],
            [
              -90.425781,
              27.738281
            ],
            [
              -90.480469,
              27.714844
            ],
            [
              -90.480469,
              27.695312
            ],
            [
              -90.466797,
              27.6875
            ],
            [
              -90.464844,
              27.703125
            ],
            [
              -90.449219,
              27.71875
            ],
            [
              -90.435547,
              27.71875
            ],
            [
              -90.427734,
              27.705078
            ],
            [
              -90.390625,
              27.689453
            ],
            [
              -90.375,
              27.667969
            ],
            [
              -90.380859,
              27.65625
            ],
            [
              -90.394531,
              27.650391
            ],
            [
              -90.394531,
              27.642578
            ],
            [
              -90.378906,
              27.644531
            ],
            [
              -90.367188,
              27.632812
            ],
            [
              -90.335938,
              27.630859
            ],
            [
              -90.322266,
              27.615234
            ],
            [
              -90.333984,
              27.595703
            ],
            [
              -90.369141,
              27.582031
            ],
            [
              -90.382812,
              27.5625
            ],
            [
              -90.390625,
              27.53125
            ],
            [
              -90.365234,
              27.537109
            ],
            [
              -90.353516,
              27.525391
            ],
            [
              -90.347656,
              27.501953
            ],
            [
              -90.001953,
              27.501953
            ],
            [
              -90.001953,
              28.0
            ],
            [
              -90.382812,
              28.0
            ],
            [
              -90.392578,
              27.984375
            ],
            [
              -90.416016,
              28.0
            ],
            [
              -90.5,
              27.996094
            ]
          ]
        ]
      },
      "properties": {
        "layer": "detection_footprint",
        "timestamp": "2026-09-26T09:44:47.148195+00:00",
        "hours_prior": 0.0,
        "incident_name": "Oil Spill Detection"
      }
    },
    {
      "type": "Feature",
      "geometry": {
        "type": "Polygon",
        "coordinates": [
          [
            [
              -89.87395793941359,
              27.461512055348997
            ],
            [
              -89.8744989418689,
              27.461516908503565
            ],
            [
              -89.90236690348515,
              27.46183100867783
            ],
            [
              -90.04141621177394,
              27.46946141861805
            ],
            [
              -90.0416579397329,
              27.469479677576537
            ],
            [
              -90.07068660563358,
              27.47213259864365
            ],
            [
              -90.09952689725243,
              27.475264665979857
            ],
            [
              -90.10000070138247,
              27.475335090132198
            ],
            [
              -90.10046559220596,
              27.47545053032061
            ],
            [
              -90.10091730295653,
              27.475609927035443
            ],
            [
              -90.10135168783442,
              27.47581181733419
            ],
            [
              -90.10176476005672,
              27.476054348268374
            ],
            [
              -90.10215272844798,
              27.47633529388991
            ],
            [
              -90.16211214006907,
              27.52429557526198
            ],
            [
              -90.16247470213871,
              27.524615522580735
            ],
            [
              -90.16280466303324,
              27.52496899584591
            ],
            [
              -90.16309893672688,
              27.52535268912752
            ],
            [
              -90.18075775755132,
              27.552144462672192
            ],
            [
              -90.26201080930913,
              27.67933219155403
            ],
            [
              -90.26224294644815,
              27.67973583579107
            ],
            [
              -90.26243652752895,
              27.68015932449997
            ],
            [
              -90.26258987369,
              27.680598984910173
            ],
            [
              -90.2627016550133,
              27.681051003999563
            ],
            [
              -90.26277090205822,
              27.681511461563492
            ],
            [
              -90.27187233347732,
              27.829741766385876
            ],
            [
              -90.27186711773518,
              27.83024046244687
            ],
            [
              -90.27181224756542,
              27.830736158149584
            ],
            [
              -90.27170826887127,
              27.83122392181816
            ],
            [
              -90.27155621613662,
              27.831698900692537
            ],
            [
              -90.24123096363412,
              27.923682028215627
            ],
            [
              -90.24107961916829,
              27.92413376153292
            ],
            [
              -90.24088596837338,
              27.924569040187258
            ],
            [
              -90.24065176935179,
              27.924983912403217
            ],
            [
              -90.24037914833214,
              27.92537461166984
            ],
            [
              -90.24007058036585,
              27.925737590935736
            ],
            [
              -90.21399330985804,
              27.95360586180976
            ],
            [
              -90.21365191830141,
              27.95393754142036
            ],
            [
              -90.21328053468999,
              27.954235255666234
            ],
            [
              -90.21288252464407,
              27.95449630654705
            ],
            [
              -90.21246149508288,
              27.95471832831991
            ],
            [
              -90.16275598971178,
              27.977976537548425
            ],
            [
              -90.16225848419225,
              27.978177542881255
            ],
            [
              -90.16174230356498,
              27.97832407767517
            ],
            [
              -90.16121339247343,
              27.978414454348226
            ],
            [
              -90.16067784217266,
              27.97844763206885
            ],
            [
              -89.99649702247417,
              27.98659877712501
            ],
            [
              -89.99590099612035,
              27.986611349741057
            ],
            [
              -89.83481806425802,
              27.9827459378875
            ],
            [
              -89.83435737815302,
              27.98273402858801
            ],
            [
              -89.77832104099315,
              27.979138503602158
            ],
            [
              -89.7778100193204,
              27.9790990389936
            ],
            [
              -89.75824535647192,
              27.977442724863128
            ],
            [
              -89.75777680550233,
              27.977402516296358
            ],
            [
              -89.75731410461373,
              27.977318464957122
            ],
            [
              -89.75686134698292,
              27.97719131438623
            ],
            [
              -89.75642253782596,
              27.977022189391906
            ],
            [
              -89.75600155896694,
              27.976812586099456
            ],
            [
              -89.75560213449837,
              27.976564358716104
            ],
            [
              -89.75522779783677,
              27.976279703128206
            ],
            [
              -89.73028730711411,
              27.955392328250277
            ],
            [
              -89.7299098526263,
              27.955041584243347
            ],
            [
              -89.72957049925519,
              27.95465385684133
            ],
            [
              -89.72927285084194,
              27.95423326360452
            ],
            [
              -89.72902006833229,
              27.953784271119527
            ],
            [
              -89.7116631957737,
              27.918858810304098
            ],
            [
              -89.7114687474547,
              27.91841473469797
            ],
            [
              -89.71131821841625,
              27.917953915534635
            ],
            [
              -89.71121302371131,
              27.91748068475925
            ],
            [
              -89.71115415222607,
              27.91699949099273
            ],
            [
              -89.71114215738378,
              27.916514857712325
            ],
            [
              -89.72126636392674,
              27.490346415939864
            ],
            [
              -89.72130118857699,
              27.489864300918526
            ],
            [
              -89.72138240410868,
              27.48938780150879
            ],
            [
              -89.72150925148911,
              27.488921371029356
            ],
            [
              -89.72168054521455,
              27.488469368695636
            ],
            [
              -89.72189468438997,
              27.488036018878958
            ],
            [
              -89.72214966769076,
              27.48762537162597
            ],
            [
              -89.72244311206695,
              27.487241264807306
            ],
            [
              -89.72277227501499,
              27.48688728824918
            ],
            [
              -89.72313408020891,
              27.486566750183236
            ],
            [
              -89.72352514625138,
              27.486282646328107
            ],
            [
              -89.7239418182759,
              27.486037631891723
            ],
            [
              -89.72438020210492,
              27.485833996755968
            ],
            [
              -89.72483620064439,
              27.485673644075682
            ],
            [
              -89.73239693062486,
              27.483419157991698
            ],
            [
              -89.73306160850754,
              27.483269404048013
            ],
            [
              -89.87341957969895,
              27.46156568395524
            ],
            [
              -89.87395793941359,
              27.461512055348997
            ]
          ]
        ]
      },
      "properties": {
        "layer": "primary_origin_candidate",
        "timestamp": "2026-09-25T09:44:47.148195+00:00 to 2026-09-25T15:44:47.148195+00:00",
        "hours_prior": 24.0,
        "centroid_latitude": 27.765475131988524,
        "centroid_longitude": -89.95719245910645,
        "solver_method": "morphology_diffusion_correlated",
        "confidence_level": "high",
        "description": "High-confidence origin search area for AIS vessel matching"
      }
    },
    {
      "type": "Feature",
      "geometry": {
        "type": "Polygon",
        "coordinates": [
          [
            [
              -90.0078555429439,
              27.511457416180626
            ],
            [
              -90.00788068984154,
              27.510967920727932
            ],
            [
              -90.00795364259591,
              27.51048323932711
            ],
            [
              -90.00807370016553,
              27.51000802953697
            ],
            [
              -90.00823970885402,
              27.50954685789862
            ],
            [
              -90.00845007339646,
              27.509104156053187
            ],
            [
              -90.0087027722892,
              27.508684178155818
            ],
            [
              -90.0089953772155,
              27.508290959995286
            ],
            [
              -90.00932507638056,
              27.50792828021196
            ],
            [
              -90.00968870153146,
              27.50759962398686
            ],
            [
              -90.01008275840267,
              27.507308149550717
            ],
            [
              -90.0105034602942,
              27.507056657834877
            ],
            [
              -90.01094676446003,
              27.50684756555567
            ],
            [
              -90.011408410957,
              27.50668288199091
            ],
            [
              -90.01188396358083,
              27.50656418967169
            ],
            [
              -90.01236885249592,
              27.50649262917501
            ],
            [
              -90.01285841814938,
              27.506468888163365
            ],
            [
              -90.32982924334469,
              27.506651993632115
            ],
            [
              -90.33034323245407,
              27.506678780789773
            ],
            [
              -90.33085174468101,
              27.506758264570617
            ],
            [
              -90.33134939178204,
              27.506889602757013
            ],
            [
              -90.33183090064156,
              27.507071403677163
            ],
            [
              -90.33229116914633,
              27.507301740951373
            ],
            [
              -90.33272532024787,
              27.507578173904186
            ],
            [
              -90.3331287536402,
              27.50789777342597
            ],
            [
              -90.37845498655035,
              27.547768989246283
            ],
            [
              -90.3788486310995,
              27.54815582616319
            ],
            [
              -90.37919724323098,
              27.548583691110515
            ],
            [
              -90.37949657547085,
              27.549047371001745
            ],
            [
              -90.47040844070523,
              27.70855702981522
            ],
            [
              -90.47061071461307,
              27.708951640273927
            ],
            [
              -90.47077723087448,
              27.709362620179284
            ],
            [
              -90.47090667979141,
              27.70978673705683
            ],
            [
              -90.47099804321115,
              27.710220655106067
            ],
            [
              -90.49398540893381,
              27.84985192646837
            ],
            [
              -90.49403471800633,
              27.85025096089715
            ],
            [
              -90.49405180568766,
              27.850652667097165
            ],
            [
              -90.49414335842204,
              27.890556307844236
            ],
            [
              -90.49418913479047,
              27.91050908244039
            ],
            [
              -90.49436461193841,
              27.99032065659396
            ],
            [
              -90.494341595023,
              27.990810982305312
            ],
            [
              -90.49427061024392,
              27.991296688227397
            ],
            [
              -90.49415234174988,
              27.991773093144378
            ],
            [
              -90.49398792940826,
              27.99223560548317
            ],
            [
              -90.4937789578192,
              27.99267976756684
            ],
            [
              -90.49352744104317,
              27.993101298577546
            ],
            [
              -90.49323580318963,
              27.993496135814887
            ],
            [
              -90.49290685505349,
              27.993860473852074
            ],
            [
              -90.49254376702481,
              27.99419080121249
            ],
            [
              -90.49215003853269,
              27.994483934213175
            ],
            [
              -90.49172946431783,
              27.99473704764903
            ],
            [
              -90.49128609785909,
              27.99494770202206
            ],
            [
              -90.49082421230611,
              27.995113867053156
            ],
            [
              -90.49034825929489,
              27.995233941249857
            ],
            [
              -90.48986282604305,
              27.995306767341464
            ],
            [
              -90.48937259113845,
              27.995331643432777
            ],
            [
              -90.46662936604079,
              27.9953678830568
            ],
            [
              -90.44388572162228,
              27.995402215982764
            ],
            [
              -90.42114887006633,
              27.995430827950326
            ],
            [
              -90.37566157911732,
              27.99548042000209
            ],
            [
              -90.35291667673233,
              27.995497587687094
            ],
            [
              -90.33018066283284,
              27.995512846774314
            ],
            [
              -90.30743659796518,
              27.995524291359196
            ],
            [
              -90.284692534223,
              27.99553192110539
            ],
            [
              -90.26195610015664,
              27.995535736013604
            ],
            [
              -90.23921203613281,
              27.995535736083983
            ],
            [
              -90.21646797239042,
              27.995531921316385
            ],
            [
              -90.19373153747978,
              27.99552429171067
            ],
            [
              -90.17098747430045,
              27.9955128472674
            ],
            [
              -90.17050272389797,
              27.99548904841056
            ],
            [
              -90.170022564506,
              27.995418363924223
            ],
            [
              -90.16955152017366,
              27.99530145979575
            ],
            [
              -90.16909402906813,
              27.99513943749275
            ],
            [
              -90.16865440165854,
              27.994933823585065
            ],
            [
              -90.1682367801027,
              27.994686555361493
            ],
            [
              -90.07737069123552,
              27.934746217226728
            ],
            [
              -90.07682005101134,
              27.93432545165515
            ],
            [
              -90.05412260228087,
              27.914344067377804
            ],
            [
              -90.03143862791653,
              27.89435538940927
            ],
            [
              -90.03104356316194,
              27.89396628372389
            ],
            [
              -90.03069401396147,
              27.89353582495566
            ],
            [
              -90.03039427948214,
              27.89306930739263
            ],
            [
              -90.00775786590792,
              27.853127519672903
            ],
            [
              -90.0075263256776,
              27.85266464072832
            ],
            [
              -90.00734387515068,
              27.85218030654532
            ],
            [
              -90.007212469232,
              27.851679706625095
            ],
            [
              -90.0071335158981,
              27.851168204751534
            ],
            [
              -90.0071078611112,
              27.850651281519802
            ],
            [
              -90.00758851296666,
              27.6311745816907
            ],
            [
              -90.00776398913581,
              27.55136344223849
            ],
            [
              -90.0078555429439,
              27.511457416180626
            ]
          ]
        ]
      },
      "properties": {
        "layer": "hourly_backtrack_corridor",
        "step_index": 0,
        "timestamp": "2026-09-26T09:44:47Z",
        "hours_prior": 0,
        "active_particles": 500,
        "centroid_latitude": 27.559375572204587,
        "centroid_longitude": -90.38430099487304
      }
    },
    {
      "type": "Feature",
      "geometry": {
        "type": "Polygon",
        "coordinates": [
          [
            [
              -90.17840078356274,
              27.500933887592982
            ],
            [
              -90.17845736931042,
              27.500933806075746
            ],
            [
              -90.27251254509167,
              27.50133053459137
            ],
            [
              -90.27277902092754,
              27.50133876637373
            ],
            [
              -90.32181313957989,
              27.504163549698927
            ],
            [
              -90.32229497055906,
              27.50421482522705
            ],
            [
              -90.32276957566259,
              27.50431249952239
            ],
            [
              -90.32323249758403,
              27.504455655265975
            ],
            [
              -90.32367938874083,
              27.504642947994764
            ],
            [
              -90.32410605210511,
              27.50487261872832
            ],
            [
              -90.32450848062058,
              27.50514251048849
            ],
            [
              -90.32488289483521,
              27.505450088556874
            ],
            [
              -90.36705818780396,
              27.543665725763905
            ],
            [
              -90.36745613631068,
              27.54406970629684
            ],
            [
              -90.36780578254411,
              27.544516148674354
            ],
            [
              -90.36810262916859,
              27.544999310517348
            ],
            [
              -90.45678671119984,
              27.7095996828318
            ],
            [
              -90.45699696563408,
              27.710040143378112
            ],
            [
              -90.45716327448002,
              27.71049900478174
            ],
            [
              -90.45728405306434,
              27.710971894783267
            ],
            [
              -90.48557384798622,
              27.849651399177798
            ],
            [
              -90.48564748613886,
              27.85012941209252
            ],
            [
              -90.4856745955486,
              27.85061230338885
            ],
            [
              -90.48565492255926,
              27.851095554770286
            ],
            [
              -90.47881898505926,
              27.927639362753684
            ],
            [
              -90.47874392575055,
              27.928164029051697
            ],
            [
              -90.47861375082593,
              27.92867780245807
            ],
            [
              -90.47842992297576,
              27.929174910037577
            ],
            [
              -90.47819450775322,
              27.92964976611797
            ],
            [
              -90.464103016054,
              27.954649384648242
            ],
            [
              -90.46385620255641,
              27.955043255557776
            ],
            [
              -90.46357387985127,
              27.955412504912722
            ],
            [
              -90.4632584877849,
              27.955753941642495
            ],
            [
              -90.46291275199061,
              27.95606461503454
            ],
            [
              -90.46253966033372,
              27.956341840234543
            ],
            [
              -90.46214243709012,
              27.956583221449062
            ],
            [
              -90.46172451508212,
              27.956786672650093
            ],
            [
              -90.46128950601171,
              27.956950435602625
            ],
            [
              -90.34499464517187,
              27.994658718073328
            ],
            [
              -90.34453507208725,
              27.99478388315311
            ],
            [
              -90.34406567429555,
              27.994864749898003
            ],
            [
              -90.34359071155761,
              27.99490058444644
            ],
            [
              -90.26843354603027,
              27.996979594456207
            ],
            [
              -90.26823733302221,
              27.99698117045743
            ],
            [
              -90.199458341323,
              27.996183898728916
            ],
            [
              -90.19919978252993,
              27.99617420646059
            ],
            [
              -90.15920649639712,
              27.99363743277895
            ],
            [
              -90.15869356683801,
              27.993578183361226
            ],
            [
              -90.15818948270322,
              27.993466351294376
            ],
            [
              -90.1576996196917,
              27.993303129187886
            ],
            [
              -90.0162201275042,
              27.93789274405605
            ],
            [
              -90.01574856762053,
              27.937679282740397
            ],
            [
              -90.01530160358895,
              27.9374182126126
            ],
            [
              -90.01488402569206,
              27.937112331659975
            ],
            [
              -90.01450030927012,
              27.936764918124403
            ],
            [
              -90.0141545667572,
              27.936379695368167
            ],
            [
              -90.0138505036066,
              27.93596079196927
            ],
            [
              -89.99924784247379,
              27.91348078098294
            ],
            [
              -89.99902490599231,
              27.913102139932047
            ],
            [
              -89.99883607296735,
              27.91270538836132
            ],
            [
              -89.99868280171646,
              27.91229359029935
            ],
            [
              -89.99856627592115,
              27.911869925975598
            ],
            [
              -89.99345458158521,
              27.889479560375012
            ],
            [
              -89.9933689324367,
              27.888996077285032
            ],
            [
              -89.99333111809608,
              27.88850652468257
            ],
            [
              -89.99109570549842,
              27.808601968408155
            ],
            [
              -89.99109395987081,
              27.80850795412327
            ],
            [
              -89.99001058584737,
              27.690269505026592
            ],
            [
              -89.99001069851406,
              27.690166902379524
            ],
            [
              -89.99134584255702,
              27.572626542882453
            ],
            [
              -89.99134727940783,
              27.57255070408401
            ],
            [
              -89.99303337559924,
              27.509009291730493
            ],
            [
              -89.99307037222884,
              27.508520586218204
            ],
            [
              -89.99315503685345,
              27.50803785054552
            ],
            [
              -89.99328655600917,
              27.507565722872084
            ],
            [
              -89.99346366605033,
              27.507108739435118
            ],
            [
              -89.99368466529071,
              27.5066712909649
            ],
            [
              -89.99394743035343,
              27.506257580498325
            ],
            [
              -89.99424943657257,
              27.505871582995812
            ],
            [
              -89.99458778225028,
              27.505517007149596
            ],
            [
              -89.99495921653654,
              27.50519725975034
            ],
            [
              -89.99536017066357,
              27.504915412954436
            ],
            [
              -89.9957867922348,
              27.504674174766514
            ],
            [
              -89.99967778344573,
              27.50271914241788
            ],
            [
              -90.00009634032078,
              27.502532349018534
            ],
            [
              -90.00053024380271,
              27.502384668958793
            ],
            [
              -90.0009758476855,
              27.502277343233384
            ],
            [
              -90.00142940744148,
              27.50221127372884
            ],
            [
              -90.00188711168774,
              27.50218701564474
            ],
            [
              -90.17840078356274,
              27.500933887592982
            ]
          ]
        ]
      },
      "properties": {
        "layer": "hourly_backtrack_corridor",
        "step_index": 1,
        "timestamp": "2026-09-26T08:44:47Z",
        "hours_prior": 1,
        "active_particles": 500,
        "centroid_latitude": 27.535206489562988,
        "centroid_longitude": -90.2572691345215
      }
    },
    {
      "type": "Feature",
      "geometry": {
        "type": "Polygon",
        "coordinates": [
          [
            [
              -90.16174389175698,
              27.497089516174473
            ],
            [
              -90.1619227623022,
              27.49708919346984
            ],
            [
              -90.25619156113032,
              27.498605535632926
            ],
            [
              -90.2562989482464,
              27.49860841716607
            ],
            [
              -90.28365032764093,
              27.499636478079157
            ],
            [
              -90.28416508567639,
              27.499682555130427
            ],
            [
              -90.30597752464124,
              27.50277818196148
            ],
            [
              -90.30647392542177,
              27.502874455728435
            ],
            [
              -90.3128292110663,
              27.50444420365324
            ],
            [
              -90.31334642464309,
              27.504602077014557
            ],
            [
              -90.31384356350392,
              27.504814884052234
            ],
            [
              -90.3143148124389,
              27.50508013548674
            ],
            [
              -90.31475465908181,
              27.5053947285778
            ],
            [
              -90.36040132656228,
              27.541929991639325
            ],
            [
              -90.36080340468735,
              27.542289031102705
            ],
            [
              -90.36116449427735,
              27.54268926911054
            ],
            [
              -90.36148039837128,
              27.543126053677973
            ],
            [
              -90.36174744520129,
              27.543594308037804
            ],
            [
              -90.44471711072863,
              27.709236092705773
            ],
            [
              -90.4449092646565,
              27.709669994033813
            ],
            [
              -90.4450594183526,
              27.710120157739613
            ],
            [
              -90.44516621927153,
              27.710582528865643
            ],
            [
              -90.4705263266934,
              27.850318704402753
            ],
            [
              -90.47058535732195,
              27.85075017354377
            ],
            [
              -90.4706066197293,
              27.851185142674616
            ],
            [
              -90.47069817246367,
              27.86852103439825
            ],
            [
              -90.47067916202188,
              27.86898383114645
            ],
            [
              -90.46520888614297,
              27.93142088864157
            ],
            [
              -90.46514177244283,
              27.93190889377902
            ],
            [
              -90.46502696469902,
              27.93238792660137
            ],
            [
              -90.46486557725048,
              27.932853337553517
            ],
            [
              -90.46465917654486,
              27.93330060929602
            ],
            [
              -90.46440976593432,
              27.933725400550966
            ],
            [
              -90.46411976623082,
              27.934123588238997
            ],
            [
              -90.46379199220934,
              27.93449130749844
            ],
            [
              -90.46342962528729,
              27.934824989198166
            ],
            [
              -90.46303618264533,
              27.93512139458005
            ],
            [
              -90.46261548308908,
              27.93537764669477
            ],
            [
              -90.40051984099924,
              27.969124366055123
            ],
            [
              -90.40014471989315,
              27.969308362227956
            ],
            [
              -90.39975554659546,
              27.96946039702732
            ],
            [
              -90.33766753390015,
              27.990771203301733
            ],
            [
              -90.33725070232244,
              27.990894302709375
            ],
            [
              -90.33682475515796,
              27.990980737895626
            ],
            [
              -90.33639291089807,
              27.991029855749197
            ],
            [
              -90.25528481763635,
              27.996698495885916
            ],
            [
              -90.25479536264477,
              27.99670867841752
            ],
            [
              -90.18407087534008,
              27.99471549909623
            ],
            [
              -90.1836266738972,
              27.994683136371517
            ],
            [
              -90.1831871145841,
              27.99461137372037
            ],
            [
              -90.07733689485754,
              27.972449889955723
            ],
            [
              -90.07689715909297,
              27.972336760450286
            ],
            [
              -90.07646949930322,
              27.97218420576544
            ],
            [
              -90.07605744224165,
              27.971993483963693
            ],
            [
              -90.00642395835493,
              27.9358377832801
            ],
            [
              -90.00598750945447,
              27.93558235140318
            ],
            [
              -90.00557909419794,
              27.935284139960253
            ],
            [
              -90.0052028903971,
              27.934946199452618
            ],
            [
              -90.00486274636233,
              27.93457198678304
            ],
            [
              -90.00456214153698,
              27.934165329893965
            ],
            [
              -90.00430415090503,
              27.93373038861024
            ],
            [
              -89.98109553274097,
              27.889666820495005
            ],
            [
              -89.98087641089505,
              27.88919214652473
            ],
            [
              -89.98070805183367,
              27.888697186942686
            ],
            [
              -89.98059229625851,
              27.888187353236237
            ],
            [
              -89.9805304097473,
              27.887668219514406
            ],
            [
              -89.97791352742308,
              27.84828337759546
            ],
            [
              -89.97790289317622,
              27.848012412367392
            ],
            [
              -89.97597265635982,
              27.688561881361533
            ],
            [
              -89.97597264833306,
              27.688441501440977
            ],
            [
              -89.97816228456352,
              27.50554774838922
            ],
            [
              -89.97819114822133,
              27.50506782206532
            ],
            [
              -89.9782659741559,
              27.50459288684171
            ],
            [
              -89.9783860704896,
              27.50412733420479
            ],
            [
              -89.9785503267522,
              27.503675468884907
            ],
            [
              -89.97875722414891,
              27.50324146905271
            ],
            [
              -89.9790048496039,
              27.502829347685687
            ],
            [
              -89.97929091344949,
              27.502442915462193
            ],
            [
              -89.97961277059765,
              27.50208574552604
            ],
            [
              -89.9799674449977,
              27.501761140447428
            ],
            [
              -89.98035165715442,
              27.501472101685753
            ],
            [
              -89.9807618544518,
              27.50122130183662
            ],
            [
              -89.98119424400241,
              27.501011059919698
            ],
            [
              -89.98164482771823,
              27.500843319935928
            ],
            [
              -89.98210943927894,
              27.500719632892306
            ],
            [
              -89.98258378265587,
              27.500641142460527
            ],
            [
              -89.98306347183511,
              27.500608574402012
            ],
            [
              -90.16174389175698,
              27.497089516174473
            ]
          ]
        ]
      },
      "properties": {
        "layer": "hourly_backtrack_corridor",
        "step_index": 2,
        "timestamp": "2026-09-26T07:44:47Z",
        "hours_prior": 2,
        "active_particles": 500,
        "centroid_latitude": 27.53146587371826,
        "centroid_longitude": -90.24272430419921
      }
    },
    {
      "type": "Feature",
      "geometry": {
        "type": "Polygon",
        "coordinates": [
          [
            [
              -90.2176390764563,
              27.492988989966687
            ],
            [
              -90.21814088444121,
              27.49300300662839
            ],
            [
              -90.3037579498709,
              27.499707337072724
            ],
            [
              -90.30427397021197,
              27.499774911809794
            ],
            [
              -90.30478017133946,
              27.499895757811004
            ],
            [
              -90.30527106920526,
              27.500068565862986
            ],
            [
              -90.30574134555273,
              27.500291463809354
            ],
            [
              -90.30618590553325,
              27.500562036833163
            ],
            [
              -90.30659993290244,
              27.500877353618378
            ],
            [
              -90.30697894219816,
              27.50123399810698
            ],
            [
              -90.34885668878019,
              27.544967594908737
            ],
            [
              -90.34915929069527,
              27.545314218684492
            ],
            [
              -90.34942874695767,
              27.54568719225404
            ],
            [
              -90.34966277563974,
              27.54608335703907
            ],
            [
              -90.43414306128427,
              27.70540609568653
            ],
            [
              -90.43436858928817,
              27.70589285746704
            ],
            [
              -90.43454066775656,
              27.706400980397255
            ],
            [
              -90.43465731572275,
              27.706924614967818
            ],
            [
              -90.45853732060556,
              27.849882302345748
            ],
            [
              -90.45858847322968,
              27.85029198556118
            ],
            [
              -90.45860565159686,
              27.850704492326777
            ],
            [
              -90.45863616917498,
              27.9455893647633
            ],
            [
              -90.4585997039461,
              27.94619373748388
            ],
            [
              -90.45612015072345,
              27.96661190459814
            ],
            [
              -90.45601863333434,
              27.967175668836298
            ],
            [
              -90.45150966116637,
              27.9859687749154
            ],
            [
              -90.45137077267644,
              27.986442994676448
            ],
            [
              -90.45118575350357,
              27.98690118928583
            ],
            [
              -90.45095641072552,
              27.987338883567904
            ],
            [
              -90.45068498432767,
              27.987751802573214
            ],
            [
              -90.45037412532506,
              27.98813591333184
            ],
            [
              -90.45002686987002,
              27.988487464243306
            ],
            [
              -90.44964660959819,
              27.988803021718375
            ],
            [
              -90.44923705850243,
              27.989079503714834
            ],
            [
              -90.44880221665838,
              27.98931420983972
            ],
            [
              -90.44834633115578,
              27.989504847723992
            ],
            [
              -90.4478738546173,
              27.98964955541206
            ],
            [
              -90.44738940170984,
              27.98974691954744
            ],
            [
              -90.44689770407322,
              27.989795989176976
            ],
            [
              -90.40602703756932,
              27.991842574259984
            ],
            [
              -90.40583332666192,
              27.99184851364431
            ],
            [
              -90.24472340234551,
              27.993664309542748
            ],
            [
              -90.24469372993126,
              27.993664555910012
            ],
            [
              -90.0201911664547,
              27.99486237085142
            ],
            [
              -90.02010457669243,
              27.994862083046314
            ],
            [
              -90.00164144192681,
              27.994640830604908
            ],
            [
              -90.00109173737005,
              27.99460388706437
            ],
            [
              -89.97062756500677,
              27.99086166904679
            ],
            [
              -89.97013106837089,
              27.99077508797072
            ],
            [
              -89.96964581008548,
              27.99063896453919
            ],
            [
              -89.96917672047552,
              27.99045468179453
            ],
            [
              -89.96872856558882,
              27.990224112087706
            ],
            [
              -89.96830589877216,
              27.98994959805482
            ],
            [
              -89.96791301440814,
              27.98963392881546
            ],
            [
              -89.9675539042835,
              27.989280311634666
            ],
            [
              -89.96723221703172,
              27.988892339336424
            ],
            [
              -89.96695122106205,
              27.98847395379987
            ],
            [
              -89.96671377135192,
              27.988029405908943
            ],
            [
              -89.9665222804397,
              27.987563212362545
            ],
            [
              -89.96637869391283,
              27.987080109783925
            ],
            [
              -89.96628447064023,
              27.98658500659562
            ],
            [
              -89.96624056794994,
              27.986082933148854
            ],
            [
              -89.96392123201244,
              27.923087022504323
            ],
            [
              -89.96391813346023,
              27.922956612038917
            ],
            [
              -89.96137754508132,
              27.685758736062354
            ],
            [
              -89.96138934710122,
              27.685357705634576
            ],
            [
              -89.96143326422465,
              27.684958912482745
            ],
            [
              -89.973113867252,
              27.60757587110091
            ],
            [
              -89.9732036231021,
              27.60712365648972
            ],
            [
              -89.97333465049472,
              27.606681631615327
            ],
            [
              -89.97350583541315,
              27.606253554646898
            ],
            [
              -89.97371572241468,
              27.605843065166173
            ],
            [
              -89.97396252700504,
              27.60545365322314
            ],
            [
              -89.97424415081046,
              27.605088629663047
            ],
            [
              -89.9745581994184,
              27.60475109797705
            ],
            [
              -90.01845010615668,
              27.561736571609863
            ],
            [
              -90.0185495151139,
              27.561641791242508
            ],
            [
              -90.08552796970375,
              27.49951563157454
            ],
            [
              -90.08553829021348,
              27.499506085697057
            ],
            [
              -90.08811702556504,
              27.49712762195194
            ],
            [
              -90.08851387192817,
              27.496797817658457
            ],
            [
              -90.0889425956048,
              27.496510669757512
            ],
            [
              -90.0893986305522,
              27.496269236465086
            ],
            [
              -90.08987711985388,
              27.49607608912211
            ],
            [
              -90.09037296744745,
              27.495933284808878
            ],
            [
              -90.0908808923992,
              27.495842344436504
            ],
            [
              -90.0913954851477,
              27.495804236548718
            ],
            [
              -90.2176390764563,
              27.492988989966687
            ]
          ]
        ]
      },
      "properties": {
        "layer": "hourly_backtrack_corridor",
        "step_index": 3,
        "timestamp": "2026-09-26T06:44:47Z",
        "hours_prior": 3,
        "active_particles": 500,
        "centroid_latitude": 27.861975021362305,
        "centroid_longitude": -90.32694885253906
      }
    },
    {
      "type": "Feature",
      "geometry": {
        "type": "Polygon",
        "coordinates": [
          [
            [
              -90.20787813669139,
              27.48887592431059
            ],
            [
              -90.20834263759491,
              27.488883336141733
            ],
            [
              -90.26045903163788,
              27.492141087606576
            ],
            [
              -90.26053670055515,
              27.492146550037656
            ],
            [
              -90.29579976207859,
              27.49490266881207
            ],
            [
              -90.29631406214347,
              27.494969849717688
            ],
            [
              -90.29681863553624,
              27.495089947686537
            ],
            [
              -90.29730805268731,
              27.49526167037882
            ],
            [
              -90.29777704711908,
              27.49548316993589
            ],
            [
              -90.29822057211695,
              27.495752062864533
            ],
            [
              -90.29863385503562,
              27.49606545568505
            ],
            [
              -90.2990124486561,
              27.49641997606717
            ],
            [
              -90.29935227904103,
              27.49681180911873
            ],
            [
              -90.33711778197072,
              27.545216502722244
            ],
            [
              -90.33735098086443,
              27.54554139853435
            ],
            [
              -90.337557467885,
              27.5458838925096
            ],
            [
              -90.42199197716235,
              27.699511288139483
            ],
            [
              -90.42222801692652,
              27.700002402693425
            ],
            [
              -90.4224092135937,
              27.700516285990656
            ],
            [
              -90.42253341521226,
              27.701046834983032
            ],
            [
              -90.44851150359116,
              27.847596059836548
            ],
            [
              -90.44857536464733,
              27.848109955103837
            ],
            [
              -90.4485857306776,
              27.848627699370493
            ],
            [
              -90.44854249048909,
              27.849143738968138
            ],
            [
              -90.44844610790472,
              27.8496525385138
            ],
            [
              -90.44305975536565,
              27.871756801819465
            ],
            [
              -90.44290456840663,
              27.872271557959415
            ],
            [
              -90.44269500795178,
              27.872766675411775
            ],
            [
              -90.44243349699673,
              27.873236429492383
            ],
            [
              -90.43510927824673,
              27.884873163501172
            ],
            [
              -90.43484162730692,
              27.885257262979316
            ],
            [
              -90.43453922537215,
              27.88561464583358
            ],
            [
              -90.43420472353282,
              27.885942178968044
            ],
            [
              -90.4338410542921,
              27.886236990972627
            ],
            [
              -90.37836009726085,
              27.927061881109346
            ],
            [
              -90.37833835220601,
              27.927077791769
            ],
            [
              -90.35377170181539,
              27.944951555807087
            ],
            [
              -90.35336799082184,
              27.94521644769196
            ],
            [
              -90.35294061122634,
              27.945441162974824
            ],
            [
              -90.29823785243728,
              27.9709118966174
            ],
            [
              -90.29786925627523,
              27.971065918864543
            ],
            [
              -90.29748954056441,
              27.971190023506875
            ],
            [
              -90.23167838333785,
              27.989824819649453
            ],
            [
              -90.23126805141405,
              27.989922516238227
            ],
            [
              -90.23085094520205,
              27.98998528023319
            ],
            [
              -90.23043003311182,
              27.990012664963295
            ],
            [
              -90.09587803115869,
              27.993077774216225
            ],
            [
              -90.09542526382278,
              27.99306757275136
            ],
            [
              -90.00813736099074,
              27.987137625851947
            ],
            [
              -90.00765422827654,
              27.987081088079353
            ],
            [
              -90.00717887569701,
              27.98697787148963
            ],
            [
              -90.00671580225018,
              27.986828952981302
            ],
            [
              -90.00626939071769,
              27.986635742000974
            ],
            [
              -90.00584386618358,
              27.98640006720355
            ],
            [
              -89.96339391501171,
              27.96011298834613
            ],
            [
              -89.96302117137041,
              27.959858189047065
            ],
            [
              -89.96267293286087,
              27.959570803512623
            ],
            [
              -89.96235203916623,
              27.959253175205205
            ],
            [
              -89.96206110698851,
              27.958907894199502
            ],
            [
              -89.96180250871095,
              27.95853777606192
            ],
            [
              -89.96157835305254,
              27.95814583889127
            ],
            [
              -89.95549772561114,
              27.946303111230137
            ],
            [
              -89.95530761464838,
              27.945887033277565
            ],
            [
              -89.95515632670117,
              27.945455321570737
            ],
            [
              -89.95504512812857,
              27.945011589761837
            ],
            [
              -89.95497494972062,
              27.944559552117564
            ],
            [
              -89.95209103858781,
              27.918024517937877
            ],
            [
              -89.95206261076797,
              27.917576104945322
            ],
            [
              -89.94778252043594,
              27.68454960042872
            ],
            [
              -89.94778951066324,
              27.68417800614945
            ],
            [
              -89.95469411271402,
              27.560974728561558
            ],
            [
              -89.95469553485975,
              27.56095041260017
            ],
            [
              -89.95806009784803,
              27.505730762331616
            ],
            [
              -89.95811375432004,
              27.50524417893943
            ],
            [
              -89.95821473621928,
              27.504765174690426
            ],
            [
              -89.9583620755639,
              27.504298341173993
            ],
            [
              -89.95855436000365,
              27.503848153314575
            ],
            [
              -89.95878974635822,
              27.503418926476392
            ],
            [
              -89.96171943385822,
              27.498646740197096
            ],
            [
              -89.96199875974568,
              27.498238510805336
            ],
            [
              -89.96231705508714,
              27.497859878710408
            ],
            [
              -89.96267120473642,
              27.497514549572326
            ],
            [
              -89.96305774264245,
              27.497205903116146
            ],
            [
              -89.96347288577125,
              27.496936960054704
            ],
            [
              -89.96391257113056,
              27.496710352525003
            ],
            [
              -89.96437249553402,
              27.496528298327572
            ],
            [
              -89.96484815771645,
              27.49639257922093
            ],
            [
              -89.96533490238753,
              27.496304523483563
            ],
            [
              -89.96582796579295,
              27.496264992914107
            ],
            [
              -90.20787813669139,
              27.48887592431059
            ]
          ]
        ]
      },
      "properties": {
        "layer": "hourly_backtrack_corridor",
        "step_index": 4,
        "timestamp": "2026-09-26T05:44:47Z",
        "hours_prior": 4,
        "active_particles": 500,
        "centroid_latitude": 27.523586235046388,
        "centroid_longitude": -90.11965591430663
      }
    },
    {
      "type": "Feature",
      "geometry": {
        "type": "Polygon",
        "coordinates": [
          [
            [
              -90.1975821680553,
              27.48374914283839
            ],
            [
              -90.19795898777662,
              27.483747523209313
            ],
            [
              -90.1983348593382,
              27.483774286892878
            ],
            [
              -90.28402058931867,
              27.493131739285456
            ],
            [
              -90.28451183826108,
              27.493210283559247
            ],
            [
              -90.28499285027654,
              27.49333725665617
            ],
            [
              -90.28545886344757,
              27.49351140156935
            ],
            [
              -90.28590526434209,
              27.49373099430088
            ],
            [
              -90.28632763368539,
              27.493993860929034
            ],
            [
              -90.28672179011008,
              27.494297399129657
            ],
            [
              -90.2870838315507,
              27.494638603938583
            ],
            [
              -90.33048745703898,
              27.539827507747177
            ],
            [
              -90.33082324794447,
              27.54021507122606
            ],
            [
              -90.33111757685305,
              27.540634989641873
            ],
            [
              -90.33136734788398,
              27.54108284610825
            ],
            [
              -90.40796646897773,
              27.69669006961899
            ],
            [
              -90.40814898060826,
              27.697107905724536
            ],
            [
              -90.40829266986738,
              27.697540630698605
            ],
            [
              -90.40839634184958,
              27.697984646043473
            ],
            [
              -90.43954715972068,
              27.86558527775734
            ],
            [
              -90.43960860319555,
              27.866022578277523
            ],
            [
              -90.43963122267452,
              27.86646359460911
            ],
            [
              -90.43961484171928,
              27.866904886700432
            ],
            [
              -90.43955958810587,
              27.867343012348805
            ],
            [
              -90.43031276193399,
              27.921332422749195
            ],
            [
              -90.43021290770746,
              27.92178708248816
            ],
            [
              -90.43007120366644,
              27.92223048558868
            ],
            [
              -90.42988887802419,
              27.922658788874873
            ],
            [
              -90.42966751107976,
              27.923068280047797
            ],
            [
              -90.42940902152091,
              27.923455409861635
            ],
            [
              -90.42911564979397,
              27.92381682288661
            ],
            [
              -90.38977849159085,
              27.967912815928603
            ],
            [
              -90.38942560867139,
              27.968270467524402
            ],
            [
              -90.3890386134436,
              27.968590898035583
            ],
            [
              -90.38862141364626,
              27.968870871869957
            ],
            [
              -90.38817822201307,
              27.969107561952324
            ],
            [
              -90.38771351373391,
              27.969298578271264
            ],
            [
              -90.38723198126603,
              27.969441992012612
            ],
            [
              -90.38673848695132,
              27.969536355035924
            ],
            [
              -90.30266255921694,
              27.981270363824986
            ],
            [
              -90.30236170868179,
              27.98130310479279
            ],
            [
              -90.21746180633804,
              27.98795021477814
            ],
            [
              -90.21744045387003,
              27.98795184054003
            ],
            [
              -90.17982753883096,
              27.990734662195305
            ],
            [
              -90.17940561790701,
              27.99074801010501
            ],
            [
              -90.17898407475921,
              27.990725720930442
            ],
            [
              -90.1785659140701,
              27.990667953544765
            ],
            [
              -90.1138686484451,
              27.978928222709804
            ],
            [
              -90.11369184064735,
              27.978892835389278
            ],
            [
              -90.06826642560829,
              27.96894601226916
            ],
            [
              -90.06779404154275,
              27.968818054633736
            ],
            [
              -90.0673364300655,
              27.968644527697194
            ],
            [
              -90.066897975458,
              27.96842709398545
            ],
            [
              -89.95897256041894,
              27.908152969839943
            ],
            [
              -89.95851841684268,
              27.907866304505834
            ],
            [
              -89.95809763930401,
              27.90753258356761
            ],
            [
              -89.95771508228654,
              27.907155657142397
            ],
            [
              -89.94419579517717,
              27.892322206825014
            ],
            [
              -89.94386769730788,
              27.891922519316616
            ],
            [
              -89.94358263493051,
              27.891491082464672
            ],
            [
              -89.94334365705305,
              27.891032510888696
            ],
            [
              -89.94315331976678,
              27.890551709439382
            ],
            [
              -89.94301365890651,
              27.890053820736647
            ],
            [
              -89.94292616827538,
              27.88954417016452
            ],
            [
              -89.94289178366728,
              27.889028208911196
            ],
            [
              -89.93980187888212,
              27.680404322802797
            ],
            [
              -89.93980745097193,
              27.680082957674976
            ],
            [
              -89.94481233378443,
              27.57902399771404
            ],
            [
              -89.94481391914384,
              27.578993830906196
            ],
            [
              -89.94913978584306,
              27.501166377292915
            ],
            [
              -89.9491945325558,
              27.50065606569197
            ],
            [
              -89.94930130425794,
              27.500154054799427
            ],
            [
              -89.94945897593821,
              27.499665634105916
            ],
            [
              -89.94966588627237,
              27.49919594990751
            ],
            [
              -89.94991985512786,
              27.49874995108122
            ],
            [
              -89.95021820653511,
              27.49833233694065
            ],
            [
              -89.95055779688309,
              27.497947507721165
            ],
            [
              -89.95093504804235,
              27.497599518216365
            ],
            [
              -89.95134598506631,
              27.497292035054304
            ],
            [
              -89.95525986446084,
              27.49466561598692
            ],
            [
              -89.95565091348675,
              27.494428394437428
            ],
            [
              -89.95606200362559,
              27.494227899295428
            ],
            [
              -89.95648969498352,
              27.494065808251374
            ],
            [
              -89.9569304087521,
              27.49394347764036
            ],
            [
              -89.9573804571548,
              27.49386193109266
            ],
            [
              -89.9578360743053,
              27.493821850968274
            ],
            [
              -90.1975821680553,
              27.48374914283839
            ]
          ]
        ]
      },
      "properties": {
        "layer": "hourly_backtrack_corridor",
        "step_index": 5,
        "timestamp": "2026-09-26T04:44:47Z",
        "hours_prior": 5,
        "active_particles": 500,
        "centroid_latitude": 27.498745079040525,
        "centroid_longitude": -90.22890274047852
      }
    },
    {
      "type": "Feature",
      "geometry": {
        "type": "Polygon",
        "coordinates": [
          [
            [
              -90.18527011837298,
              27.480823798360714
            ],
            [
              -90.18574180910339,
              27.4808213756253
            ],
            [
              -90.18621162913374,
              27.480863413154673
            ],
            [
              -90.2571268513017,
              27.490598520576548
            ],
            [
              -90.25719535803785,
              27.490608408639506
            ],
            [
              -90.2726143643855,
              27.49294300336607
            ],
            [
              -90.27307026456076,
              27.493033888107394
            ],
            [
              -90.27351575348979,
              27.493166721160925
            ],
            [
              -90.2739469802771,
              27.49334035429115
            ],
            [
              -90.27436021731198,
              27.49355328657852
            ],
            [
              -90.27475189249076,
              27.493803677393707
            ],
            [
              -90.27511862009476,
              27.49408936230837
            ],
            [
              -90.27545723005714,
              27.494407871804896
            ],
            [
              -90.31876930281105,
              27.53912184580392
            ],
            [
              -90.31911241559973,
              27.53951522662709
            ],
            [
              -90.3194126463158,
              27.539942235262753
            ],
            [
              -90.31966672274636,
              27.540398217746215
            ],
            [
              -90.39615140292214,
              27.69628391415735
            ],
            [
              -90.39633902306855,
              27.696716852111248
            ],
            [
              -90.39648499747842,
              27.69716554806947
            ],
            [
              -90.39658802618197,
              27.697626006186468
            ],
            [
              -90.42155903448275,
              27.840587508261663
            ],
            [
              -90.42158916880146,
              27.84078270096846
            ],
            [
              -90.4252131312038,
              27.867783128214555
            ],
            [
              -90.42524929023878,
              27.868160659326293
            ],
            [
              -90.42525672945861,
              27.86853984513055
            ],
            [
              -90.42475318941955,
              27.896024738929377
            ],
            [
              -90.42475173482106,
              27.896084576911218
            ],
            [
              -90.42256209859059,
              27.96835210925985
            ],
            [
              -90.42252425759229,
              27.968832928955635
            ],
            [
              -90.4224402661325,
              27.969307865746888
            ],
            [
              -90.42231090573333,
              27.96977250045086
            ],
            [
              -90.42213738006494,
              27.97022250974345
            ],
            [
              -90.42192130374566,
              27.970653706386823
            ],
            [
              -90.4216646873183,
              27.97106207819071
            ],
            [
              -90.42136991854245,
              27.971443825344974
            ],
            [
              -90.42103974017698,
              27.97179539577601
            ],
            [
              -90.42067722445921,
              27.972113518198004
            ],
            [
              -90.42028574451845,
              27.972395232551545
            ],
            [
              -90.41986894298975,
              27.972637917546308
            ],
            [
              -90.38205003429835,
              27.99227979376701
            ],
            [
              -90.38159682927186,
              27.992487182345613
            ],
            [
              -90.38112522891595,
              27.992648421059528
            ],
            [
              -90.38063991914262,
              27.992761907809818
            ],
            [
              -90.38014572208337,
              27.99282651497026
            ],
            [
              -90.37964754817538,
              27.99284160059165
            ],
            [
              -90.07238131282382,
              27.986822008306493
            ],
            [
              -90.07220973919748,
              27.986815698743783
            ],
            [
              -89.94090785931466,
              27.97972799122425
            ],
            [
              -89.9404036102806,
              27.979675027082997
            ],
            [
              -89.93990731771494,
              27.979571267852677
            ],
            [
              -89.9394240849403,
              27.979417780478197
            ],
            [
              -89.9389588809869,
              27.979216143253588
            ],
            [
              -89.93851648949654,
              27.97896842959256
            ],
            [
              -89.93810145953292,
              27.97867718670782
            ],
            [
              -89.93771805880415,
              27.97834540941837
            ],
            [
              -89.93737022977835,
              27.977976509354093
            ],
            [
              -89.93706154914368,
              27.97757427987434
            ],
            [
              -89.9367951910296,
              27.977142857061228
            ],
            [
              -89.93657389436773,
              27.976686677188752
            ],
            [
              -89.93639993472763,
              27.976210431105066
            ],
            [
              -89.93627510091741,
              27.975719015996997
            ],
            [
              -89.9287754060932,
              27.93834642688567
            ],
            [
              -89.92870551315855,
              27.93788957044442
            ],
            [
              -89.92867810292339,
              27.9374282121138
            ],
            [
              -89.92526776356792,
              27.67728302473587
            ],
            [
              -89.92528420420678,
              27.676807096362356
            ],
            [
              -89.925345847436,
              27.676334890661828
            ],
            [
              -89.9254521340822,
              27.675870691070962
            ],
            [
              -89.92560210000599,
              27.675418708402017
            ],
            [
              -89.94710936318958,
              27.619638297635415
            ],
            [
              -89.94728975271472,
              27.619226604425652
            ],
            [
              -89.9475063854662,
              27.618832774601067
            ],
            [
              -89.98665280880604,
              27.554675288639153
            ],
            [
              -89.98707452627245,
              27.554085141284972
            ],
            [
              -90.03226343008104,
              27.499672299488097
            ],
            [
              -90.03257836631136,
              27.4993272396544
            ],
            [
              -90.03292413320099,
              27.49901307986061
            ],
            [
              -90.03329771218952,
              27.498732562735782
            ],
            [
              -90.03369584191569,
              27.49848813720696
            ],
            [
              -90.03411504668917,
              27.498281937119934
            ],
            [
              -90.05821630401338,
              27.48779533433673
            ],
            [
              -90.05863417113403,
              27.48763535160936
            ],
            [
              -90.05906466742182,
              27.487513366570273
            ],
            [
              -90.05950434533501,
              27.48743035611178
            ],
            [
              -90.05994968380267,
              27.48738698500622
            ],
            [
              -90.18527011837298,
              27.480823798360714
            ]
          ]
        ]
      },
      "properties": {
        "layer": "hourly_backtrack_corridor",
        "step_index": 6,
        "timestamp": "2026-09-26T03:44:47Z",
        "hours_prior": 6,
        "active_particles": 500,
        "centroid_latitude": 27.877396926879882,
        "centroid_longitude": -90.41045776367187
      }
    },
    {
      "type": "Feature",
      "geometry": {
        "type": "Polygon",
        "coordinates": [
          [
            [
              -90.17882637102018,
              27.478133590761516
            ],
            [
              -90.17946110550214,
              27.47816734162635
            ],
            [
              -90.24564610306074,
              27.485928343213264
            ],
            [
              -90.24596849552074,
              27.485976849480455
            ],
            [
              -90.2646605121223,
              27.489415799065416
            ],
            [
              -90.2651753546164,
              27.48953901440489
            ],
            [
              -90.26567428417914,
              27.489715972323737
            ],
            [
              -90.26615170791362,
              27.489944689160396
            ],
            [
              -90.26660227399883,
              27.490222601046582
            ],
            [
              -90.26702093168241,
              27.4905465926477
            ],
            [
              -90.26740298789859,
              27.490913032085118
            ],
            [
              -90.31043277305484,
              27.536798118144688
            ],
            [
              -90.31074426421715,
              27.53716403715348
            ],
            [
              -90.31101918928869,
              27.537558168692748
            ],
            [
              -90.31125500880341,
              27.53797687219365
            ],
            [
              -90.38863232813935,
              27.692264210450485
            ],
            [
              -90.38882754871541,
              27.692705391891405
            ],
            [
              -90.38897934103954,
              27.693163334275845
            ],
            [
              -90.38908629191222,
              27.693633774121054
            ],
            [
              -90.41484312784972,
              27.839072922070272
            ],
            [
              -90.41491278667633,
              27.839681262922277
            ],
            [
              -90.41788062114898,
              27.895902271223058
            ],
            [
              -90.41788110693808,
              27.89642005483569
            ],
            [
              -90.41782804205074,
              27.896935112330766
            ],
            [
              -90.41097684576168,
              27.940935737941118
            ],
            [
              -90.41096544177168,
              27.941005711146722
            ],
            [
              -90.40657091052168,
              27.96681595284594
            ],
            [
              -90.40646278782303,
              27.967302805988457
            ],
            [
              -90.40630670321028,
              27.967776466303455
            ],
            [
              -90.40610420951619,
              27.968232221505502
            ],
            [
              -90.40585732128166,
              27.96866553744104
            ],
            [
              -90.4055684947138,
              27.96907210319715
            ],
            [
              -90.40524060324995,
              27.969447873989353
            ],
            [
              -90.40487690897079,
              27.969789111401788
            ],
            [
              -90.40448103014705,
              27.97009242057946
            ],
            [
              -90.37271223131893,
              27.992007856370474
            ],
            [
              -90.37226451540523,
              27.99228315056792
            ],
            [
              -90.37179037506192,
              27.99250992660144
            ],
            [
              -90.37129504928254,
              27.992685678718917
            ],
            [
              -90.37078401114815,
              27.992808464954823
            ],
            [
              -90.37026290735284,
              27.992876928587872
            ],
            [
              -90.36973749581081,
              27.992890313132076
            ],
            [
              -90.06260858956081,
              27.984560921652584
            ],
            [
              -90.06247651982855,
              27.984555592173432
            ],
            [
              -90.00717866826605,
              27.98159157239804
            ],
            [
              -90.0071693678805,
              27.98159106520024
            ],
            [
              -89.93093645772424,
              27.977362473281296
            ],
            [
              -89.93044089954965,
              27.977310114875376
            ],
            [
              -89.92995301423659,
              27.97720868890047
            ],
            [
              -89.9294776478388,
              27.97705920279768
            ],
            [
              -89.92901952206243,
              27.976863141378438
            ],
            [
              -89.92858318736653,
              27.976622452076164
            ],
            [
              -89.92817297776425,
              27.976339525602896
            ],
            [
              -89.92779296777415,
              27.976017172202862
            ],
            [
              -89.92744693194895,
              27.97565859373898
            ],
            [
              -89.9271383073837,
              27.975267351889478
            ],
            [
              -89.92687015957591,
              27.97484733277055
            ],
            [
              -89.92664515197671,
              27.97440270833647
            ],
            [
              -89.92646551953534,
              27.973937894940484
            ],
            [
              -89.92633304649993,
              27.973457509468208
            ],
            [
              -89.926249048695,
              27.972966323479152
            ],
            [
              -89.92196132896844,
              27.937262664421535
            ],
            [
              -89.9219271224363,
              27.936787444941483
            ],
            [
              -89.9154802840574,
              27.670370895258866
            ],
            [
              -89.9154971480851,
              27.669822227667673
            ],
            [
              -89.91557405532151,
              27.669278715204115
            ],
            [
              -89.91571007881754,
              27.668746908726543
            ],
            [
              -89.93827782784098,
              27.597145041050762
            ],
            [
              -89.93844321962733,
              27.596696362559545
            ],
            [
              -89.93865071675384,
              27.596265535710376
            ],
            [
              -89.93889842131209,
              27.595856501135675
            ],
            [
              -89.9391840676294,
              27.595473000141045
            ],
            [
              -89.97705638208252,
              27.54940099391546
            ],
            [
              -89.97732280725026,
              27.549102129253
            ],
            [
              -89.97761229081725,
              27.548825539808306
            ],
            [
              -90.054943833786,
              27.480647362928423
            ],
            [
              -90.05534180205534,
              27.480330960657845
            ],
            [
              -90.05576984424566,
              27.48005660865125
            ],
            [
              -90.05622353458666,
              27.4798271435892
            ],
            [
              -90.05669818211732,
              27.47964493804077
            ],
            [
              -90.0571888791883,
              27.479511875932175
            ],
            [
              -90.05769055220509,
              27.479429333067824
            ],
            [
              -90.05819801408659,
              27.47939816290507
            ],
            [
              -90.17882637102018,
              27.478133590761516
            ]
          ]
        ]
      },
      "properties": {
        "layer": "hourly_backtrack_corridor",
        "step_index": 7,
        "timestamp": "2026-09-26T02:44:47Z",
        "hours_prior": 7,
        "active_particles": 500,
        "centroid_latitude": 27.957606620788575,
        "centroid_longitude": -90.40303939819336
      }
    },
    {
      "type": "Feature",
      "geometry": {
        "type": "Polygon",
        "coordinates": [
          [
            [
              -90.17130736343873,
              27.472214286753143
            ],
            [
              -90.17192938005837,
              27.472238424475133
            ],
            [
              -90.23530676042947,
              27.47866618936771
            ],
            [
              -90.23577527187358,
              27.478736262470385
            ],
            [
              -90.23623504892402,
              27.478850360134086
            ],
            [
              -90.236681964379,
              27.47900745815788
            ],
            [
              -90.23711200648918,
              27.479206146346883
            ],
            [
              -90.25594898158684,
              27.48901754771407
            ],
            [
              -90.2564417078274,
              27.48931129097872
            ],
            [
              -90.25689754614103,
              27.489659537565913
            ],
            [
              -90.29983577856291,
              27.52654956747314
            ],
            [
              -90.3002043263455,
              27.526900330096634
            ],
            [
              -90.30053531976343,
              27.52728673046331
            ],
            [
              -90.30082533155351,
              27.52770476760006
            ],
            [
              -90.30107135879577,
              27.528150112951614
            ],
            [
              -90.38276691543639,
              27.695638211096146
            ],
            [
              -90.38295925980216,
              27.696086908718975
            ],
            [
              -90.38310692998007,
              27.696552225203025
            ],
            [
              -90.38320851822495,
              27.697029724669285
            ],
            [
              -90.40604329605698,
              27.837822571348973
            ],
            [
              -90.40610508948899,
              27.83845879497378
            ],
            [
              -90.40810399085618,
              27.899274606131005
            ],
            [
              -90.40809475802432,
              27.899784070907145
            ],
            [
              -90.40803372118667,
              27.90028995044593
            ],
            [
              -90.39690243456558,
              27.9647297240055
            ],
            [
              -90.39679482875925,
              27.965210222269153
            ],
            [
              -90.39664048269694,
              27.965677806362095
            ],
            [
              -90.39644089327359,
              27.966127941511818
            ],
            [
              -90.39619799616807,
              27.96655626217096
            ],
            [
              -90.39591414707023,
              27.966958614355725
            ],
            [
              -90.39559209883481,
              27.967331095932444
            ],
            [
              -90.3952349747834,
              27.967670094461692
            ],
            [
              -90.39484623841349,
              27.9679723222328
            ],
            [
              -90.3633292096049,
              27.99007467818983
            ],
            [
              -90.36288959502724,
              27.990350102382596
            ],
            [
              -90.36242380889396,
              27.990578494021875
            ],
            [
              -90.36193686528962,
              27.990757394522255
            ],
            [
              -90.36143400605427,
              27.990884878059475
            ],
            [
              -90.36092064435618,
              27.99095957230149
            ],
            [
              -90.36040230642035,
              27.990980673181333
            ],
            [
              -90.05170174489692,
              27.98751883541278
            ],
            [
              -90.05129225632389,
              27.987497428342877
            ],
            [
              -89.92618544480045,
              27.975797751829205
            ],
            [
              -89.9256877615241,
              27.97572581301811
            ],
            [
              -89.92519982098467,
              27.97560424877138
            ],
            [
              -89.92472655848282,
              27.975434288657087
            ],
            [
              -89.92427276085743,
              27.975217651745897
            ],
            [
              -89.92384301806882,
              27.97495652922342
            ],
            [
              -89.92344167677341,
              27.974653562227363
            ],
            [
              -89.92307279635916,
              27.974311815133607
            ],
            [
              -89.92274010788675,
              27.97393474456139
            ],
            [
              -89.92244697635152,
              27.97352616441117
            ],
            [
              -89.92219636664804,
              27.973090207288706
            ],
            [
              -89.92199081358154,
              27.972631282705624
            ],
            [
              -89.92183239622952,
              27.97215403247914
            ],
            [
              -89.92172271691273,
              27.971663283782174
            ],
            [
              -89.91693908654163,
              27.943724441008737
            ],
            [
              -89.91693143702742,
              27.943678477416515
            ],
            [
              -89.91488675929304,
              27.931028941283703
            ],
            [
              -89.91482652165317,
              27.930426729636373
            ],
            [
              -89.90448869206332,
              27.666417253928365
            ],
            [
              -89.90449340311937,
              27.665929513444603
            ],
            [
              -89.9045456155006,
              27.665444552785583
            ],
            [
              -89.90464483232688,
              27.664966987088608
            ],
            [
              -89.90479010939941,
              27.664501361116667
            ],
            [
              -89.93079871535645,
              27.593521289095182
            ],
            [
              -89.93096623182342,
              27.59311925508881
            ],
            [
              -89.93116809972,
              27.59273332444566
            ],
            [
              -89.93140278732824,
              27.59236642550109
            ],
            [
              -89.96568928635168,
              27.543584076868278
            ],
            [
              -89.965957944493,
              27.543235514652665
            ],
            [
              -89.96625621151841,
              27.542911926030182
            ],
            [
              -89.96658177677935,
              27.542615817813616
            ],
            [
              -90.0463547259981,
              27.476234363345842
            ],
            [
              -90.04673697931932,
              27.475946098304387
            ],
            [
              -90.04714505077634,
              27.47569571455557
            ],
            [
              -90.04757519893604,
              27.47548550776117
            ],
            [
              -90.04802347995344,
              27.47531740521762
            ],
            [
              -90.04848578373111,
              27.475192948185434
            ],
            [
              -90.04895787160291,
              27.475113277758048
            ],
            [
              -90.04943541519654,
              27.475079124399628
            ],
            [
              -90.17130736343873,
              27.472214286753143
            ]
          ]
        ]
      },
      "properties": {
        "layer": "hourly_backtrack_corridor",
        "step_index": 8,
        "timestamp": "2026-09-26T01:44:47Z",
        "hours_prior": 8,
        "active_particles": 500,
        "centroid_latitude": 27.955454902648924,
        "centroid_longitude": -90.39323425292969
      }
    },
    {
      "type": "Feature",
      "geometry": {
        "type": "Polygon",
        "coordinates": [
          [
            [
              -90.16056529806097,
              27.468350805406526
            ],
            [
              -90.16099393898556,
              27.46835650544918
            ],
            [
              -90.1614205162733,
              27.468398900617444
            ],
            [
              -90.22327201773814,
              27.477237554181897
            ],
            [
              -90.22372820582189,
              27.477324530343715
            ],
            [
              -90.22417435643737,
              27.47745345686845
            ],
            [
              -90.22460662068927,
              27.477623221520275
            ],
            [
              -90.22502126947848,
              27.477832359757063
            ],
            [
              -90.24418630854098,
              27.488643211807844
            ],
            [
              -90.24455621831798,
              27.48887368386632
            ],
            [
              -90.24490465241553,
              27.489135493515725
            ],
            [
              -90.2840815933335,
              27.5213372604835
            ],
            [
              -90.28443035770151,
              27.52165254238831
            ],
            [
              -90.28474796720015,
              27.521999188418526
            ],
            [
              -90.28503161366264,
              27.52237413367881
            ],
            [
              -90.28527878920877,
              27.52277406306419
            ],
            [
              -90.37973832290018,
              27.69302018733177
            ],
            [
              -90.379955024908,
              27.693460369334257
            ],
            [
              -90.38012754215202,
              27.693919670712464
            ],
            [
              -90.38025421349853,
              27.69439366894609
            ],
            [
              -90.38033381925467,
              27.694877800001795
            ],
            [
              -90.3963326595867,
              27.8347474899432
            ],
            [
              -90.39633370722025,
              27.83475672487978
            ],
            [
              -90.40338326776713,
              27.89741884951357
            ],
            [
              -90.40341381792351,
              27.897888731848823
            ],
            [
              -90.40340003057665,
              27.898359404378407
            ],
            [
              -90.40334202800526,
              27.89882669275056
            ],
            [
              -90.40324032462887,
              27.89928645262731
            ],
            [
              -90.40309582244545,
              27.89973460644022
            ],
            [
              -90.40290980303169,
              27.900167179553975
            ],
            [
              -90.40268391617683,
              27.900580335517063
            ],
            [
              -90.40242016525077,
              27.90097041008691
            ],
            [
              -90.40212088943645,
              27.901333943727714
            ],
            [
              -90.40178874298375,
              27.901667712292756
            ],
            [
              -90.40142667166934,
              27.901968755619055
            ],
            [
              -90.40103788667065,
              27.902234403780792
            ],
            [
              -90.3805682211433,
              27.914849607638214
            ],
            [
              -90.38013920216888,
              27.915085831645438
            ],
            [
              -90.35581669240325,
              27.926964798930594
            ],
            [
              -90.35568803901573,
              27.92702538197997
            ],
            [
              -90.30467027778526,
              27.950169150290517
            ],
            [
              -90.3043879180252,
              27.95028696157334
            ],
            [
              -90.25425516656036,
              27.96942529775498
            ],
            [
              -90.25381131722554,
              27.969571367875382
            ],
            [
              -90.25335577023354,
              27.96967536619353
            ],
            [
              -90.25289250412611,
              27.969736384435077
            ],
            [
              -90.18296147385267,
              27.97563962845363
            ],
            [
              -90.18270513523903,
              27.975654650371663
            ],
            [
              -90.14242956150856,
              27.976978350322835
            ],
            [
              -90.14211741709512,
              27.97697886058352
            ],
            [
              -90.07173625254434,
              27.97489603587649
            ],
            [
              -90.07165029384993,
              27.974892751766014
            ],
            [
              -90.02301290371321,
              27.972615377498435
            ],
            [
              -90.0224519999417,
              27.972557280332556
            ],
            [
              -90.02190120521219,
              27.972436394073867
            ],
            [
              -90.02136752537638,
              27.972254256339106
            ],
            [
              -89.92744967869669,
              27.934162596793207
            ],
            [
              -89.92699463215027,
              27.933950853487804
            ],
            [
              -89.9265631061142,
              27.93369455704422
            ],
            [
              -89.92615944868949,
              27.933396289931938
            ],
            [
              -89.9257877271701,
              27.93305905752125
            ],
            [
              -89.92545168706054,
              27.93268625780081
            ],
            [
              -89.92515471433572,
              27.932281647139185
            ],
            [
              -89.90843108152322,
              27.906919632368677
            ],
            [
              -89.90819574978153,
              27.906524290791392
            ],
            [
              -89.90799775375486,
              27.906108991423714
            ],
            [
              -89.9078387698834,
              27.905677250621853
            ],
            [
              -89.90772014428991,
              27.9052327239523
            ],
            [
              -89.90764288138199,
              27.904779175239995
            ],
            [
              -89.90504125784683,
              27.88368389936109
            ],
            [
              -89.90500789034863,
              27.883277482765845
            ],
            [
              -89.89605098116894,
              27.665620393532446
            ],
            [
              -89.89605352236146,
              27.665154716942634
            ],
            [
              -89.90420934511536,
              27.508580467675056
            ],
            [
              -89.90426602551665,
              27.50804653796046
            ],
            [
              -89.9043796329523,
              27.507521764715538
            ],
            [
              -89.90955236244449,
              27.488604680975303
            ],
            [
              -89.90970846328793,
              27.48812887783212
            ],
            [
              -89.90991137369502,
              27.487671074958524
            ],
            [
              -89.91015905842485,
              27.487235864229117
            ],
            [
              -89.9104490331391,
              27.486827610913785
            ],
            [
              -89.91077838932058,
              27.486450409892964
            ],
            [
              -89.91114382344637,
              27.486108044585
            ],
            [
              -89.91154167012294,
              27.485803948997525
            ],
            [
              -89.911967938851,
              27.485541173283536
            ],
            [
              -89.91241835405111,
              27.48532235314761
            ],
            [
              -89.91288839794885,
              27.485149683409134
            ],
            [
              -89.91337335588914,
              27.485024895987753
            ],
            [
              -89.91386836362543,
              27.484949242531773
            ],
            [
              -90.0422558147973,
              27.47186483091068
            ],
            [
              -90.04261485860785,
              27.471841253404573
            ],
            [
              -90.16056529806097,
              27.468350805406526
            ]
          ]
        ]
      },
      "properties": {
        "layer": "hourly_backtrack_corridor",
        "step_index": 9,
        "timestamp": "2026-09-26T00:44:47Z",
        "hours_prior": 9,
        "active_particles": 500,
        "centroid_latitude": 27.504150848388672,
        "centroid_longitude": -90.12983596801757
      }
    },
    {
      "type": "Feature",
      "geometry": {
        "type": "Polygon",
        "coordinates": [
          [
            [
              -90.14913410396913,
              27.466535709350282
            ],
            [
              -90.14965773734271,
              27.466540207761817
            ],
            [
              -90.15017802850898,
              27.46659944666735
            ],
            [
              -90.21309001581366,
              27.47712419642321
            ],
            [
              -90.2135500773078,
              27.47722362371069
            ],
            [
              -90.21399875096915,
              27.477365871063846
            ],
            [
              -90.2144320607888,
              27.47754967793008
            ],
            [
              -90.21484616690746,
              27.4777734154691
            ],
            [
              -90.23062375479809,
              27.4872834557523
            ],
            [
              -90.23105410952431,
              27.487574360502105
            ],
            [
              -90.27546481509071,
              27.521082661283355
            ],
            [
              -90.27580781416785,
              27.521366271442144
            ],
            [
              -90.27612423440806,
              27.521679259174604
            ],
            [
              -90.27641156871138,
              27.522019144577662
            ],
            [
              -90.2766675404352,
              27.522383234629288
            ],
            [
              -90.27689012143269,
              27.522768644526202
            ],
            [
              -90.36432298276081,
              27.691038755610187
            ],
            [
              -90.36450721817089,
              27.691434689970517
            ],
            [
              -90.364656202982,
              27.691845189946243
            ],
            [
              -90.36476880069809,
              27.692267124133465
            ],
            [
              -90.36484415239356,
              27.69269727390506
            ],
            [
              -90.38394052690528,
              27.839069115335725
            ],
            [
              -90.38394963170995,
              27.839143210630834
            ],
            [
              -90.39061009313573,
              27.896905356626927
            ],
            [
              -90.39064227456652,
              27.897392619652596
            ],
            [
              -90.39062677078789,
              27.897880698061787
            ],
            [
              -90.39056372968167,
              27.898364936349818
            ],
            [
              -90.39045375256141,
              27.89884071564076
            ],
            [
              -90.39029788843683,
              27.899303497744278
            ],
            [
              -90.39009762400791,
              27.899748868442888
            ],
            [
              -90.38985486948411,
              27.900172579596674
            ],
            [
              -90.38957194036391,
              27.900570589663896
            ],
            [
              -90.38925153534862,
              27.900939102250998
            ],
            [
              -90.388896710601,
              27.901274602324236
            ],
            [
              -90.38851085059419,
              27.901573889737627
            ],
            [
              -90.38809763582918,
              27.901834109757324
            ],
            [
              -90.37148844393465,
              27.911193469498535
            ],
            [
              -90.37127192912493,
              27.911308574912354
            ],
            [
              -90.29464991984759,
              27.94966344856958
            ],
            [
              -90.2941859963337,
              27.949866975232823
            ],
            [
              -90.29370385909611,
              27.950022512410115
            ],
            [
              -90.24497491622502,
              27.963057332966756
            ],
            [
              -90.2443688505811,
              27.963179875911514
            ],
            [
              -90.17433100878422,
              27.972880651058
            ],
            [
              -90.1738272528358,
              27.97292461073796
            ],
            [
              -90.12953098818737,
              27.97454013502995
            ],
            [
              -90.1292172592649,
              27.974541727622412
            ],
            [
              -90.00980960545631,
              27.97140032442417
            ],
            [
              -90.00920285080774,
              27.97134725216513
            ],
            [
              -89.99958218430383,
              27.969911018644623
            ],
            [
              -89.9991229055794,
              27.969820294981908
            ],
            [
              -89.99867412524337,
              27.969687013551503
            ],
            [
              -89.99823977762244,
              27.969512342792957
            ],
            [
              -89.91652133279823,
              27.932114958149402
            ],
            [
              -89.91609846166835,
              27.93189652383394
            ],
            [
              -89.91569827586187,
              27.93163887123269
            ],
            [
              -89.91532440159911,
              27.9313443350239
            ],
            [
              -89.91498022668252,
              27.931015584100813
            ],
            [
              -89.91466886979862,
              27.93065559738787
            ],
            [
              -89.91439315225854,
              27.93026763684769
            ],
            [
              -89.89924117471948,
              27.906641309333043
            ],
            [
              -89.89899497109069,
              27.90621204397975
            ],
            [
              -89.89879240636637,
              27.905760543699763
            ],
            [
              -89.89863546474878,
              27.90529123111839
            ],
            [
              -89.89852568354365,
              27.904808703339533
            ],
            [
              -89.8951687499499,
              27.885733309662776
            ],
            [
              -89.89509596145291,
              27.88503647927213
            ],
            [
              -89.8887940815701,
              27.69953728798795
            ],
            [
              -89.88879457934304,
              27.69918368985239
            ],
            [
              -89.89600435717507,
              27.5032207839686
            ],
            [
              -89.89604200724271,
              27.502765380823224
            ],
            [
              -89.89612107651692,
              27.502315316825232
            ],
            [
              -89.89962296860676,
              27.48662737432035
            ],
            [
              -89.89975199699676,
              27.486158079760397
            ],
            [
              -89.89992604193084,
              27.485703553556156
            ],
            [
              -89.90014345425871,
              27.485268102538118
            ],
            [
              -89.90040217390545,
              27.484855852791217
            ],
            [
              -89.90069974939155,
              27.484470710558405
            ],
            [
              -89.9010333610618,
              27.484116325227323
            ],
            [
              -89.90139984780275,
              27.483796054750794
            ],
            [
              -89.90179573699551,
              27.483512933828777
            ],
            [
              -89.90221727742038,
              27.483269645153293
            ],
            [
              -89.90266047480128,
              27.48306849398876
            ],
            [
              -89.90312112965314,
              27.482911386328635
            ],
            [
              -89.90359487707394,
              27.482799810835292
            ],
            [
              -89.9040772281039,
              27.48273482473433
            ],
            [
              -90.03516548493984,
              27.471534873562454
            ],
            [
              -90.03537220211366,
              27.471521518676454
            ],
            [
              -90.14913410396913,
              27.466535709350282
            ]
          ]
        ]
      },
      "properties": {
        "layer": "hourly_backtrack_corridor",
        "step_index": 10,
        "timestamp": "2026-09-25T23:44:47Z",
        "hours_prior": 10,
        "active_particles": 500,
        "centroid_latitude": 27.50212783813477,
        "centroid_longitude": -90.12004302978517
      }
    },
    {
      "type": "Feature",
      "geometry": {
        "type": "Polygon",
        "coordinates": [
          [
            [
              -90.13752114330535,
              27.466753446842976
            ],
            [
              -90.13809710428772,
              27.466773633709096
            ],
            [
              -90.20153551981507,
              27.472671155681752
            ],
            [
              -90.20198295512778,
              27.47273324461708
            ],
            [
              -90.20242296075634,
              27.472835462236823
            ],
            [
              -90.20285194531505,
              27.472976974226892
            ],
            [
              -90.2032664073737,
              27.473156625547205
            ],
            [
              -90.20366296403668,
              27.473372949859286
            ],
            [
              -90.20403837855464,
              27.47362418149473
            ],
            [
              -90.26581358607417,
              27.51913542722227
            ],
            [
              -90.26617302304525,
              27.51942682687994
            ],
            [
              -90.26650398250922,
              27.519750206733796
            ],
            [
              -90.2668036300141,
              27.520102797246285
            ],
            [
              -90.2670693992744,
              27.52048157870959
            ],
            [
              -90.26729901414976,
              27.5208833071075
            ],
            [
              -90.35435803514585,
              27.691020712503008
            ],
            [
              -90.35453970072564,
              27.691417553945023
            ],
            [
              -90.35468606721147,
              27.691828725885703
            ],
            [
              -90.35479601937556,
              27.692251095433132
            ],
            [
              -90.35486871944609,
              27.692681444376113
            ],
            [
              -90.36962396846953,
              27.811360491006972
            ],
            [
              -90.3696351077017,
              27.811457872572536
            ],
            [
              -90.37216806668607,
              27.83570408839285
            ],
            [
              -90.37219474469107,
              27.836285625569907
            ],
            [
              -90.37184379254263,
              27.864575420491782
            ],
            [
              -90.37178516201965,
              27.86527934073135
            ],
            [
              -90.36953449063293,
              27.87979807852432
            ],
            [
              -90.36951183259393,
              27.879932169526974
            ],
            [
              -90.36514781892205,
              27.90377974948303
            ],
            [
              -90.36503069791019,
              27.90427557441735
            ],
            [
              -90.36486372891824,
              27.904756906997427
            ],
            [
              -90.36464864548303,
              27.905218749841712
            ],
            [
              -90.36438768068422,
              27.905656307918658
            ],
            [
              -90.36408354395958,
              27.906065038330592
            ],
            [
              -90.36373939297454,
              27.906440697479837
            ],
            [
              -90.36335880083811,
              27.906779385127404
            ],
            [
              -90.36294571900551,
              27.90707758488676
            ],
            [
              -90.36250443625251,
              27.907332200732345
            ],
            [
              -90.28734727072516,
              27.94573285075676
            ],
            [
              -90.2867478603031,
              27.945991265860705
            ],
            [
              -90.23415081440466,
              27.96469854125133
            ],
            [
              -90.23372643499361,
              27.96482857139545
            ],
            [
              -90.23329219620081,
              27.964920453895008
            ],
            [
              -90.23285151992734,
              27.96497346469488
            ],
            [
              -90.14941646133359,
              27.971269622531793
            ],
            [
              -90.14907309194183,
              27.971283690174403
            ],
            [
              -90.0248970665512,
              27.972100035389246
            ],
            [
              -90.0243299110659,
              27.972071515353782
            ],
            [
              -90.00283790667137,
              27.969761716159447
            ],
            [
              -90.00268340010754,
              27.969742673508588
            ],
            [
              -89.99076628584973,
              27.968085187546674
            ],
            [
              -89.9903514094939,
              27.96800952881606
            ],
            [
              -89.98994438448813,
              27.9678991781078
            ],
            [
              -89.98954810635348,
              27.967754920441962
            ],
            [
              -89.90522040859958,
              27.93296297403083
            ],
            [
              -89.90479455124157,
              27.93276334425617
            ],
            [
              -89.90438933536561,
              27.93252458364346
            ],
            [
              -89.90400834642773,
              27.932248804809024
            ],
            [
              -89.90365495551765,
              27.931938447916096
            ],
            [
              -89.90333228953057,
              27.931596259083605
            ],
            [
              -89.90304320349946,
              27.931225266087807
            ],
            [
              -89.90279025533314,
              27.930828751571728
            ],
            [
              -89.88849276998158,
              27.905903519638134
            ],
            [
              -89.88829445634296,
              27.90552038799004
            ],
            [
              -89.88812990780423,
              27.905121587366384
            ],
            [
              -89.8880003493842,
              27.90471008672868
            ],
            [
              -89.88790674560988,
              27.90428894958657
            ],
            [
              -89.88427515381301,
              27.88381546936196
            ],
            [
              -89.88420102459212,
              27.8831071429964
            ],
            [
              -89.87944791179915,
              27.739102321219058
            ],
            [
              -89.87944656474019,
              27.739054600863913
            ],
            [
              -89.87843948466207,
              27.69611064639614
            ],
            [
              -89.87843877500137,
              27.695911900113913
            ],
            [
              -89.88047582334121,
              27.57099200875649
            ],
            [
              -89.88048061837362,
              27.570839936269515
            ],
            [
              -89.88375362862753,
              27.500859314931624
            ],
            [
              -89.88378948807595,
              27.500451440552293
            ],
            [
              -89.88385859992444,
              27.500047867805744
            ],
            [
              -89.88396050071609,
              27.499651303009
            ],
            [
              -89.88841606712234,
              27.48485409231564
            ],
            [
              -89.88858214677377,
              27.484387580837545
            ],
            [
              -89.88879355781471,
              27.483939785369063
            ],
            [
              -89.8890482265953,
              27.48351509816417
            ],
            [
              -89.88934365516724,
              27.483117684816744
            ],
            [
              -89.88967694578493,
              27.48275144340186
            ],
            [
              -89.89004482932857,
              27.48241996624106
            ],
            [
              -89.89044369736962,
              27.482126504666663
            ],
            [
              -89.89086963756446,
              27.481873937130676
            ],
            [
              -89.89131847202913,
              27.481664740971173
            ],
            [
              -89.89178579831851,
              27.48150096811303
            ],
            [
              -89.89226703260833,
              27.48138422494139
            ],
            [
              -89.89275745465602,
              27.48131565654524
            ],
            [
              -90.02729419782008,
              27.469259305837234
            ],
            [
              -90.02762734447722,
              27.469240629460163
            ],
            [
              -90.13752114330535,
              27.466753446842976
            ]
          ]
        ]
      },
      "properties": {
        "layer": "hourly_backtrack_corridor",
        "step_index": 11,
        "timestamp": "2026-09-25T22:44:47Z",
        "hours_prior": 11,
        "active_particles": 500,
        "centroid_latitude": 27.502378616333008,
        "centroid_longitude": -90.10884765624999
      }
    },
    {
      "type": "Feature",
      "geometry": {
        "type": "Polygon",
        "coordinates": [
          [
            [
              -90.01874287173149,
              27.465903509481493
            ],
            [
              -90.01930616177016,
              27.465879021368725
            ],
            [
              -90.12491987026625,
              27.467248497687084
            ],
            [
              -90.1252933170737,
              27.467267322979346
            ],
            [
              -90.18941074871432,
              27.472909260235205
            ],
            [
              -90.1899405899771,
              27.472984634969094
            ],
            [
              -90.1904593399856,
              27.473116208305807
            ],
            [
              -90.1909610556676,
              27.473302472872174
            ],
            [
              -90.19143998910506,
              27.473541294723617
            ],
            [
              -90.1918906533853,
              27.473829937791724
            ],
            [
              -90.2020224893228,
              27.481112194871802
            ],
            [
              -90.202279208917,
              27.481309628716552
            ],
            [
              -90.25243484856544,
              27.52253506206616
            ],
            [
              -90.25280286846338,
              27.52286957246069
            ],
            [
              -90.25313583671885,
              27.523238988202316
            ],
            [
              -90.25343045913243,
              27.52363965450079
            ],
            [
              -90.25368382087672,
              27.52406760739055
            ],
            [
              -90.34194065681422,
              27.69163009213176
            ],
            [
              -90.34213010313546,
              27.69203216162518
            ],
            [
              -90.34228309505365,
              27.692449466380896
            ],
            [
              -90.34239842362791,
              27.692878708860306
            ],
            [
              -90.34247517753288,
              27.693316497193003
            ],
            [
              -90.36465382743522,
              27.86415962158265
            ],
            [
              -90.36469414071269,
              27.864689573704922
            ],
            [
              -90.36467797372696,
              27.865220810978474
            ],
            [
              -90.36460550914843,
              27.865747330965842
            ],
            [
              -90.36096628795703,
              27.884675858797873
            ],
            [
              -90.36089500966948,
              27.884991226993424
            ],
            [
              -90.35615715566557,
              27.903194962344987
            ],
            [
              -90.35601855266052,
              27.903640916971327
            ],
            [
              -90.35583894774084,
              27.90407199514822
            ],
            [
              -90.35561990768161,
              27.904484436385513
            ],
            [
              -90.35536334326846,
              27.904874642771507
            ],
            [
              -90.35507149262897,
              27.90523921035918
            ],
            [
              -90.3547469017084,
              27.90557495886037
            ],
            [
              -90.35439240206037,
              27.90587895938885
            ],
            [
              -90.35401108614586,
              27.906148560010337
            ],
            [
              -90.32395127169274,
              27.925361282788657
            ],
            [
              -90.32354986655216,
              27.925592379961653
            ],
            [
              -90.32312879894,
              27.925785341243355
            ],
            [
              -90.22493086192829,
              27.965391435603706
            ],
            [
              -90.22443097695763,
              27.965562937831848
            ],
            [
              -90.2239157823337,
              27.965680719399273
            ],
            [
              -90.2233910337696,
              27.965743464459745
            ],
            [
              -90.14157340681648,
              27.971162241925565
            ],
            [
              -90.14131552257204,
              27.971172645740786
            ],
            [
              -90.01196676768923,
              27.973049476795474
            ],
            [
              -90.01136622151223,
              27.973022046010396
            ],
            [
              -89.98722681721536,
              27.970458569447896
            ],
            [
              -89.98680291280135,
              27.9703950771207
            ],
            [
              -89.98638600401316,
              27.970295511613838
            ],
            [
              -89.98597915473394,
              27.970160604639112
            ],
            [
              -89.89288528266363,
              27.934794546289503
            ],
            [
              -89.89245323545182,
              27.934606668956302
            ],
            [
              -89.89204078944742,
              27.93437896085585
            ],
            [
              -89.89165160655533,
              27.93411344369621
            ],
            [
              -89.89128914213875,
              27.933812474873452
            ],
            [
              -89.89095661434068,
              27.933478726541505
            ],
            [
              -89.89065697551167,
              27.93311516188741
            ],
            [
              -89.89039288599727,
              27.932725008822647
            ],
            [
              -89.87459240992305,
              27.906832751132217
            ],
            [
              -89.87435296785658,
              27.906392093920477
            ],
            [
              -89.87415887333226,
              27.90592966706454
            ],
            [
              -89.8740120790286,
              27.905450122787258
            ],
            [
              -89.87391406176255,
              27.904958285520458
            ],
            [
              -89.873865807632,
              27.90445910336899
            ],
            [
              -89.86619063673356,
              27.73843012692856
            ],
            [
              -89.86618665326252,
              27.73808302963066
            ],
            [
              -89.87166455853595,
              27.502445364835737
            ],
            [
              -89.87169347565913,
              27.502012242004945
            ],
            [
              -89.87175985096435,
              27.501583259598053
            ],
            [
              -89.87186318416347,
              27.501161650968484
            ],
            [
              -89.87200269640692,
              27.500750593891556
            ],
            [
              -89.87903699816474,
              27.482647948017533
            ],
            [
              -89.87924114238244,
              27.482191592365744
            ],
            [
              -89.87948983874848,
              27.4817579041597
            ],
            [
              -89.8797806009424,
              27.481351219159816
            ],
            [
              -89.88011052209426,
              27.480975603164282
            ],
            [
              -89.88047630384581,
              27.4806348113616
            ],
            [
              -89.88087428932556,
              27.480332250788404
            ],
            [
              -89.88130049970802,
              27.48007094626792
            ],
            [
              -89.88175067399168,
              27.479853510169534
            ],
            [
              -89.88222031159796,
              27.47968211629188
            ],
            [
              -89.88270471736546,
              27.47955847813046
            ],
            [
              -89.8831990484893,
              27.479483831747118
            ],
            [
              -90.01874287173149,
              27.465903509481493
            ]
          ]
        ]
      },
      "properties": {
        "layer": "hourly_backtrack_corridor",
        "step_index": 12,
        "timestamp": "2026-09-25T21:44:47Z",
        "hours_prior": 12,
        "active_particles": 500,
        "centroid_latitude": 27.501559867858887,
        "centroid_longitude": -90.09737396240234
      }
    },
    {
      "type": "Feature",
      "geometry": {
        "type": "Polygon",
        "coordinates": [
          [
            [
              -90.0043651057757,
              27.466485201130705
            ],
            [
              -90.00478617188416,
              27.466256665996543
            ],
            [
              -90.00522717761613,
              27.466069479139062
            ],
            [
              -90.00568407409843,
              27.46592535912062
            ],
            [
              -90.00615266656489,
              27.465825629106966
            ],
            [
              -90.00662865286854,
              27.46577120471925
            ],
            [
              -90.0071076629796,
              27.465762585627726
            ],
            [
              -90.1732911346593,
              27.470738858210733
            ],
            [
              -90.17378420503451,
              27.470778099727287
            ],
            [
              -90.17427098548438,
              27.47086586694862
            ],
            [
              -90.17474671221402,
              27.471001300955592
            ],
            [
              -90.17520672960384,
              27.471183076346094
            ],
            [
              -90.17564653577111,
              27.471409414205862
            ],
            [
              -90.1760618266268,
              27.471678099517536
            ],
            [
              -90.2414152201815,
              27.51870378005953
            ],
            [
              -90.24179715717834,
              27.51900797847043
            ],
            [
              -90.24214760193694,
              27.519347979961513
            ],
            [
              -90.24246321244021,
              27.51972054210798
            ],
            [
              -90.24274097886807,
              27.520122111970284
            ],
            [
              -90.24297825230052,
              27.520548859976742
            ],
            [
              -90.32733646763255,
              27.69141868724725
            ],
            [
              -90.32753111998763,
              27.691866900580536
            ],
            [
              -90.32768109064185,
              27.69233197426754
            ],
            [
              -90.3277849471671,
              27.69280946620845
            ],
            [
              -90.3564943587882,
              27.86492288478755
            ],
            [
              -90.35654568165671,
              27.865335787705458
            ],
            [
              -90.35656249641951,
              27.865751528153577
            ],
            [
              -90.3564862024742,
              27.929502748856702
            ],
            [
              -90.35646052091893,
              27.930002918899362
            ],
            [
              -90.35638493114459,
              27.93049801060791
            ],
            [
              -90.35626019155734,
              27.930983056635856
            ],
            [
              -90.35098827993625,
              27.947916497797966
            ],
            [
              -90.35080114055515,
              27.948420392887375
            ],
            [
              -90.35056098981751,
              27.948901286880165
            ],
            [
              -90.350270603207,
              27.94935362196118
            ],
            [
              -90.34993333679608,
              27.949772170377933
            ],
            [
              -90.31740922790937,
              27.985966018034183
            ],
            [
              -90.31707557702819,
              27.98630360888988
            ],
            [
              -90.31671141828593,
              27.986608040995275
            ],
            [
              -90.31632003334273,
              27.986876570923958
            ],
            [
              -90.31590494921093,
              27.98710677878629
            ],
            [
              -90.31546990647092,
              27.987296590036536
            ],
            [
              -90.31501882556249,
              27.987444294167858
            ],
            [
              -90.31455577145532,
              27.98754856012678
            ],
            [
              -90.31408491701698,
              27.987608448308105
            ],
            [
              -90.3136105054087,
              27.987623419022324
            ],
            [
              -89.92024655277199,
              27.98135396406627
            ],
            [
              -89.9198113499556,
              27.981328017897837
            ],
            [
              -89.91938006178802,
              27.98126425888619
            ],
            [
              -89.91895596734794,
              27.981163171790303
            ],
            [
              -89.91854229102023,
              27.981025525174136
            ],
            [
              -89.8703397763718,
              27.96261579617023
            ],
            [
              -89.86987467346424,
              27.962410493971554
            ],
            [
              -89.8694328229547,
              27.962159022631973
            ],
            [
              -89.86901879304209,
              27.96186398206043
            ],
            [
              -89.86863686429399,
              27.961528422618937
            ],
            [
              -89.86829098539087,
              27.96115581358552
            ],
            [
              -89.86798473230151,
              27.96075000728609
            ],
            [
              -89.86772127131175,
              27.960315199266066
            ],
            [
              -89.867503326289,
              27.95985588491352
            ],
            [
              -89.86733315052068,
              27.959376812982303
            ],
            [
              -89.85630867542302,
              27.922494412469607
            ],
            [
              -89.85619336859342,
              27.92202807535292
            ],
            [
              -89.85612334612024,
              27.921552825077164
            ],
            [
              -89.85609925435566,
              27.921073048506006
            ],
            [
              -89.85571015523456,
              27.737172215376123
            ],
            [
              -89.85572458479928,
              27.73678190088189
            ],
            [
              -89.85927225325631,
              27.69020444726861
            ],
            [
              -89.85929927344961,
              27.689941617189458
            ],
            [
              -89.86257228370351,
              27.664684506593755
            ],
            [
              -89.86261278996702,
              27.66442543279929
            ],
            [
              -89.87494952092405,
              27.597134173033666
            ],
            [
              -89.87506656351616,
              27.596639211808807
            ],
            [
              -89.87523328398608,
              27.59615870180122
            ],
            [
              -89.8754479572065,
              27.595697615051343
            ],
            [
              -89.87570836186279,
              27.595260722618967
            ],
            [
              -89.8760118034377,
              27.594852545215016
            ],
            [
              -89.95901198654317,
              27.4943181061281
            ],
            [
              -89.95939127356223,
              27.493907739580912
            ],
            [
              -89.95981398290695,
              27.493542258862192
            ],
            [
              -89.96027483477961,
              27.493226228962737
            ],
            [
              -90.0043651057757,
              27.466485201130705
            ]
          ]
        ]
      },
      "properties": {
        "layer": "hourly_backtrack_corridor",
        "step_index": 13,
        "timestamp": "2026-09-25T20:44:47Z",
        "hours_prior": 13,
        "active_particles": 500,
        "centroid_latitude": 27.890488586425782,
        "centroid_longitude": -90.34174545288086
      }
    },
    {
      "type": "Feature",
      "geometry": {
        "type": "Polygon",
        "coordinates": [
          [
            [
              -90.10414921325965,
              27.46502256983851
            ],
            [
              -90.10463241038052,
              27.46504008503043
            ],
            [
              -90.1620741218063,
              27.469911453438634
            ],
            [
              -90.16252729604636,
              27.469970849532306
            ],
            [
              -90.1629731532475,
              27.470071378851433
            ],
            [
              -90.16340796791988,
              27.470212201393977
            ],
            [
              -90.16382810684277,
              27.47039214047614
            ],
            [
              -90.1642300594229,
              27.47060969256446
            ],
            [
              -90.16461046702833,
              27.47086303983905
            ],
            [
              -90.22823198802442,
              27.51756828581073
            ],
            [
              -90.22860004916956,
              27.517866306801547
            ],
            [
              -90.22893826314404,
              27.518197813701924
            ],
            [
              -90.22924359568802,
              27.51855983242399
            ],
            [
              -90.22951330753479,
              27.51894911514548
            ],
            [
              -90.22974497898588,
              27.519362169447337
            ],
            [
              -90.31528575047025,
              27.690388399305736
            ],
            [
              -90.31547956340893,
              27.690827374923888
            ],
            [
              -90.31563040318747,
              27.69128290802887
            ],
            [
              -90.31573688049282,
              27.691750802923025
            ],
            [
              -90.33751117248501,
              27.814364709783376
            ],
            [
              -90.33757811909103,
              27.814921674277223
            ],
            [
              -90.34286528950119,
              27.898074445273316
            ],
            [
              -90.34287263704759,
              27.898226544381206
            ],
            [
              -90.3439254934929,
              27.930079266549175
            ],
            [
              -90.34391798807064,
              27.93056419743783
            ],
            [
              -90.34386353608159,
              27.931046119920207
            ],
            [
              -90.34376264984118,
              27.931520499793972
            ],
            [
              -90.34361627854491,
              27.931982873821962
            ],
            [
              -90.34342579933761,
              27.932428891724875
            ],
            [
              -90.3431930043566,
              27.932854357111196
            ],
            [
              -90.34292008387024,
              27.933255266959236
            ],
            [
              -90.34260960567053,
              27.93362784927985
            ],
            [
              -90.34226449091393,
              27.93396859860548
            ],
            [
              -90.34188798663749,
              27.934274308971585
            ],
            [
              -90.34148363520873,
              27.934542104080197
            ],
            [
              -90.34105524099718,
              27.93476946436178
            ],
            [
              -90.34060683458057,
              27.934954250680764
            ],
            [
              -90.28536238877979,
              27.954643810617288
            ],
            [
              -90.28526390938191,
              27.95467775754351
            ],
            [
              -90.22322167305379,
              27.975343879980034
            ],
            [
              -90.22274317329637,
              27.975477259015033
            ],
            [
              -90.22225380033603,
              27.975562500381418
            ],
            [
              -90.2217583843228,
              27.975598762740134
            ],
            [
              -90.18161251029936,
              27.976537178267478
            ],
            [
              -90.18127226878914,
              27.976533550554123
            ],
            [
              -90.11930632640633,
              27.973762172990646
            ],
            [
              -90.11926737962126,
              27.973760278930673
            ],
            [
              -90.0781373137033,
              27.971599252929696
            ],
            [
              -90.07808434173934,
              27.971596187784552
            ],
            [
              -90.0130361239659,
              27.96748585148084
            ],
            [
              -90.01244690228266,
              27.967413304289597
            ],
            [
              -90.01187043260768,
              27.96727143110397
            ],
            [
              -89.96142487596705,
              27.951627357617642
            ],
            [
              -89.96100433628172,
              27.951476026733946
            ],
            [
              -89.96059899031566,
              27.95128774685954
            ],
            [
              -89.96021207685875,
              27.95106402238573
            ],
            [
              -89.95984668742172,
              27.9508066409128
            ],
            [
              -89.93113727580062,
              27.928599380780962
            ],
            [
              -89.93101903874582,
              27.92850502935152
            ],
            [
              -89.8982507892341,
              27.90153511968355
            ],
            [
              -89.89794228486713,
              27.901259004399183
            ],
            [
              -89.89765768212469,
              27.90095831207521
            ],
            [
              -89.89739893240933,
              27.90063510443374
            ],
            [
              -89.87703607840542,
              27.872921328798974
            ],
            [
              -89.87676239951578,
              27.872507244534763
            ],
            [
              -89.86611939414469,
              27.854522854275974
            ],
            [
              -89.86581596752728,
              27.85392090440074
            ],
            [
              -89.84745201489056,
              27.810418096783554
            ],
            [
              -89.84726622640818,
              27.80990011086869
            ],
            [
              -89.84713848599239,
              27.809364845369746
            ],
            [
              -89.84707034097188,
              27.80881878399557
            ],
            [
              -89.84208071694844,
              27.736719098326624
            ],
            [
              -89.84207235442584,
              27.736185048730963
            ],
            [
              -89.85147176848834,
              27.487506841333502
            ],
            [
              -89.8515165141842,
              27.48700229595144
            ],
            [
              -89.85161207769569,
              27.486504866725188
            ],
            [
              -89.85175747828039,
              27.486019658635986
            ],
            [
              -89.85195122373155,
              27.48555165124286
            ],
            [
              -89.85219132569212,
              27.48510564757877
            ],
            [
              -89.85247532006082,
              27.48468622485835
            ],
            [
              -89.85280029228046,
              27.48429768750324
            ],
            [
              -89.8531629072493,
              27.483944022966934
            ],
            [
              -89.85355944354822,
              27.483628860812654
            ],
            [
              -89.85398583163277,
              27.48335543546412
            ],
            [
              -89.85443769559764,
              27.483126553011523
            ],
            [
              -89.85491039808554,
              27.482944562413405
            ],
            [
              -89.855399087879,
              27.482811331389918
            ],
            [
              -89.85589874968723,
              27.482728227254917
            ],
            [
              -89.99898804412082,
              27.46632502901273
            ],
            [
              -89.99949680847449,
              27.466292864027963
            ],
            [
              -90.10414921325965,
              27.46502256983851
            ]
          ]
        ]
      },
      "properties": {
        "layer": "hourly_backtrack_corridor",
        "step_index": 14,
        "timestamp": "2026-09-25T19:44:47Z",
        "hours_prior": 14,
        "active_particles": 500,
        "centroid_latitude": 27.521652603149413,
        "centroid_longitude": -90.13180252075196
      }
    },
    {
      "type": "Feature",
      "geometry": {
        "type": "Polygon",
        "coordinates": [
          [
            [
              -89.98595784963382,
              27.467313358893286
            ],
            [
              -89.98657696396188,
              27.467284973034616
            ],
            [
              -90.09406750351266,
              27.469026382336374
            ],
            [
              -90.09424048440295,
              27.469032180721523
            ],
            [
              -90.14966803567248,
              27.47185124200082
            ],
            [
              -90.15012310736522,
              27.471895317385695
            ],
            [
              -90.15057225051021,
              27.471980776852085
            ],
            [
              -90.15101170967993,
              27.47210690584645
            ],
            [
              -90.1514378104177,
              27.472272649764477
            ],
            [
              -90.15184698996083,
              27.472476622768994
            ],
            [
              -90.1522358270301,
              27.47271711937738
            ],
            [
              -90.16809733826057,
              27.483560396354918
            ],
            [
              -90.16850600549279,
              27.483871742965455
            ],
            [
              -90.21107039758263,
              27.519901558639283
            ],
            [
              -90.21141374089459,
              27.52022100568471
            ],
            [
              -90.2117256448431,
              27.520571215581185
            ],
            [
              -90.21200336553376,
              27.520949107447567
            ],
            [
              -90.21224445979047,
              27.52135135687774
            ],
            [
              -90.30028004328656,
              27.685200233830866
            ],
            [
              -90.30048695184294,
              27.685634150998546
            ],
            [
              -90.30065123346886,
              27.68608593281148
            ],
            [
              -90.30077136957611,
              27.686551403084266
            ],
            [
              -90.33050312006439,
              27.82991154102372
            ],
            [
              -90.33057937686961,
              27.830399211845915
            ],
            [
              -90.33060717821203,
              27.830892025214766
            ],
            [
              -90.33058625315321,
              27.831385178409093
            ],
            [
              -90.33051680561866,
              27.83187386539593
            ],
            [
              -90.33039951241052,
              27.832353323667824
            ],
            [
              -90.3302355166118,
              27.832818880655918
            ],
            [
              -90.33002641644636,
              27.833265999266548
            ],
            [
              -90.32977424970346,
              27.833690322097585
            ],
            [
              -90.31406532636362,
              27.857377684768483
            ],
            [
              -90.31381905994432,
              27.857717198523137
            ],
            [
              -90.31354520497095,
              27.858034877909358
            ],
            [
              -90.31324568847046,
              27.85832848752228
            ],
            [
              -90.22927657225952,
              27.934002544529115
            ],
            [
              -90.22869543643264,
              27.934453440189383
            ],
            [
              -90.16859106631546,
              27.974370432376883
            ],
            [
              -90.16817717471994,
              27.974617421833027
            ],
            [
              -90.16774142475101,
              27.97482341214555
            ],
            [
              -90.16728786557243,
              27.9749864891697
            ],
            [
              -90.16682071183833,
              27.975105137528253
            ],
            [
              -90.16634430452888,
              27.975178254692988
            ],
            [
              -90.1658630706122,
              27.97520516122984
            ],
            [
              -89.89385989678408,
              27.977282263890974
            ],
            [
              -89.89338529208577,
              27.977263326641552
            ],
            [
              -89.89291462582347,
              27.977199439955832
            ],
            [
              -89.89245214544464,
              27.977091180368326
            ],
            [
              -89.89200202452466,
              27.976939524849225
            ],
            [
              -89.84593574034497,
              27.958939875801374
            ],
            [
              -89.84549822839233,
              27.9587442661162
            ],
            [
              -89.845081453809,
              27.95850766771314
            ],
            [
              -89.84468924558406,
              27.958232254267692
            ],
            [
              -89.8443252070107,
              27.957920556056695
            ],
            [
              -89.843992682582,
              27.95757543671218
            ],
            [
              -89.8436947272645,
              27.95720006691262
            ],
            [
              -89.84343407843163,
              27.956797895253302
            ],
            [
              -89.84321313071483,
              27.956372616563407
            ],
            [
              -89.82655816245311,
              27.920173046861258
            ],
            [
              -89.82636183023614,
              27.919678606635184
            ],
            [
              -89.82621914266448,
              27.919166105187898
            ],
            [
              -89.82613171506118,
              27.91864134439405
            ],
            [
              -89.82610053716785,
              27.918110264912666
            ],
            [
              -89.82511634527332,
              27.736353291646065
            ],
            [
              -89.82512003121849,
              27.736132366351825
            ],
            [
              -89.83474832711693,
              27.487976772479755
            ],
            [
              -89.83478920757439,
              27.487503987199275
            ],
            [
              -89.83487472534918,
              27.487037206904667
            ],
            [
              -89.83500411010696,
              27.486580636299294
            ],
            [
              -89.83517619636471,
              27.486138388118814
            ],
            [
              -89.83538943398914,
              27.48571444608413
            ],
            [
              -89.83564190216016,
              27.485312629016473
            ],
            [
              -89.83593132667345,
              27.484936556437912
            ],
            [
              -89.83625510042619,
              27.48458961596711
            ],
            [
              -89.83661030690153,
              27.484274932804045
            ],
            [
              -89.83699374644027,
              27.483995341578563
            ],
            [
              -89.83740196506304,
              27.483753360816365
            ],
            [
              -89.83783128558326,
              27.48355117025241
            ],
            [
              -89.83827784073094,
              27.48339059119611
            ],
            [
              -89.8387376079885,
              27.48327307012519
            ],
            [
              -89.83920644582523,
              27.48319966565598
            ],
            [
              -89.98595784963382,
              27.467313358893286
            ]
          ]
        ]
      },
      "properties": {
        "layer": "hourly_backtrack_corridor",
        "step_index": 15,
        "timestamp": "2026-09-25T18:44:47Z",
        "hours_prior": 15,
        "active_particles": 500,
        "centroid_latitude": 27.50317169189453,
        "centroid_longitude": -89.90000198364258
      }
    },
    {
      "type": "Feature",
      "geometry": {
        "type": "Polygon",
        "coordinates": [
          [
            [
              -89.97152466001224,
              27.466260777236908
            ],
            [
              -89.97191669842918,
              27.46623098147337
            ],
            [
              -89.97230986594806,
              27.46623208146648
            ],
            [
              -90.0815475368465,
              27.47083642106609
            ],
            [
              -90.08176935620686,
              27.470850715898877
            ],
            [
              -90.13896692700764,
              27.475815544390088
            ],
            [
              -90.13953510252058,
              27.47589794813224
            ],
            [
              -90.1400900861431,
              27.476044941223783
            ],
            [
              -90.1547614118267,
              27.480847645081205
            ],
            [
              -90.15522681752057,
              27.481026140786252
            ],
            [
              -90.15567213798853,
              27.481250089122746
            ],
            [
              -90.15609294740106,
              27.481517264374084
            ],
            [
              -90.15648506353243,
              27.4818250112118
            ],
            [
              -90.18267677495821,
              27.504579680401253
            ],
            [
              -90.18300896757843,
              27.504896167132785
            ],
            [
              -90.19698601835968,
              27.5194931062197
            ],
            [
              -90.19728652288086,
              27.519837105589154
            ],
            [
              -90.19755438056993,
              27.5202070931455
            ],
            [
              -90.19778735600944,
              27.520599981142286
            ],
            [
              -90.28332049809929,
              27.68113197882295
            ],
            [
              -90.2835151558593,
              27.681540947238357
            ],
            [
              -90.28367200604742,
              27.681965852906508
            ],
            [
              -90.283789761571,
              27.68240320910574
            ],
            [
              -90.31316293051631,
              27.815190913573513
            ],
            [
              -90.31326124789577,
              27.81582745333174
            ],
            [
              -90.31469557406764,
              27.831938827233106
            ],
            [
              -90.31471527074804,
              27.83238062716813
            ],
            [
              -90.31469585240201,
              27.832822439424234
            ],
            [
              -90.3146374709394,
              27.83326080770163
            ],
            [
              -90.30829744408393,
              27.868779453941865
            ],
            [
              -90.30818120218412,
              27.869280256698143
            ],
            [
              -90.30801414870079,
              27.869766475490128
            ],
            [
              -90.3077980498275,
              27.87023296970974
            ],
            [
              -90.30753519029619,
              27.87067480728937
            ],
            [
              -90.30722834922166,
              27.871087316846772
            ],
            [
              -90.30688077071896,
              27.871466137073835
            ],
            [
              -90.30649612960464,
              27.87180726284703
            ],
            [
              -90.30088089522964,
              27.876293346831407
            ],
            [
              -90.30051343750473,
              27.876560496280014
            ],
            [
              -90.2181083471727,
              27.93092565436107
            ],
            [
              -90.21768196075918,
              27.93117757106857
            ],
            [
              -90.21723274445051,
              27.93138607073091
            ],
            [
              -90.19760994171614,
              27.939337807181104
            ],
            [
              -90.19753180519145,
              27.939368708610292
            ],
            [
              -90.13683997169535,
              27.9627833204267
            ],
            [
              -90.136395356941,
              27.96293131469718
            ],
            [
              -90.13593884005451,
              27.963037035632915
            ],
            [
              -90.0921613742342,
              27.971034548450298
            ],
            [
              -90.09149190665742,
              27.971110700591268
            ],
            [
              -89.93978902579805,
              27.978068708403768
            ],
            [
              -89.93958038398117,
              27.97807391754056
            ],
            [
              -89.87941497870773,
              27.978319965514192
            ],
            [
              -89.87894697241636,
              27.97829993614805
            ],
            [
              -89.87848289445743,
              27.97823619673864
            ],
            [
              -89.87802681815579,
              27.97812930674221
            ],
            [
              -89.87758274660372,
              27.977980204358197
            ],
            [
              -89.83148594484591,
              27.96005875660429
            ],
            [
              -89.83103338758636,
              27.95985644648381
            ],
            [
              -89.83060308767178,
              27.959610317571396
            ],
            [
              -89.83019927473444,
              27.959322789190786
            ],
            [
              -89.82982591805295,
              27.958996687601708
            ],
            [
              -89.82948668753616,
              27.95863521821919
            ],
            [
              -89.82918491764987,
              27.958241934105917
            ],
            [
              -89.8289235746407,
              27.95782070104742
            ],
            [
              -89.82870522737927,
              27.957375659553346
            ],
            [
              -89.81257668734021,
              27.919911517707643
            ],
            [
              -89.81240530824165,
              27.919452783886953
            ],
            [
              -89.81227962572343,
              27.918979485441696
            ],
            [
              -89.81220084537006,
              27.918496162392803
            ],
            [
              -89.80929404605365,
              27.892787010171123
            ],
            [
              -89.8092652787775,
              27.892055330034097
            ],
            [
              -89.82289137741031,
              27.49136715864738
            ],
            [
              -89.82292959178373,
              27.49089729673867
            ],
            [
              -89.82301188689367,
              27.490433122130923
            ],
            [
              -89.82313753120059,
              27.48997876097531
            ],
            [
              -89.82330540782435,
              27.489538252189032
            ],
            [
              -89.82351402447236,
              27.489115511552516
            ],
            [
              -89.82376152670493,
              27.488714296901154
            ],
            [
              -89.82404571441974,
              27.48833817472108
            ],
            [
              -89.82436406140909,
              27.48799048844587
            ],
            [
              -89.82471373781588,
              27.487674328736038
            ],
            [
              -89.8250916352889,
              27.48739250600545
            ],
            [
              -89.82549439461359,
              27.48714752543894
            ],
            [
              -89.82591843557287,
              27.486941564723164
            ],
            [
              -89.83749985647131,
              27.481976736231953
            ],
            [
              -89.8379522915883,
              27.48180814604587
            ],
            [
              -89.83841887820162,
              27.48168398035747
            ],
            [
              -89.83889526548099,
              27.481605396987884
            ],
            [
              -89.97152466001224,
              27.466260777236908
            ]
          ]
        ]
      },
      "properties": {
        "layer": "hourly_backtrack_corridor",
        "step_index": 16,
        "timestamp": "2026-09-25T17:44:47Z",
        "hours_prior": 16,
        "active_particles": 500,
        "centroid_latitude": 27.502175216674807,
        "centroid_longitude": -89.98519622802735
      }
    },
    {
      "type": "Feature",
      "geometry": {
        "type": "Polygon",
        "coordinates": [
          [
            [
              -89.95602130435768,
              27.464894060107614
            ],
            [
              -89.95644789870788,
              27.46485716472834
            ],
            [
              -89.95687608551341,
              27.464856903555845
            ],
            [
              -90.12834672760326,
              27.472101013663266
            ],
            [
              -90.12883355223629,
              27.47214549955348
            ],
            [
              -90.12931370585771,
              27.472237313046936
            ],
            [
              -90.12978259863648,
              27.4723755764903
            ],
            [
              -90.13023574838493,
              27.472558968211057
            ],
            [
              -90.13066882340439,
              27.472785735151476
            ],
            [
              -90.13107768389236,
              27.473053709626257
            ],
            [
              -90.17154399248611,
              27.50250126516825
            ],
            [
              -90.17196332051212,
              27.50284256544486
            ],
            [
              -90.17234334491802,
              27.503227147455785
            ],
            [
              -90.17267962212598,
              27.50365051433169
            ],
            [
              -90.18832751030958,
              27.525701371875634
            ],
            [
              -90.18864898178094,
              27.5262184427092
            ],
            [
              -90.27187804672235,
              27.680280713827365
            ],
            [
              -90.27208772312198,
              27.680718390460555
            ],
            [
              -90.27225398019775,
              27.681174333014567
            ],
            [
              -90.27237525164155,
              27.6816442460541
            ],
            [
              -90.30010810076264,
              27.815690800619528
            ],
            [
              -90.30017986907393,
              27.816139695234565
            ],
            [
              -90.30021056985589,
              27.816593252869165
            ],
            [
              -90.30059203958245,
              27.83384331390432
            ],
            [
              -90.30057612997892,
              27.834367407783702
            ],
            [
              -90.30050542327287,
              27.834886953808237
            ],
            [
              -90.30038069703305,
              27.83539623847813
            ],
            [
              -90.30020332288643,
              27.83588966113874
            ],
            [
              -90.28900337171456,
              27.86256202441999
            ],
            [
              -90.28879233142085,
              27.863002902286826
            ],
            [
              -90.28853925209549,
              27.86342106751028
            ],
            [
              -90.28824655227888,
              27.863812523914483
            ],
            [
              -90.28791702914278,
              27.86417353056511
            ],
            [
              -90.28755383175917,
              27.86450063751945
            ],
            [
              -90.20031170529433,
              27.93566762970695
            ],
            [
              -90.19995403464206,
              27.935933747727837
            ],
            [
              -90.19957408165335,
              27.936166948977643
            ],
            [
              -90.1421399996221,
              27.96798343152159
            ],
            [
              -90.14174028969244,
              27.96818208121955
            ],
            [
              -90.14132445659763,
              27.96834429271002
            ],
            [
              -90.14089581419032,
              27.96846877329895
            ],
            [
              -90.14045777840292,
              27.96855453097697
            ],
            [
              -90.14001384002553,
              27.968600882324914
            ],
            [
              -90.08024516326772,
              27.972154272827844
            ],
            [
              -90.08010942962176,
              27.972160493025793
            ],
            [
              -89.92511827971941,
              27.977153931746496
            ],
            [
              -89.92502226725328,
              27.977156102246138
            ],
            [
              -89.8673593033861,
              27.977905690258833
            ],
            [
              -89.86687218288785,
              27.977888261546134
            ],
            [
              -89.86638907413365,
              27.977823484455516
            ],
            [
              -89.8659145683986,
              27.977711974602897
            ],
            [
              -89.865453175198,
              27.97755479173394
            ],
            [
              -89.84330504287378,
              27.968782895371636
            ],
            [
              -89.84285468100853,
              27.968578205062187
            ],
            [
              -89.81895178794213,
              27.956252918196952
            ],
            [
              -89.81855644729761,
              27.956025669543685
            ],
            [
              -89.81818345429278,
              27.955763348378014
            ],
            [
              -89.81783591127719,
              27.95546813654234
            ],
            [
              -89.81751670892143,
              27.955142489445468
            ],
            [
              -89.81722850217423,
              27.954789115639876
            ],
            [
              -89.81697368817991,
              27.954410954293472
            ],
            [
              -89.81675438634039,
              27.95401115074322
            ],
            [
              -89.8008394693482,
              27.921570965196345
            ],
            [
              -89.80065520161192,
              27.921146806113793
            ],
            [
              -89.80051091105288,
              27.92070743638279
            ],
            [
              -89.80040783202216,
              27.92025661464488
            ],
            [
              -89.79595226561591,
              27.89556407924449
            ],
            [
              -89.79588712652799,
              27.895054405224137
            ],
            [
              -89.79587463831623,
              27.894540737284352
            ],
            [
              -89.80644897913655,
              27.504404018534352
            ],
            [
              -89.80651842443228,
              27.503698224144497
            ],
            [
              -89.80844866124869,
              27.49238955410055
            ],
            [
              -89.80855484764,
              27.49191052501628
            ],
            [
              -89.80870747394383,
              27.491444210074786
            ],
            [
              -89.80890507040297,
              27.490995099784755
            ],
            [
              -89.80914573420769,
              27.49056751897791
            ],
            [
              -89.8094271478193,
              27.490165585161883
            ],
            [
              -89.80974660128766,
              27.489793168869486
            ],
            [
              -89.81010101834721,
              27.489453856386405
            ],
            [
              -89.81048698604089,
              27.48915091521602
            ],
            [
              -89.81090078758606,
              27.488887262614103
            ],
            [
              -89.8113384381663,
              27.488665437496294
            ],
            [
              -89.82641412176005,
              27.481932496822466
            ],
            [
              -89.82686573641674,
              27.481756529931804
            ],
            [
              -89.82733226688212,
              27.481625116577785
            ],
            [
              -89.82780932926002,
              27.48153949162617
            ],
            [
              -89.95602130435768,
              27.464894060107614
            ]
          ]
        ]
      },
      "properties": {
        "layer": "hourly_backtrack_corridor",
        "step_index": 17,
        "timestamp": "2026-09-25T16:44:47Z",
        "hours_prior": 17,
        "active_particles": 500,
        "centroid_latitude": 27.50088104248047,
        "centroid_longitude": -89.89164596557617
      }
    },
    {
      "type": "Feature",
      "geometry": {
        "type": "Polygon",
        "coordinates": [
          [
            [
              -89.94187270592464,
              27.46586322156217
            ],
            [
              -89.9423215985327,
              27.46583543942288
            ],
            [
              -89.94277117161606,
              27.46584810684441
            ],
            [
              -90.05488512425278,
              27.474064964754564
            ],
            [
              -90.05493282636337,
              27.47406869040467
            ],
            [
              -90.08403133710556,
              27.47648148642518
            ],
            [
              -90.08449818463863,
              27.47654243883245
            ],
            [
              -90.08495722949337,
              27.476647031549312
            ],
            [
              -90.08540440156116,
              27.476794337207313
            ],
            [
              -90.0858357360031,
              27.476983049724872
            ],
            [
              -90.08624740840419,
              27.47721149588762
            ],
            [
              -90.1595887780331,
              27.522552987586838
            ],
            [
              -90.1600073974834,
              27.522842227056962
            ],
            [
              -90.16039445304715,
              27.523172514364937
            ],
            [
              -90.16074593635038,
              27.523540429032746
            ],
            [
              -90.1610582074079,
              27.523942160910845
            ],
            [
              -90.18064286316962,
              27.551972556418658
            ],
            [
              -90.18075775755132,
              27.552144462672192
            ],
            [
              -90.26201080930913,
              27.67933219155403
            ],
            [
              -90.26224294644815,
              27.67973583579107
            ],
            [
              -90.26243652752895,
              27.68015932449997
            ],
            [
              -90.26258987369,
              27.680598984910173
            ],
            [
              -90.2627016550133,
              27.681051003999563
            ],
            [
              -90.26277090205822,
              27.681511461563492
            ],
            [
              -90.2627970142692,
              27.68197636421335
            ],
            [
              -90.26391090587076,
              27.798883483964328
            ],
            [
              -90.26389291697781,
              27.799357533048234
            ],
            [
              -90.26383008283413,
              27.79982774364425
            ],
            [
              -90.24133862775601,
              27.923217941398157
            ],
            [
              -90.24123096363412,
              27.923682028215627
            ],
            [
              -90.24107961916829,
              27.92413376153292
            ],
            [
              -90.24088596837338,
              27.924569040187258
            ],
            [
              -90.24065176935179,
              27.924983912403217
            ],
            [
              -90.24037914833214,
              27.92537461166984
            ],
            [
              -90.24007058036585,
              27.925737590935736
            ],
            [
              -90.21399330985804,
              27.95360586180976
            ],
            [
              -90.21365191830141,
              27.95393754142036
            ],
            [
              -90.21328053468999,
              27.954235255666234
            ],
            [
              -90.21288252464407,
              27.95449630654705
            ],
            [
              -90.21246149508288,
              27.95471832831991
            ],
            [
              -90.16275598971178,
              27.977976537548425
            ],
            [
              -90.16225848419225,
              27.978177542881255
            ],
            [
              -90.16174230356498,
              27.97832407767517
            ],
            [
              -90.16121339247343,
              27.978414454348226
            ],
            [
              -90.16067784217266,
              27.97844763206885
            ],
            [
              -89.85110752967266,
              27.980982498401858
            ],
            [
              -89.85061492281056,
              27.980962223961086
            ],
            [
              -89.85012670745844,
              27.98089353376172
            ],
            [
              -89.84964763048679,
              27.9807770956719
            ],
            [
              -89.84918234991447,
              27.980614041807872
            ],
            [
              -89.84873538961938,
              27.98040595752653
            ],
            [
              -89.80773502340844,
              27.958797604865396
            ],
            [
              -89.80730129222982,
              27.958540265470983
            ],
            [
              -89.80689569104904,
              27.958240542296423
            ],
            [
              -89.80652234639246,
              27.95790148468093
            ],
            [
              -89.80618505661333,
              27.957526542146493
            ],
            [
              -89.80588725324797,
              27.957119529302954
            ],
            [
              -89.80563196610373,
              27.956684587038733
            ],
            [
              -89.78630670975608,
              27.91959237817643
            ],
            [
              -89.78610642226867,
              27.919158536483007
            ],
            [
              -89.7859484636879,
              27.91870755668377
            ],
            [
              -89.78583427670438,
              27.918243557734034
            ],
            [
              -89.78576490422755,
              27.91777077749754
            ],
            [
              -89.78383466741114,
              27.898115549836408
            ],
            [
              -89.78381099821618,
              27.89757508604874
            ],
            [
              -89.78499355436853,
              27.783414548329013
            ],
            [
              -89.78499551447854,
              27.783317079298566
            ],
            [
              -89.7931894842051,
              27.50895260786302
            ],
            [
              -89.79322948397672,
              27.50845340953562
            ],
            [
              -89.793319219908,
              27.50796071651309
            ],
            [
              -89.79345779177184,
              27.507479471471182
            ],
            [
              -89.79364380942111,
              27.507014502239976
            ],
            [
              -89.79387540673456,
              27.5065704733713
            ],
            [
              -89.79415026033763,
              27.506151839344156
            ],
            [
              -89.8122319253767,
              27.48140780553068
            ],
            [
              -89.81256037720092,
              27.481004223323854
            ],
            [
              -89.81292899391792,
              27.48063696195309
            ],
            [
              -89.81333378327301,
              27.48030999899416
            ],
            [
              -89.81377036124853,
              27.48002687557621
            ],
            [
              -89.8142339995444,
              27.479790658030037
            ],
            [
              -89.81471967678725,
              27.479603904678573
            ],
            [
              -89.81522213291385,
              27.479468638129333
            ],
            [
              -89.81573592613948,
              27.47938632336881
            ],
            [
              -89.94187270592464,
              27.46586322156217
            ]
          ]
        ]
      },
      "properties": {
        "layer": "hourly_backtrack_corridor",
        "step_index": 18,
        "timestamp": "2026-09-25T15:44:47Z",
        "hours_prior": 18,
        "active_particles": 500,
        "centroid_latitude": 27.770937118530274,
        "centroid_longitude": -89.96064727783204
      }
    },
    {
      "type": "Feature",
      "geometry": {
        "type": "Polygon",
        "coordinates": [
          [
            [
              -89.92964080018791,
              27.463800775934384
            ],
            [
              -89.93003187146824,
              27.463774745763047
            ],
            [
              -89.93042378013331,
              27.4637794270409
            ],
            [
              -90.04141621177394,
              27.46946141861805
            ],
            [
              -90.0416579397329,
              27.469479677576537
            ],
            [
              -90.09952689725243,
              27.475264665979857
            ],
            [
              -90.10000070138247,
              27.475335090132198
            ],
            [
              -90.10046559220596,
              27.47545053032061
            ],
            [
              -90.10091730295653,
              27.475609927035443
            ],
            [
              -90.10135168783442,
              27.47581181733419
            ],
            [
              -90.10176476005672,
              27.476054348268374
            ],
            [
              -90.10215272844798,
              27.47633529388991
            ],
            [
              -90.16211214006907,
              27.52429557526198
            ],
            [
              -90.16247470213871,
              27.524615522580735
            ],
            [
              -90.16280466303324,
              27.52496899584591
            ],
            [
              -90.16309893672688,
              27.52535268912752
            ],
            [
              -90.16335477096555,
              27.52576301385678
            ],
            [
              -90.25094784957884,
              27.682674863832364
            ],
            [
              -90.25115425861742,
              27.68308845388569
            ],
            [
              -90.25132159131171,
              27.68351933808457
            ],
            [
              -90.25144841756001,
              27.683963833895753
            ],
            [
              -90.2515336534473,
              27.684418142454927
            ],
            [
              -90.27182784290042,
              27.829245031493013
            ],
            [
              -90.27187233347732,
              27.829741766385876
            ],
            [
              -90.27186711773518,
              27.83024046244687
            ],
            [
              -90.27181224756542,
              27.830736158149584
            ],
            [
              -90.27170826887127,
              27.83122392181816
            ],
            [
              -90.27155621613662,
              27.831698900692537
            ],
            [
              -90.2713576021339,
              27.83215636920855
            ],
            [
              -90.27111440287356,
              27.832591776012578
            ],
            [
              -90.27082903794472,
              27.83300078924293
            ],
            [
              -90.27050434644264,
              27.833379339627548
            ],
            [
              -90.17466389234107,
              27.93444783633165
            ],
            [
              -90.17412313489253,
              27.93494034305128
            ],
            [
              -90.13221487073237,
              27.96783829227003
            ],
            [
              -90.13183827608884,
              27.96810672784062
            ],
            [
              -90.13143849010653,
              27.96833921945218
            ],
            [
              -90.13101893305337,
              27.968533778081486
            ],
            [
              -90.13058319434369,
              27.968688739231364
            ],
            [
              -90.11495819434369,
              27.973443759372966
            ],
            [
              -90.11442337584154,
              27.973574822253884
            ],
            [
              -90.11387738868075,
              27.973646280837894
            ],
            [
              -90.05127057715731,
              27.978353617263675
            ],
            [
              -90.05099695830098,
              27.978366665426563
            ],
            [
              -89.83481806425802,
              27.9827459378875
            ],
            [
              -89.83435737815302,
              27.98273402858801
            ],
            [
              -89.83389974528876,
              27.98267975446608
            ],
            [
              -89.83344905322932,
              27.982583576577174
            ],
            [
              -89.83300913057703,
              27.98244631194675
            ],
            [
              -89.83258371444877,
              27.982269126629713
            ],
            [
              -89.83217641872933,
              27.982053525804837
            ],
            [
              -89.79423543972543,
              27.959672696947415
            ],
            [
              -89.79385705885436,
              27.959425795442463
            ],
            [
              -89.79350251051889,
              27.959145745599468
            ],
            [
              -89.79317468971168,
              27.958834834108696
            ],
            [
              -89.7928762731871,
              27.958495599654956
            ],
            [
              -89.79260969760487,
              27.958130812188482
            ],
            [
              -89.79237713963391,
              27.957743450307444
            ],
            [
              -89.7726704135597,
              27.921280666493967
            ],
            [
              -89.77247613525068,
              27.92087939489963
            ],
            [
              -89.77231837332606,
              27.92046241273105
            ],
            [
              -89.77219838207488,
              27.920033035212533
            ],
            [
              -89.77211711548973,
              27.919594676117825
            ],
            [
              -89.77207521968211,
              27.919150820628868
            ],
            [
              -89.76545290522898,
              27.785514346019493
            ],
            [
              -89.76544808748828,
              27.785152422174075
            ],
            [
              -89.7721924722539,
              27.490596758111575
            ],
            [
              -89.77222684956895,
              27.49011488925828
            ],
            [
              -89.7723075696136,
              27.48963858718401
            ],
            [
              -89.77243387885207,
              27.489172298252292
            ],
            [
              -89.77260459816543,
              27.488720375352216
            ],
            [
              -89.77281813385888,
              27.48828703726344
            ],
            [
              -89.77307249253924,
              27.487876329273142
            ],
            [
              -89.77336529972352,
              27.48749208541256
            ],
            [
              -89.77369382200524,
              27.48713789266563
            ],
            [
              -89.77405499257118,
              27.486817057483858
            ],
            [
              -89.77444543983067,
              27.48653257492003
            ],
            [
              -89.77486151888995,
              27.48628710066885
            ],
            [
              -89.77529934557792,
              27.486082926275575
            ],
            [
              -89.79417446764823,
              27.47836770105585
            ],
            [
              -89.7946178133032,
              27.478210390620358
            ],
            [
              -89.79507398093494,
              27.47809544265539
            ],
            [
              -89.79553893251213,
              27.478023874689267
            ],
            [
              -89.92964080018791,
              27.463800775934384
            ]
          ]
        ]
      },
      "properties": {
        "layer": "hourly_backtrack_corridor",
        "step_index": 19,
        "timestamp": "2026-09-25T14:44:47Z",
        "hours_prior": 19,
        "active_particles": 500,
        "centroid_latitude": 27.500016174316407,
        "centroid_longitude": -89.86173080444335
      }
    },
    {
      "type": "Feature",
      "geometry": {
        "type": "Polygon",
        "coordinates": [
          [
            [
              -89.91343783185803,
              27.463749158061013
            ],
            [
              -89.91390586753562,
              27.4637109938639
            ],
            [
              -89.91437541938963,
              27.463716906377616
            ],
            [
              -90.02583324409666,
              27.470364016362968
            ],
            [
              -90.02589170130804,
              27.470367846429237
            ],
            [
              -90.08345548304632,
              27.47447818273295
            ],
            [
              -90.08394125758527,
              27.474536872515362
            ],
            [
              -90.08441896944264,
              27.474642762904843
            ],
            [
              -90.08488404364087,
              27.474794839804407
            ],
            [
              -90.08533202623148,
              27.47499164679553
            ],
            [
              -90.08575862694984,
              27.475231299086047
            ],
            [
              -90.0861597603024,
              27.47551150156055
            ],
            [
              -90.13073831254849,
              27.51001543832813
            ],
            [
              -90.13119237785261,
              27.510412938813644
            ],
            [
              -90.1315952470374,
              27.51086224756757
            ],
            [
              -90.14349710250615,
              27.525867359261905
            ],
            [
              -90.14385829215092,
              27.526387203677857
            ],
            [
              -90.23558650260014,
              27.678072918399536
            ],
            [
              -90.23582480210943,
              27.678515871732177
            ],
            [
              -90.23601739244121,
              27.678980525662684
            ],
            [
              -90.23616232462516,
              27.679462177999007
            ],
            [
              -90.23625813198052,
              27.679955954529117
            ],
            [
              -90.25758228969536,
              27.82983350274689
            ],
            [
              -90.25762775522958,
              27.8303284169359
            ],
            [
              -90.25762386266372,
              27.83082539985031
            ],
            [
              -90.25757065045745,
              27.8313195411564
            ],
            [
              -90.25746864436265,
              27.83180595859637
            ],
            [
              -90.25731885222878,
              27.832279846226417
            ],
            [
              -90.25712275404506,
              27.83273652190086
            ],
            [
              -90.25688228731781,
              27.83317147353307
            ],
            [
              -90.25659982792722,
              27.833580403676198
            ],
            [
              -90.2562781666531,
              27.83395927198315
            ],
            [
              -90.19731057632107,
              27.89679687269116
            ],
            [
              -90.19701554949147,
              27.897086300613566
            ],
            [
              -90.15980699236256,
              27.93068615412919
            ],
            [
              -90.15968981822152,
              27.930788697327266
            ],
            [
              -90.11627093394418,
              27.96760815533508
            ],
            [
              -90.11592889382294,
              27.96787362755817
            ],
            [
              -90.11556516914177,
              27.96810851327949
            ],
            [
              -90.11518248735489,
              27.968311051166683
            ],
            [
              -90.10021361528457,
              27.97542164686981
            ],
            [
              -90.0998136547329,
              27.975590762097173
            ],
            [
              -90.09940052895813,
              27.975724536150164
            ],
            [
              -90.09897735405899,
              27.975821960006403
            ],
            [
              -90.09854732193207,
              27.97588229882345
            ],
            [
              -90.03347621597504,
              27.982146031733606
            ],
            [
              -90.03295968485182,
              27.982168896639262
            ],
            [
              -89.82387612772291,
              27.980602963411723
            ],
            [
              -89.82345236909713,
              27.980581787182146
            ],
            [
              -89.8230319315136,
              27.980524760486812
            ],
            [
              -89.822617842456,
              27.9804322939631
            ],
            [
              -89.80376560856928,
              27.975374005388883
            ],
            [
              -89.80332143981474,
              27.97523232465706
            ],
            [
              -89.8028923984034,
              27.975049888970773
            ],
            [
              -89.80248221458109,
              27.97482828449384
            ],
            [
              -89.78152426780375,
              27.96220926593915
            ],
            [
              -89.78109500454369,
              27.961919490983647
            ],
            [
              -89.78069801966973,
              27.96158686584761
            ],
            [
              -89.78033757261474,
              27.961214959418754
            ],
            [
              -89.78001753078057,
              27.9608077620518
            ],
            [
              -89.7797413280429,
              27.960369642754145
            ],
            [
              -89.75783733634368,
              27.921272810478754
            ],
            [
              -89.75761956909065,
              27.92083523735695
            ],
            [
              -89.75744556540297,
              27.92037849286591
            ],
            [
              -89.75731698800989,
              27.91990694152469
            ],
            [
              -89.75723506556001,
              27.919425089342354
            ],
            [
              -89.75720058088069,
              27.91893754075984
            ],
            [
              -89.75426326398616,
              27.7837046153448
            ],
            [
              -89.7542625020967,
              27.783531454118165
            ],
            [
              -89.7580237936006,
              27.492365148576173
            ],
            [
              -89.75805595540727,
              27.491859884141245
            ],
            [
              -89.75813904848626,
              27.491360462404398
            ],
            [
              -89.75827222087914,
              27.490872003967283
            ],
            [
              -89.75845410716119,
              27.49039951702417
            ],
            [
              -89.75868284244125,
              27.489947846012623
            ],
            [
              -89.75895608148245,
              27.48952162194318
            ],
            [
              -89.7592710227482,
              27.489125214917333
            ],
            [
              -89.7596244371264,
              27.48876268932059
            ],
            [
              -89.7600127010378,
              27.4884377621501
            ],
            [
              -89.76043183358871,
              27.488153764904038
            ],
            [
              -89.76087753738744,
              27.487913609423558
            ],
            [
              -89.76134524260566,
              27.48771975803751
            ],
            [
              -89.77995333586738,
              27.481089814189854
            ],
            [
              -89.78046577684879,
              27.48093757181586
            ],
            [
              -89.78099154279553,
              27.480840909159646
            ],
            [
              -89.91343783185803,
              27.463749158061013
            ]
          ]
        ]
      },
      "properties": {
        "layer": "hourly_backtrack_corridor",
        "step_index": 20,
        "timestamp": "2026-09-25T13:44:47Z",
        "hours_prior": 20,
        "active_particles": 500,
        "centroid_latitude": 27.500013465881345,
        "centroid_longitude": -89.82992858886718
      }
    },
    {
      "type": "Feature",
      "geometry": {
        "type": "Polygon",
        "coordinates": [
          [
            [
              -89.9013670157672,
              27.461870130986696
            ],
            [
              -89.90186597846771,
              27.46182549339052
            ],
            [
              -89.90236690348515,
              27.46183100867783
            ],
            [
              -90.07068660563358,
              27.47213259864365
            ],
            [
              -90.07120130325329,
              27.472190981865545
            ],
            [
              -90.07170719841483,
              27.472302302689542
            ],
            [
              -90.07219886140129,
              27.472465366321526
            ],
            [
              -90.07267101524809,
              27.472678422617538
            ],
            [
              -90.07311859238014,
              27.47293918486787
            ],
            [
              -90.07353678900147,
              27.47324485434007
            ],
            [
              -90.0739211166539,
              27.473592150317444
            ],
            [
              -90.1120070541539,
              27.511773455249084
            ],
            [
              -90.11215350500335,
              27.51192663214567
            ],
            [
              -90.12568805090179,
              27.52669713995817
            ],
            [
              -90.1259985371118,
              27.527070929933018
            ],
            [
              -90.12627127340203,
              27.527473093516527
            ],
            [
              -90.13987448385124,
              27.54979479456633
            ],
            [
              -90.13989383560941,
              27.54982681816712
            ],
            [
              -90.2199185548477,
              27.68337936943665
            ],
            [
              -90.2201537278527,
              27.68382046088212
            ],
            [
              -90.22034368324206,
              27.68428282973445
            ],
            [
              -90.2204865224648,
              27.68476185474632
            ],
            [
              -90.22058081788285,
              27.68525274819676
            ],
            [
              -90.24105811280472,
              27.830804429715315
            ],
            [
              -90.24110298119417,
              27.831303780049712
            ],
            [
              -90.24109761592379,
              27.831805113414557
            ],
            [
              -90.24104207093902,
              27.83230338912488
            ],
            [
              -90.24093690472007,
              27.83279359723908
            ],
            [
              -90.24078317466669,
              27.833270808931648
            ],
            [
              -90.2405824264665,
              27.833730226050346
            ],
            [
              -90.24033667855376,
              27.834167229359505
            ],
            [
              -90.24004840181487,
              27.834577424984367
            ],
            [
              -90.23972049474483,
              27.83495668858959
            ],
            [
              -90.17870822667842,
              27.898757500357167
            ],
            [
              -90.17867290264566,
              27.898794064876345
            ],
            [
              -90.14786540752847,
              27.93036068474939
            ],
            [
              -90.14751838157106,
              27.930684048763005
            ],
            [
              -90.10238288352419,
              27.968907315364568
            ],
            [
              -90.10209319554747,
              27.96913485783986
            ],
            [
              -90.10178754127499,
              27.96934045494012
            ],
            [
              -90.09266278541561,
              27.975001465682308
            ],
            [
              -90.0922350088724,
              27.975238700744093
            ],
            [
              -90.09178609824792,
              27.975433000761342
            ],
            [
              -90.09132035003428,
              27.975582506102224
            ],
            [
              -90.09084222187492,
              27.975685785861614
            ],
            [
              -90.09035628990092,
              27.97574185155619
            ],
            [
              -90.02201217368999,
              27.980254638421425
            ],
            [
              -90.02164057117645,
              27.980265325111816
            ],
            [
              -89.79345301014129,
              27.978340810341308
            ],
            [
              -89.792960776275,
              27.978312347586776
            ],
            [
              -89.79247373902531,
              27.978235542476597
            ],
            [
              -89.79199663442638,
              27.978111141876898
            ],
            [
              -89.79153410192554,
              27.97794035548055
            ],
            [
              -89.79109063926849,
              27.977724844043887
            ],
            [
              -89.79067055876254,
              27.977466703237262
            ],
            [
              -89.76551644499301,
              27.960245252431598
            ],
            [
              -89.76510102360011,
              27.959927704270914
            ],
            [
              -89.76472103681913,
              27.95956850820423
            ],
            [
              -89.76438064036438,
              27.95917159256882
            ],
            [
              -89.76408355697173,
              27.958741298220907
            ],
            [
              -89.76383303568498,
              27.958282331062026
            ],
            [
              -89.74639986918108,
              27.921945432258315
            ],
            [
              -89.74623044856432,
              27.921549406008104
            ],
            [
              -89.74609574213142,
              27.9211402675069
            ],
            [
              -89.74599674962035,
              27.920721053219225
            ],
            [
              -89.74593420571448,
              27.920294874388127
            ],
            [
              -89.74261541909338,
              27.88807021923676
            ],
            [
              -89.74259142281424,
              27.88771000154948
            ],
            [
              -89.7394328534783,
              27.7838701272819
            ],
            [
              -89.7394309575166,
              27.783653649286286
            ],
            [
              -89.74316936083692,
              27.49369851012613
            ],
            [
              -89.74320161188557,
              27.493192357470235
            ],
            [
              -89.74328497294871,
              27.492692075975114
            ],
            [
              -89.74341858630558,
              27.49220281314996
            ],
            [
              -89.74360107717817,
              27.491729603130377
            ],
            [
              -89.74383056787673,
              27.491277314881046
            ],
            [
              -89.74410469711967,
              27.490850602097815
            ],
            [
              -89.74442064432935,
              27.490453855324798
            ],
            [
              -89.74477515865365,
              27.49009115677907
            ],
            [
              -89.7451645924147,
              27.48976623834781
            ],
            [
              -89.74558493864063,
              27.48948244319007
            ],
            [
              -89.74603187229428,
              27.489242691338273
            ],
            [
              -89.76214515354428,
              27.48162474089882
            ],
            [
              -89.76261070346341,
              27.481432694146772
            ],
            [
              -89.76309321056196,
              27.48128845274488
            ],
            [
              -89.76358777992736,
              27.48119347998572
            ],
            [
              -89.9013670157672,
              27.461870130986696
            ]
          ]
        ]
      },
      "properties": {
        "layer": "hourly_backtrack_corridor",
        "step_index": 21,
        "timestamp": "2026-09-25T12:44:47Z",
        "hours_prior": 21,
        "active_particles": 500,
        "centroid_latitude": 27.497978553771972,
        "centroid_longitude": -89.81551788330079
      }
    },
    {
      "type": "Feature",
      "geometry": {
        "type": "Polygon",
        "coordinates": [
          [
            [
              -89.88556468847797,
              27.46247063672858
            ],
            [
              -89.88608436468319,
              27.462418599877598
            ],
            [
              -89.88660663392557,
              27.462421055604906
            ],
            [
              -90.05317157533182,
              27.47191774444768
            ],
            [
              -90.05365801724463,
              27.47196944765895
            ],
            [
              -90.05413707865733,
              27.472068438160726
            ],
            [
              -90.0546041740141,
              27.472213768420055
            ],
            [
              -90.05505483229767,
              27.472404047341765
            ],
            [
              -90.05548473982574,
              27.472637453583953
            ],
            [
              -90.05588978154142,
              27.472911752991813
            ],
            [
              -90.05626608040231,
              27.473224319982858
            ],
            [
              -90.11292196419137,
              27.52517286734614
            ],
            [
              -90.11330545834107,
              27.525565351158527
            ],
            [
              -90.11364363389434,
              27.52599749534859
            ],
            [
              -90.1139324177119,
              27.526464094976284
            ],
            [
              -90.2000911701533,
              27.684436430791713
            ],
            [
              -90.20031649951238,
              27.684906281980822
            ],
            [
              -90.20049170487663,
              27.685397032977058
            ],
            [
              -90.2006148832813,
              27.68590335356778
            ],
            [
              -90.2243194120899,
              27.81151942717618
            ],
            [
              -90.2243833818407,
              27.811970208359593
            ],
            [
              -90.22440608103737,
              27.81242493965476
            ],
            [
              -90.22449763377175,
              27.833564084552222
            ],
            [
              -90.22447724142542,
              27.834037374634754
            ],
            [
              -90.22441214868752,
              27.83450661048748
            ],
            [
              -90.22430293988083,
              27.8349675798862
            ],
            [
              -90.22415059534815,
              27.835416144812797
            ],
            [
              -90.2239564826519,
              27.8358482786013
            ],
            [
              -90.2237223442979,
              27.836260102084356
            ],
            [
              -90.22345028209322,
              27.83664791841563
            ],
            [
              -90.22314273827881,
              27.837008246255554
            ],
            [
              -90.13364994042725,
              27.932320364785827
            ],
            [
              -90.13324297416588,
              27.932707682384706
            ],
            [
              -90.08846605766198,
              27.970765009655214
            ],
            [
              -90.08803114414555,
              27.971095498211433
            ],
            [
              -90.08756277498728,
              27.971376572550604
            ],
            [
              -90.08706654012533,
              27.97160487807913
            ],
            [
              -90.08654836207224,
              27.97177768999379
            ],
            [
              -90.07813313990427,
              27.974081767142227
            ],
            [
              -90.07760624156163,
              27.974195896752715
            ],
            [
              -90.0101700232999,
              27.985035359032988
            ],
            [
              -90.0097102181696,
              27.985087576884112
            ],
            [
              -90.00924755466502,
              27.985097060731064
            ],
            [
              -89.77832104099315,
              27.979138503602158
            ],
            [
              -89.7778100193204,
              27.9790990389936
            ],
            [
              -89.7773057227084,
              27.979007466440542
            ],
            [
              -89.77681345031817,
              27.97886474818959
            ],
            [
              -89.77633837495989,
              27.97867238392758
            ],
            [
              -89.77588548873693,
              27.97843239502284
            ],
            [
              -89.77545955058869,
              27.978147303284583
            ],
            [
              -89.77506503628355,
              27.977820104463706
            ],
            [
              -89.75126895474058,
              27.95593137155355
            ],
            [
              -89.7509665553235,
              27.95562830611791
            ],
            [
              -89.75069119086714,
              27.955300482259858
            ],
            [
              -89.7268035565898,
              27.92425456856357
            ],
            [
              -89.72653793283055,
              27.92387402988354
            ],
            [
              -89.72630873484505,
              27.923470502992334
            ],
            [
              -89.7261179370884,
              27.92304746412351
            ],
            [
              -89.72596718321205,
              27.922608557599013
            ],
            [
              -89.72585777190439,
              27.922157564434723
            ],
            [
              -89.72579064570297,
              27.921698369768418
            ],
            [
              -89.725766382875,
              27.921234929390746
            ],
            [
              -89.72497292584374,
              27.78633578998645
            ],
            [
              -89.72497504926731,
              27.78615773993005
            ],
            [
              -89.73378699995091,
              27.48987211065759
            ],
            [
              -89.7338263012923,
              27.48937779834031
            ],
            [
              -89.73391437219932,
              27.488889809838614
            ],
            [
              -89.73405034644436,
              27.488412944797815
            ],
            [
              -89.73423288664316,
              27.48795189345764
            ],
            [
              -89.7344601974087,
              27.487511190521047
            ],
            [
              -89.73473004300992,
              27.48709517055284
            ],
            [
              -89.7350397693614,
              27.486707925346742
            ],
            [
              -89.73538633012778,
              27.48635326368028
            ],
            [
              -89.73576631668621,
              27.486034673853275
            ],
            [
              -89.73617599165209,
              27.48575528937843
            ],
            [
              -89.73661132563842,
              27.485517858161447
            ],
            [
              -89.73706803688708,
              27.485324715473798
            ],
            [
              -89.7375416333824,
              27.485177760984
            ],
            [
              -89.73802745703266,
              27.485078440073305
            ],
            [
              -89.88556468847797,
              27.46247063672858
            ]
          ]
        ]
      },
      "properties": {
        "layer": "hourly_backtrack_corridor",
        "step_index": 22,
        "timestamp": "2026-09-25T11:44:47Z",
        "hours_prior": 22,
        "active_particles": 500,
        "centroid_latitude": 27.498606796264646,
        "centroid_longitude": -89.80130264282226
      }
    },
    {
      "type": "Feature",
      "geometry": {
        "type": "Polygon",
        "coordinates": [
          [
            [
              -89.87341957969895,
              27.46156568395524
            ],
            [
              -89.87395793941359,
              27.461512055348997
            ],
            [
              -89.8744989418689,
              27.461516908503565
            ],
            [
              -90.03503666159546,
              27.471660188532862
            ],
            [
              -90.03553562675498,
              27.471716984213884
            ],
            [
              -90.03602637799908,
              27.471823544976846
            ],
            [
              -90.03650396478666,
              27.47197879587096
            ],
            [
              -90.03696356937542,
              27.472181170775006
            ],
            [
              -90.03740055542171,
              27.472428628195882
            ],
            [
              -90.03781051475048,
              27.47271867186251
            ],
            [
              -90.09899062949657,
              27.520789579455283
            ],
            [
              -90.09932783475989,
              27.52107969584987
            ],
            [
              -90.09963792051063,
              27.521398634306657
            ],
            [
              -90.09991843242115,
              27.52174387042887
            ],
            [
              -90.10016715024067,
              27.522112671673828
            ],
            [
              -90.10038210536851,
              27.522502118980963
            ],
            [
              -90.17973543788804,
              27.68273084822901
            ],
            [
              -90.17993661243032,
              27.68319464375876
            ],
            [
              -90.18008992456048,
              27.68367638319105
            ],
            [
              -90.21356007836907,
              27.81075348585218
            ],
            [
              -90.21365785037527,
              27.811210432186545
            ],
            [
              -90.21371253681455,
              27.81167451053235
            ],
            [
              -90.21372366003516,
              27.81214166745636
            ],
            [
              -90.21369112288274,
              27.812607822635883
            ],
            [
              -90.21086061751164,
              27.836808262089008
            ],
            [
              -90.2107898294345,
              27.837244991613776
            ],
            [
              -90.21068071194208,
              27.837673753788547
            ],
            [
              -90.21053411939653,
              27.83809119151475
            ],
            [
              -90.21035119958012,
              27.838494036361354
            ],
            [
              -90.21013338470843,
              27.838879134155864
            ],
            [
              -90.19271547699358,
              27.86672260949766
            ],
            [
              -90.19244580514129,
              27.86711147005122
            ],
            [
              -90.19214057912542,
              27.867473094880665
            ],
            [
              -90.19180253298283,
              27.867804244761405
            ],
            [
              -90.10358384401799,
              27.946396545176444
            ],
            [
              -90.10300784023633,
              27.946839037949985
            ],
            [
              -90.06388430508008,
              27.972603503282016
            ],
            [
              -90.06347324292221,
              27.97284688035848
            ],
            [
              -90.06304083082276,
              27.973049917978717
            ],
            [
              -90.06259101591719,
              27.973210762778784
            ],
            [
              -90.06212790419691,
              27.973327946538408
            ],
            [
              -89.997087315818,
              27.986515354985674
            ],
            [
              -89.99649702247417,
              27.98659877712501
            ],
            [
              -89.99590099612035,
              27.986611349741057
            ],
            [
              -89.75824535647192,
              27.977442724863128
            ],
            [
              -89.75777680550233,
              27.977402516296358
            ],
            [
              -89.75731410461373,
              27.977318464957122
            ],
            [
              -89.75686134698292,
              27.97719131438623
            ],
            [
              -89.75642253782596,
              27.977022189391906
            ],
            [
              -89.75600155896694,
              27.976812586099456
            ],
            [
              -89.75560213449837,
              27.976564358716104
            ],
            [
              -89.75522779783677,
              27.976279703128206
            ],
            [
              -89.73028730711411,
              27.955392328250277
            ],
            [
              -89.7299098526263,
              27.955041584243347
            ],
            [
              -89.72957049925519,
              27.95465385684133
            ],
            [
              -89.72927285084194,
              27.95423326360452
            ],
            [
              -89.72902006833229,
              27.953784271119527
            ],
            [
              -89.7116631957737,
              27.918858810304098
            ],
            [
              -89.7114687474547,
              27.91841473469797
            ],
            [
              -89.71131821841625,
              27.917953915534635
            ],
            [
              -89.71121302371131,
              27.91748068475925
            ],
            [
              -89.71115415222607,
              27.91699949099273
            ],
            [
              -89.71114215738378,
              27.916514857712325
            ],
            [
              -89.72126636392674,
              27.490346415939864
            ],
            [
              -89.72130118857699,
              27.489864300918526
            ],
            [
              -89.72138240410868,
              27.48938780150879
            ],
            [
              -89.72150925148911,
              27.488921371029356
            ],
            [
              -89.72168054521455,
              27.488469368695636
            ],
            [
              -89.72189468438997,
              27.488036018878958
            ],
            [
              -89.72214966769076,
              27.48762537162597
            ],
            [
              -89.72244311206695,
              27.487241264807306
            ],
            [
              -89.72277227501499,
              27.48688728824918
            ],
            [
              -89.72313408020891,
              27.486566750183236
            ],
            [
              -89.72352514625138,
              27.486282646328107
            ],
            [
              -89.7239418182759,
              27.486037631891723
            ],
            [
              -89.72438020210492,
              27.485833996755968
            ],
            [
              -89.72483620064439,
              27.485673644075682
            ],
            [
              -89.73239693062486,
              27.483419157991698
            ],
            [
              -89.73306160850754,
              27.483269404048013
            ],
            [
              -89.87341957969895,
              27.46156568395524
            ]
          ]
        ]
      },
      "properties": {
        "layer": "hourly_backtrack_corridor",
        "step_index": 23,
        "timestamp": "2026-09-25T10:44:47Z",
        "hours_prior": 23,
        "active_particles": 500,
        "centroid_latitude": 27.49783779144287,
        "centroid_longitude": -89.78790634155274
      }
    },
    {
      "type": "Feature",
      "geometry": {
        "type": "Polygon",
        "coordinates": [
          [
            [
              -89.85460678994127,
              27.45672249321561
            ],
            [
              -89.85503555754238,
              27.456662398282727
            ],
            [
              -89.85546791651029,
              27.45663962154947
            ],
            [
              -89.8559006249646,
              27.45665433379857
            ],
            [
              -90.02515874264039,
              27.46976354095189
            ],
            [
              -90.0256834340448,
              27.469832265086016
            ],
            [
              -90.02619792372403,
              27.46995605703415
            ],
            [
              -90.0266964488982,
              27.470133530207253
            ],
            [
              -90.02717342560527,
              27.47036269673487
            ],
            [
              -90.02762351124674,
              27.470640989731194
            ],
            [
              -90.02804166442999,
              27.470965292046646
            ],
            [
              -90.0839269793714,
              27.51925363738356
            ],
            [
              -90.08429343930163,
              27.51960427811546
            ],
            [
              -90.08462249133136,
              27.519990239985425
            ],
            [
              -90.08491074962308,
              27.52040755157236
            ],
            [
              -90.08515524809347,
              27.52085191887687
            ],
            [
              -90.16381430571066,
              27.682749578178626
            ],
            [
              -90.16399158100567,
              27.68316022953804
            ],
            [
              -90.16413144836659,
              27.683585080324274
            ],
            [
              -90.19884519348378,
              27.807425412355524
            ],
            [
              -90.19895487048836,
              27.807907104340966
            ],
            [
              -90.2194474241993,
              27.92418098434585
            ],
            [
              -90.21950775851528,
              27.924654712499112
            ],
            [
              -90.21952262302818,
              27.92513203591058
            ],
            [
              -90.21949188213885,
              27.925608600272028
            ],
            [
              -90.21941581627622,
              27.926080058199545
            ],
            [
              -90.21929511933925,
              27.926542108891876
            ],
            [
              -90.21913089236686,
              27.92699053736379
            ],
            [
              -90.21892463349397,
              27.92742125289663
            ],
            [
              -90.21867822428489,
              27.927830326355267
            ],
            [
              -90.21839391256913,
              27.928214026031
            ],
            [
              -90.21807429193588,
              27.92856885168351
            ],
            [
              -90.21772227807442,
              27.928891566471236
            ],
            [
              -90.21734108217618,
              27.92917922647896
            ],
            [
              -90.19069923647305,
              27.94735435160103
            ],
            [
              -90.19021076485205,
              27.947648248017806
            ],
            [
              -90.18969201429249,
              27.947884632207778
            ],
            [
              -90.18914972812892,
              27.948060431369097
            ],
            [
              -90.13627039463283,
              27.961926855929644
            ],
            [
              -90.13611129283738,
              27.961965803083565
            ],
            [
              -90.0657530164702,
              27.977972272810128
            ],
            [
              -90.06529956591345,
              27.978053666027506
            ],
            [
              -90.06484054861527,
              27.978092977389863
            ],
            [
              -90.04865860281448,
              27.978730031833223
            ],
            [
              -90.04829688369009,
              27.978731177733007
            ],
            [
              -89.88218970595571,
              27.973245643065038
            ],
            [
              -89.8817278469744,
              27.973208912616105
            ],
            [
              -89.88127137078715,
              27.97312958837654
            ],
            [
              -89.88082419693305,
              27.97300835146502
            ],
            [
              -89.88039016507656,
              27.972846242883957
            ],
            [
              -89.84120559476406,
              27.95610353658513
            ],
            [
              -89.84118675658131,
              27.956095441726184
            ],
            [
              -89.75389122435475,
              27.91837190046642
            ],
            [
              -89.75347452114012,
              27.918168400552794
            ],
            [
              -89.75307846405778,
              27.91792716918782
            ],
            [
              -89.70624161103044,
              27.88633193908528
            ],
            [
              -89.70584639953024,
              27.88603592664948
            ],
            [
              -89.70548231235746,
              27.88570237601967
            ],
            [
              -89.70515290031581,
              27.885334540188286
            ],
            [
              -89.70486137603567,
              27.8849360065183
            ],
            [
              -89.70461058264243,
              27.884510661757016
            ],
            [
              -89.70440296602872,
              27.884062654130137
            ],
            [
              -89.7042405510004,
              27.883596352885654
            ],
            [
              -89.70412492152946,
              27.883116305682265
            ],
            [
              -89.70405720530616,
              27.88262719423777
            ],
            [
              -89.69555043040381,
              27.78640145571238
            ],
            [
              -89.69553294881328,
              27.78582177478375
            ],
            [
              -89.7019568990086,
              27.555457928958553
            ],
            [
              -89.70196821393255,
              27.555233433057477
            ],
            [
              -89.7068891734052,
              27.487793400098493
            ],
            [
              -89.70695143491334,
              27.48729154103972
            ],
            [
              -89.70706407169341,
              27.48679853803157
            ],
            [
              -89.70722593152067,
              27.4863194342781
            ],
            [
              -89.70743535864023,
              27.485859130800097
            ],
            [
              -89.70769021070471,
              27.4854223362998
            ],
            [
              -89.70798788068954,
              27.48501351899293
            ],
            [
              -89.70832532356164,
              27.48463686090083
            ],
            [
              -89.70869908742873,
              27.484296215070206
            ],
            [
              -89.70910534885078,
              27.483995066158162
            ],
            [
              -89.70953995195201,
              27.483736494785685
            ],
            [
              -89.70999845093375,
              27.48352314602425
            ],
            [
              -89.71047615555298,
              27.4833572023379
            ],
            [
              -89.71096817910143,
              27.483240361257604
            ],
            [
              -89.85460678994127,
              27.45672249321561
            ]
          ]
        ]
      },
      "properties": {
        "layer": "hourly_backtrack_corridor",
        "step_index": 24,
        "timestamp": "2026-09-25T09:44:47Z",
        "hours_prior": 24,
        "active_particles": 500,
        "centroid_latitude": 27.514434814453125,
        "centroid_longitude": -89.99864654541015
      }
    },
    {
      "type": "Feature",
      "geometry": {
        "type": "Polygon",
        "coordinates": [
          [
            [
              -89.84546747377462,
              27.461814673286124
            ],
            [
              -89.84587737769,
              27.461774401740666
            ],
            [
              -89.84628920543172,
              27.461768004212153
            ],
            [
              -90.01152663218953,
              27.46600994757153
            ],
            [
              -90.01202370880434,
              27.466047566649394
            ],
            [
              -90.01251456900009,
              27.466134495495176
            ],
            [
              -90.01299433361945,
              27.466269870034903
            ],
            [
              -90.01345823379529,
              27.466452344643724
            ],
            [
              -90.01390165835323,
              27.46668010552143
            ],
            [
              -90.01432019964687,
              27.46695088872165
            ],
            [
              -90.01470969736978,
              27.467262002655527
            ],
            [
              -90.07359336436197,
              27.519309732147715
            ],
            [
              -90.07394585587939,
              27.519653673547978
            ],
            [
              -90.0742628010891,
              27.520030624062915
            ],
            [
              -90.07454112503993,
              27.520436926579602
            ],
            [
              -90.07477812747793,
              27.52086863921673
            ],
            [
              -90.1536050317748,
              27.68289599822552
            ],
            [
              -90.15376725710185,
              27.68326691319545
            ],
            [
              -90.15389894308963,
              27.683649736617248
            ],
            [
              -90.19120668234744,
              27.808300691817443
            ],
            [
              -90.1913177236511,
              27.808744778120488
            ],
            [
              -90.19138768536249,
              27.809197158684405
            ],
            [
              -90.19141598108266,
              27.80965404178531
            ],
            [
              -90.191402373645,
              27.810111597960343
            ],
            [
              -90.18972390684813,
              27.832294062559953
            ],
            [
              -90.18966395371844,
              27.83277503292346
            ],
            [
              -90.18955771252935,
              27.833247938493397
            ],
            [
              -90.18940618163724,
              27.83370833534077
            ],
            [
              -90.18921078498926,
              27.834151897082005
            ],
            [
              -90.18897335874227,
              27.83457445553427
            ],
            [
              -90.1886961340085,
              27.834972039884207
            ],
            [
              -90.18838171588945,
              27.835340914001964
            ],
            [
              -90.09692816364335,
              27.93265574859669
            ],
            [
              -90.09661440755237,
              27.932961580383886
            ],
            [
              -90.09627508179368,
              27.933238769842873
            ],
            [
              -90.0407636071843,
              27.97466638214756
            ],
            [
              -90.04036473642431,
              27.97493518724708
            ],
            [
              -90.0399418825386,
              27.975164422183447
            ],
            [
              -90.03949895868578,
              27.97535196557929
            ],
            [
              -90.03904006375524,
              27.975496081877537
            ],
            [
              -90.03856944443523,
              27.97559543740253
            ],
            [
              -89.96946238877116,
              27.986743890161318
            ],
            [
              -89.96900891711505,
              27.986795940934357
            ],
            [
              -89.96855258828383,
              27.98680642061315
            ],
            [
              -89.72760867959242,
              27.981336144734243
            ],
            [
              -89.72711533878558,
              27.981300472085678
            ],
            [
              -89.72662793659576,
              27.981216229608723
            ],
            [
              -89.72615124289074,
              27.981084241726162
            ],
            [
              -89.72568992274171,
              27.98090580011202
            ],
            [
              -89.72524849076956,
              27.980682651050813
            ],
            [
              -89.72483126696333,
              27.98041697834789
            ],
            [
              -89.72444233440355,
              27.98011138195804
            ],
            [
              -89.72408549930384,
              27.979768852541536
            ],
            [
              -89.69816081668665,
              27.952293495485872
            ],
            [
              -89.69782926560755,
              27.951903988372333
            ],
            [
              -89.6975392446321,
              27.95148264558629
            ],
            [
              -89.69729378902598,
              27.95103387676499
            ],
            [
              -89.69709546764813,
              27.95056237857768
            ],
            [
              -89.6969463560659,
              27.950073085571805
            ],
            [
              -89.6904308531362,
              27.9239729268804
            ],
            [
              -89.6903204288222,
              27.92338077564216
            ],
            [
              -89.69028201384134,
              27.922779642622505
            ],
            [
              -89.68983950895853,
              27.79795893339399
            ],
            [
              -89.689839608164,
              27.797905066050276
            ],
            [
              -89.69159436890618,
              27.55515108350633
            ],
            [
              -89.69159691543342,
              27.555023627192192
            ],
            [
              -89.69377892226936,
              27.48837132921856
            ],
            [
              -89.6938214940512,
              27.487863777702202
            ],
            [
              -89.69391548047196,
              27.487363190595815
            ],
            [
              -89.69405990624995,
              27.486874762409673
            ],
            [
              -89.69425327270258,
              27.48640356148293
            ],
            [
              -89.6944935732979,
              27.485954477390298
            ],
            [
              -89.69477831447604,
              27.485532170203722
            ],
            [
              -89.69510454152453,
              27.48514102213559
            ],
            [
              -89.6954688692388,
              27.484785092065238
            ],
            [
              -89.69586751704993,
              27.484468073420604
            ],
            [
              -89.696296348255,
              27.484193255852155
            ],
            [
              -89.69675091294295,
              27.483963491096713
            ],
            [
              -89.69722649417056,
              27.48378116338544
            ],
            [
              -89.70329949221744,
              27.48180133550458
            ],
            [
              -89.70372330295804,
              27.481683522878807
            ],
            [
              -89.7041558282668,
              27.481603415351554
            ],
            [
              -89.84546747377462,
              27.461814673286124
            ]
          ]
        ]
      },
      "properties": {
        "layer": "hourly_backtrack_corridor",
        "step_index": 25,
        "timestamp": "2026-09-25T08:44:47Z",
        "hours_prior": 25,
        "active_particles": 500,
        "centroid_latitude": 27.498214149475096,
        "centroid_longitude": -89.76579223632812
      }
    },
    {
      "type": "Feature",
      "geometry": {
        "type": "Polygon",
        "coordinates": [
          [
            [
              -89.99869601916058,
              27.467877780812355
            ],
            [
              -89.99918218188972,
              27.46789632163837
            ],
            [
              -89.99966424119846,
              27.467962023878055
            ],
            [
              -90.00013763298855,
              27.468074265467955
            ],
            [
              -90.00059787522515,
              27.468231983713853
            ],
            [
              -90.00104061037227,
              27.468433685352256
            ],
            [
              -90.00146164664966,
              27.468677460688497
            ],
            [
              -90.00185699772017,
              27.468961001677577
            ],
            [
              -90.06447143863814,
              27.51865315560824
            ],
            [
              -90.06483039209256,
              27.51896705742542
            ],
            [
              -90.0651578106572,
              27.519313725879133
            ],
            [
              -90.0654507163694,
              27.51969000792365
            ],
            [
              -90.06570644517049,
              27.520092481169417
            ],
            [
              -90.06592267113611,
              27.52051748501065
            ],
            [
              -90.13841717797204,
              27.6815835403085
            ],
            [
              -90.13857859474409,
              27.68198846905809
            ],
            [
              -90.18259257179487,
              27.808129063540513
            ],
            [
              -90.1827025655917,
              27.808486818942978
            ],
            [
              -90.1884398702792,
              27.82998073068614
            ],
            [
              -90.18853218583028,
              27.830397104030755
            ],
            [
              -90.18858868252656,
              27.83081982976499
            ],
            [
              -90.19656902920624,
              27.919053777518897
            ],
            [
              -90.19658923863142,
              27.91953834692546
            ],
            [
              -90.19656240596976,
              27.920022594732796
            ],
            [
              -90.19648878368001,
              27.920501964828958
            ],
            [
              -90.19636906444762,
              27.920971946994616
            ],
            [
              -90.1962043746674,
              27.92142811933807
            ],
            [
              -90.19599626384576,
              27.92186618989923
            ],
            [
              -90.19574669002189,
              27.922282037031103
            ],
            [
              -90.14764335750236,
              27.994273003827978
            ],
            [
              -90.14734090163711,
              27.994679455027576
            ],
            [
              -90.14699886663324,
              27.995053211879306
            ],
            [
              -90.14662076426167,
              27.995390436915006
            ],
            [
              -90.14621047660727,
              27.99568766774908
            ],
            [
              -90.14577221621035,
              27.995941852627816
            ],
            [
              -90.14531048281536,
              27.99615038176258
            ],
            [
              -90.14483001717075,
              27.996311114125294
            ],
            [
              -90.14433575235424,
              27.996422399430962
            ],
            [
              -90.14383276312367,
              27.996483095081615
            ],
            [
              -90.14332621381286,
              27.996492577897712
            ],
            [
              -89.95603983685973,
              27.99050350319068
            ],
            [
              -89.95598801437018,
              27.99050157693699
            ],
            [
              -89.72268112960455,
              27.980617696321755
            ],
            [
              -89.72222166135265,
              27.980576934933847
            ],
            [
              -89.72176790476645,
              27.98049400408476
            ],
            [
              -89.72132372172408,
              27.98036960959088
            ],
            [
              -89.72089289262412,
              27.98020481016163
            ],
            [
              -89.72047908421112,
              27.9800010083889
            ],
            [
              -89.72008581836815,
              27.97975993880973
            ],
            [
              -89.71971644214251,
              27.979483653143827
            ],
            [
              -89.7193740992593,
              27.97917450283159
            ],
            [
              -89.69401399183742,
              27.95405472133745
            ],
            [
              -89.69366501432887,
              27.9536712068983
            ],
            [
              -89.6933576322969,
              27.95325361270181
            ],
            [
              -89.69309515155692,
              27.95280642986711
            ],
            [
              -89.69288039502234,
              27.952334467731575
            ],
            [
              -89.69271567234499,
              27.95184280212765
            ],
            [
              -89.69260275507523,
              27.95133672079357
            ],
            [
              -89.69254285760952,
              27.950821666505053
            ],
            [
              -89.69074994989468,
              27.922800807740405
            ],
            [
              -89.69074773661771,
              27.922764099055005
            ],
            [
              -89.68842840068021,
              27.881788528376294
            ],
            [
              -89.6884206138351,
              27.88155109652082
            ],
            [
              -89.68767293317104,
              27.79871876009504
            ],
            [
              -89.68767929197703,
              27.798417540357953
            ],
            [
              -89.69247055174266,
              27.704993696974164
            ],
            [
              -89.69247497518055,
              27.704918518302897
            ],
            [
              -89.7006918330907,
              27.58116973900602
            ],
            [
              -89.70075492886446,
              27.580643493892385
            ],
            [
              -89.70087337521107,
              27.580126884311305
            ],
            [
              -89.70104584119638,
              27.579625715197924
            ],
            [
              -89.70127038888909,
              27.579145617989028
            ],
            [
              -89.70154449513664,
              27.578691987344843
            ],
            [
              -89.70186507991681,
              27.578269920531397
            ],
            [
              -89.70929611019025,
              27.569494209471827
            ],
            [
              -89.70967111119548,
              27.569097469172256
            ],
            [
              -89.76508340367594,
              27.51654238494374
            ],
            [
              -89.76559655594589,
              27.516116932081975
            ],
            [
              -89.82863061356308,
              27.47058852021674
            ],
            [
              -89.82906069349868,
              27.470310250121308
            ],
            [
              -89.82951698785097,
              27.4700774444919
            ],
            [
              -89.82999470729972,
              27.469892546884314
            ],
            [
              -89.83048883764435,
              27.469757498006004
            ],
            [
              -89.83099419243352,
              27.469673715346186
            ],
            [
              -89.83150546740276,
              27.469642078297706
            ],
            [
              -89.99869601916058,
              27.467877780812355
            ]
          ]
        ]
      },
      "properties": {
        "layer": "hourly_backtrack_corridor",
        "step_index": 26,
        "timestamp": "2026-09-25T07:44:47Z",
        "hours_prior": 26,
        "active_particles": 500,
        "centroid_latitude": 27.874127082824707,
        "centroid_longitude": -90.10178436279297
      }
    }
  ]
}