{
"type": "FeatureCollection",
"name": "regional_platforms",
"crs": { "type": "name", "properties": { "name": "urn:ogc:def:crs:OGC:1.3:CRS84" } },
"features": [
{ "type": "Feature", "properties": { "STRUCTURE_": 1, "COMPLEX_ID": 5, "STRUCTURE1": "9", "INSTALL_DA": "1997-07-22T00:00:00", "REMOVAL_DA": "2007-11-04T00:00:00" }, "geometry": { "type": "Point", "coordinates": [ -89.7950861054142, 29.068325043089178 ] } },
{ "type": "Feature", "properties": { "STRUCTURE_": 1, "COMPLEX_ID": 8, "STRUCTURE1": "B", "INSTALL_DA": "1997-08-15T00:00:00", "REMOVAL_DA": "2009-09-26T00:00:00" }, "geometry": { "type": "Point", "coordinates": [ -88.76835388967757, 29.115814497591465 ] } },
{ "type": "Feature", "properties": { "STRUCTURE_": 1, "COMPLEX_ID": 39, "STRUCTURE1": "A", "INSTALL_DA": "1998-03-04T00:00:00", "REMOVAL_DA": "2004-02-23T00:00:00" }, "geometry": { "type": "Point", "coordinates": [ -88.304183789556362, 29.512499193135984 ] } },
{ "type": "Feature", "properties": { "STRUCTURE_": 1, "COMPLEX_ID": 61, "STRUCTURE1": "A", "INSTALL_DA": "1997-08-16T00:00:00", "REMOVAL_DA": "2013-11-22T00:00:00" }, "geometry": { "type": "Point", "coordinates": [ -88.834675859620688, 29.567856326150533 ] } },
{ "type": "Feature", "properties": { "STRUCTURE_": 1, "COMPLEX_ID": 60, "STRUCTURE1": "A", "INSTALL_DA": "1997-10-17T00:00:00", "REMOVAL_DA": "2017-06-14T00:00:00" }, "geometry": { "type": "Point", "coordinates": [ -89.736836875533555, 28.999870365700513 ] } },
{ "type": "Feature", "properties": { "STRUCTURE_": 1, "COMPLEX_ID": 31013, "STRUCTURE1": "4", "INSTALL_DA": "1996-06-11T00:00:00", "REMOVAL_DA": "2001-11-08T00:00:00" }, "geometry": { "type": "Point", "coordinates": [ -89.030301098480905, 29.45184048076802 ] } },
{ "type": "Feature", "properties": { "STRUCTURE_": 1, "COMPLEX_ID": 70000, "STRUCTURE1": "#4", "INSTALL_DA": "1997-08-12T00:00:00", "REMOVAL_DA": "2011-04-30T00:00:00" }, "geometry": { "type": "Point", "coordinates": [ -89.520939961784023, 29.050720970017014 ] } },
{ "type": "Feature", "properties": { "STRUCTURE_": 1, "COMPLEX_ID": 70009, "STRUCTURE1": "A", "INSTALL_DA": "1997-04-23T00:00:00", "REMOVAL_DA": "2017-05-26T00:00:00" }, "geometry": { "type": "Point", "coordinates": [ -88.851380513515423, 29.345762288222314 ] } },
{ "type": "Feature", "properties": { "STRUCTURE_": 1, "COMPLEX_ID": 90148, "STRUCTURE1": "TEMPLATE", "INSTALL_DA": null, "REMOVAL_DA": null }, "geometry": { "type": "Point", "coordinates": [ -89.538846102324143, 28.817165063514292 ] } },
{ "type": "Feature", "properties": { "STRUCTURE_": 1, "COMPLEX_ID": 70024, "STRUCTURE1": "CE", "INSTALL_DA": "1997-06-04T00:00:00", "REMOVAL_DA": null }, "geometry": { "type": "Point", "coordinates": [ -88.685922014603904, 29.464665747361799 ] } },
{ "type": "Feature", "properties": { "STRUCTURE_": 1, "COMPLEX_ID": 1207, "STRUCTURE1": "A", "INSTALL_DA": "2003-01-12T00:00:00", "REMOVAL_DA": null }, "geometry": { "type": "Point", "coordinates": [ -88.527123637715064, 29.334047886086708 ] } },
{ "type": "Feature", "properties": { "STRUCTURE_": 1, "COMPLEX_ID": 1093, "STRUCTURE1": "E", "INSTALL_DA": "2004-08-23T00:00:00", "REMOVAL_DA": null }, "geometry": { "type": "Point", "coordinates": [ -89.395981008604437, 28.697657153085601 ] } },
{ "type": "Feature", "properties": { "STRUCTURE_": 1, "COMPLEX_ID": 1241, "STRUCTURE1": "CAIS.#3", "INSTALL_DA": "2003-06-04T00:00:00", "REMOVAL_DA": null }, "geometry": { "type": "Point", "coordinates": [ -88.961307391161014, 29.315668250426594 ] } },
{ "type": "Feature", "properties": { "STRUCTURE_": 1, "COMPLEX_ID": 1248, "STRUCTURE1": "C", "INSTALL_DA": "2003-07-10T00:00:00", "REMOVAL_DA": "2009-09-17T00:00:00" }, "geometry": { "type": "Point", "coordinates": [ -88.747868225181591, 29.589365834823532 ] } },
{ "type": "Feature", "properties": { "STRUCTURE_": 1, "COMPLEX_ID": 1242, "STRUCTURE1": "CAIS.#1", "INSTALL_DA": "2003-02-01T00:00:00", "REMOVAL_DA": "2009-04-09T00:00:00" }, "geometry": { "type": "Point", "coordinates": [ -89.053891903508926, 29.331185925287127 ] } },
{ "type": "Feature", "properties": { "STRUCTURE_": 1, "COMPLEX_ID": 24220, "STRUCTURE1": "A-1", "INSTALL_DA": "1995-07-21T00:00:00", "REMOVAL_DA": "2004-01-12T00:00:00" }, "geometry": { "type": "Point", "coordinates": [ -88.688880175927395, 29.548904112219486 ] } },
{ "type": "Feature", "properties": { "STRUCTURE_": 1, "COMPLEX_ID": 90147, "STRUCTURE1": "SSTEMPLATE", "INSTALL_DA": null, "REMOVAL_DA": null }, "geometry": { "type": "Point", "coordinates": [ -89.526542338348349, 28.830107150801563 ] } },
{ "type": "Feature", "properties": { "STRUCTURE_": 1, "COMPLEX_ID": 70014, "STRUCTURE1": "12", "INSTALL_DA": "1997-01-25T00:00:00", "REMOVAL_DA": "2006-09-08T00:00:00" }, "geometry": { "type": "Point", "coordinates": [ -88.865769689787072, 29.616712393584887 ] } },
{ "type": "Feature", "properties": { "STRUCTURE_": 2, "COMPLEX_ID": 23844, "STRUCTURE1": "A-TND", "INSTALL_DA": "1990-01-01T00:00:00", "REMOVAL_DA": "1997-06-21T00:00:00" }, "geometry": { "type": "Point", "coordinates": [ -89.707070544698297, 28.698079024082698 ] } },
{ "type": "Feature", "properties": { "STRUCTURE_": 1, "COMPLEX_ID": 24219, "STRUCTURE1": "A", "INSTALL_DA": "1995-08-22T00:00:00", "REMOVAL_DA": "2002-05-08T00:00:00" }, "geometry": { "type": "Point", "coordinates": [ -89.143106687062144, 28.912779140820792 ] } },
{ "type": "Feature", "properties": { "STRUCTURE_": 1, "COMPLEX_ID": 70001, "STRUCTURE1": "1", "INSTALL_DA": "1969-01-01T00:00:00", "REMOVAL_DA": "1997-12-18T00:00:00" }, "geometry": { "type": "Point", "coordinates": [ -89.029963681969164, 29.286475610166768 ] } },
{ "type": "Feature", "properties": { "STRUCTURE_": 1, "COMPLEX_ID": 31030, "STRUCTURE1": "187", "INSTALL_DA": "1958-01-01T00:00:00", "REMOVAL_DA": "2014-10-18T00:00:00" }, "geometry": { "type": "Point", "coordinates": [ -89.259375058822471, 28.982033679459533 ] } },
{ "type": "Feature", "properties": { "STRUCTURE_": 1, "COMPLEX_ID": 31007, "STRUCTURE1": "A", "INSTALL_DA": "1996-01-01T00:00:00", "REMOVAL_DA": "2003-09-10T00:00:00" }, "geometry": { "type": "Point", "coordinates": [ -89.577186682096567, 29.030977125522114 ] } },
{ "type": "Feature", "properties": { "STRUCTURE_": 1, "COMPLEX_ID": 24266, "STRUCTURE1": "A", "INSTALL_DA": "1996-05-10T00:00:00", "REMOVAL_DA": "2007-07-11T00:00:00" }, "geometry": { "type": "Point", "coordinates": [ -89.013171016032942, 28.974411483756246 ] } },
{ "type": "Feature", "properties": { "STRUCTURE_": 1, "COMPLEX_ID": 31029, "STRUCTURE1": "47(SL 1012)", "INSTALL_DA": "1966-01-01T00:00:00", "REMOVAL_DA": null }, "geometry": { "type": "Point", "coordinates": [ -89.245879723717749, 28.985137768164307 ] } },
{ "type": "Feature", "properties": { "STRUCTURE_": 1, "COMPLEX_ID": 31028, "STRUCTURE1": "52 (SL1012)T", "INSTALL_DA": "1962-01-01T00:00:00", "REMOVAL_DA": null }, "geometry": { "type": "Point", "coordinates": [ -89.250007262408829, 28.985203825178207 ] } },
{ "type": "Feature", "properties": { "STRUCTURE_": 1, "COMPLEX_ID": 24262, "STRUCTURE1": "7", "INSTALL_DA": "1995-01-01T00:00:00", "REMOVAL_DA": "2004-08-21T00:00:00" }, "geometry": { "type": "Point", "coordinates": [ -88.855294431224962, 29.581447806290267 ] } },
{ "type": "Feature", "properties": { "STRUCTURE_": 1, "COMPLEX_ID": 27060, "STRUCTURE1": "B", "INSTALL_DA": "1996-02-17T00:00:00", "REMOVAL_DA": "2009-09-29T00:00:00" }, "geometry": { "type": "Point", "coordinates": [ -88.864844371819416, 29.653472752901415 ] } },
{ "type": "Feature", "properties": { "STRUCTURE_": 1, "COMPLEX_ID": 24260, "STRUCTURE1": "A", "INSTALL_DA": "1996-03-13T00:00:00", "REMOVAL_DA": null }, "geometry": { "type": "Point", "coordinates": [ -88.84941519662236, 29.653170478746414 ] } },
{ "type": "Feature", "properties": { "STRUCTURE_": 1, "COMPLEX_ID": 31032, "STRUCTURE1": "A", "INSTALL_DA": "1996-11-05T00:00:00", "REMOVAL_DA": "2000-06-26T00:00:00" }, "geometry": { "type": "Point", "coordinates": [ -88.563096215319945, 29.785863052134975 ] } },
{ "type": "Feature", "properties": { "STRUCTURE_": 1, "COMPLEX_ID": 31016, "STRUCTURE1": "3", "INSTALL_DA": "1996-06-28T00:00:00", "REMOVAL_DA": "2006-05-20T00:00:00" }, "geometry": { "type": "Point", "coordinates": [ -88.754309731669707, 29.634234365098902 ] } },
{ "type": "Feature", "properties": { "STRUCTURE_": 2, "COMPLEX_ID": 20419, "STRUCTURE1": "9", "INSTALL_DA": "1965-01-01T00:00:00", "REMOVAL_DA": "2004-01-22T00:00:00" }, "geometry": { "type": "Point", "coordinates": [ -88.876444278976791, 29.638642246622315 ] } },
{ "type": "Feature", "properties": { "STRUCTURE_": 3, "COMPLEX_ID": 20285, "STRUCTURE1": "G", "INSTALL_DA": "1985-01-01T00:00:00", "REMOVAL_DA": null }, "geometry": { "type": "Point", "coordinates": [ -88.964321436789902, 29.057024333444506 ] } },
{ "type": "Feature", "properties": { "STRUCTURE_": 1, "COMPLEX_ID": 24257, "STRUCTURE1": "A", "INSTALL_DA": "1996-03-11T00:00:00", "REMOVAL_DA": "2000-04-21T00:00:00" }, "geometry": { "type": "Point", "coordinates": [ -88.166204365752549, 29.323340648133787 ] } },
{ "type": "Feature", "properties": { "STRUCTURE_": 1, "COMPLEX_ID": 31022, "STRUCTURE1": "PIG-TRAP", "INSTALL_DA": "1984-01-01T00:00:00", "REMOVAL_DA": null }, "geometry": { "type": "Point", "coordinates": [ -89.108074791199371, 29.346597590258309 ] } },
{ "type": "Feature", "properties": { "STRUCTURE_": 1, "COMPLEX_ID": 31023, "STRUCTURE1": "SONAT", "INSTALL_DA": "1972-03-20T00:00:00", "REMOVAL_DA": "2005-08-23T00:00:00" }, "geometry": { "type": "Point", "coordinates": [ -88.564114036396774, 29.270972844705732 ] } },
{ "type": "Feature", "properties": { "STRUCTURE_": 1, "COMPLEX_ID": 31024, "STRUCTURE1": "B-VALVE", "INSTALL_DA": "1972-03-20T00:00:00", "REMOVAL_DA": "2006-06-01T00:00:00" }, "geometry": { "type": "Point", "coordinates": [ -88.716842428412889, 29.269994825435031 ] } },
{ "type": "Feature", "properties": { "STRUCTURE_": 1, "COMPLEX_ID": 24242, "STRUCTURE1": "PP-VALVE", "INSTALL_DA": "1996-10-01T00:00:00", "REMOVAL_DA": "2010-07-20T00:00:00" }, "geometry": { "type": "Point", "coordinates": [ -89.659494524567108, 29.174982069416082 ] } },
{ "type": "Feature", "properties": { "STRUCTURE_": 4, "COMPLEX_ID": 20271, "STRUCTURE1": "FLR STACK", "INSTALL_DA": "1962-01-01T00:00:00", "REMOVAL_DA": "2002-10-11T00:00:00" }, "geometry": { "type": "Point", "coordinates": [ -89.758764595667458, 29.090572080693573 ] } },
{ "type": "Feature", "properties": { "STRUCTURE_": 1, "COMPLEX_ID": 20278, "STRUCTURE1": "35-SL 1011", "INSTALL_DA": "1959-01-01T00:00:00", "REMOVAL_DA": null }, "geometry": { "type": "Point", "coordinates": [ -89.273360279983947, 28.981859589491755 ] } },
{ "type": "Feature", "properties": { "STRUCTURE_": 1, "COMPLEX_ID": 24201, "STRUCTURE1": "A", "INSTALL_DA": "1995-07-27T00:00:00", "REMOVAL_DA": null }, "geometry": { "type": "Point", "coordinates": [ -88.455905036112185, 29.167667397523221 ] } },
{ "type": "Feature", "properties": { "STRUCTURE_": 3, "COMPLEX_ID": 21814, "STRUCTURE1": "CQ", "INSTALL_DA": "1962-01-01T00:00:00", "REMOVAL_DA": "2016-01-05T00:00:00" }, "geometry": { "type": "Point", "coordinates": [ -89.631339608057218, 29.107308460431064 ] } },
{ "type": "Feature", "properties": { "STRUCTURE_": 1, "COMPLEX_ID": 24222, "STRUCTURE1": "HA", "INSTALL_DA": "1995-05-02T00:00:00", "REMOVAL_DA": "2002-05-13T00:00:00" }, "geometry": { "type": "Point", "coordinates": [ -89.793768634332253, 28.901096364196938 ] } },
{ "type": "Feature", "properties": { "STRUCTURE_": 1, "COMPLEX_ID": 24221, "STRUCTURE1": "HB", "INSTALL_DA": "1995-05-07T00:00:00", "REMOVAL_DA": "2004-09-09T00:00:00" }, "geometry": { "type": "Point", "coordinates": [ -89.772531037064027, 28.895802713079348 ] } },
{ "type": "Feature", "properties": { "STRUCTURE_": 1, "COMPLEX_ID": 24186, "STRUCTURE1": "7", "INSTALL_DA": "1995-01-01T00:00:00", "REMOVAL_DA": "2006-11-05T00:00:00" }, "geometry": { "type": "Point", "coordinates": [ -88.810595493449028, 29.627352312425106 ] } },
{ "type": "Feature", "properties": { "STRUCTURE_": 1, "COMPLEX_ID": 24213, "STRUCTURE1": "1", "INSTALL_DA": "1995-06-03T00:00:00", "REMOVAL_DA": "2011-10-26T00:00:00" }, "geometry": { "type": "Point", "coordinates": [ -89.002052324063541, 29.276494378856505 ] } },
{ "type": "Feature", "properties": { "STRUCTURE_": 1, "COMPLEX_ID": 24187, "STRUCTURE1": "8", "INSTALL_DA": "1995-01-01T00:00:00", "REMOVAL_DA": "2006-11-10T00:00:00" }, "geometry": { "type": "Point", "coordinates": [ -88.789123410154829, 29.641507421937529 ] } },
{ "type": "Feature", "properties": { "STRUCTURE_": 1, "COMPLEX_ID": 24225, "STRUCTURE1": "A", "INSTALL_DA": "1995-05-05T00:00:00", "REMOVAL_DA": "2001-12-04T00:00:00" }, "geometry": { "type": "Point", "coordinates": [ -88.187514228932272, 29.354742369999077 ] } },
{ "type": "Feature", "properties": { "STRUCTURE_": 2, "COMPLEX_ID": 20285, "STRUCTURE1": "D", "INSTALL_DA": "1977-01-01T00:00:00", "REMOVAL_DA": null }, "geometry": { "type": "Point", "coordinates": [ -88.963684568608755, 29.057210527892789 ] } },
{ "type": "Feature", "properties": { "STRUCTURE_": 3, "COMPLEX_ID": 21273, "STRUCTURE1": "F", "INSTALL_DA": "1955-01-01T00:00:00", "REMOVAL_DA": null }, "geometry": { "type": "Point", "coordinates": [ -89.610645038504671, 29.142706372172906 ] } },
{ "type": "Feature", "properties": { "STRUCTURE_": 4, "COMPLEX_ID": 21273, "STRUCTURE1": "E", "INSTALL_DA": "1956-01-01T00:00:00", "REMOVAL_DA": null }, "geometry": { "type": "Point", "coordinates": [ -89.610567034343433, 29.139911458936616 ] } },
{ "type": "Feature", "properties": { "STRUCTURE_": 5, "COMPLEX_ID": 21273, "STRUCTURE1": "H", "INSTALL_DA": "1956-01-01T00:00:00", "REMOVAL_DA": null }, "geometry": { "type": "Point", "coordinates": [ -89.611382059871644, 29.143010362350456 ] } },
{ "type": "Feature", "properties": { "STRUCTURE_": 3, "COMPLEX_ID": 20249, "STRUCTURE1": "E", "INSTALL_DA": "1971-01-01T00:00:00", "REMOVAL_DA": null }, "geometry": { "type": "Point", "coordinates": [ -89.690175496919466, 29.128792028553057 ] } },
{ "type": "Feature", "properties": { "STRUCTURE_": 1, "COMPLEX_ID": 24171, "STRUCTURE1": "A", "INSTALL_DA": "1994-01-01T00:00:00", "REMOVAL_DA": null }, "geometry": { "type": "Point", "coordinates": [ -88.235518914190948, 29.656637411895844 ] } },
{ "type": "Feature", "properties": { "STRUCTURE_": 1, "COMPLEX_ID": 24172, "STRUCTURE1": "B", "INSTALL_DA": "1994-01-01T00:00:00", "REMOVAL_DA": "2011-10-12T00:00:00" }, "geometry": { "type": "Point", "coordinates": [ -88.446011064720324, 29.743402393047539 ] } },
{ "type": "Feature", "properties": { "STRUCTURE_": 1, "COMPLEX_ID": 24175, "STRUCTURE1": "A", "INSTALL_DA": "1994-01-01T00:00:00", "REMOVAL_DA": "2011-10-16T00:00:00" }, "geometry": { "type": "Point", "coordinates": [ -88.429547336850362, 29.73765045967945 ] } },
{ "type": "Feature", "properties": { "STRUCTURE_": 2, "COMPLEX_ID": 21805, "STRUCTURE1": "I", "INSTALL_DA": "1965-01-01T00:00:00", "REMOVAL_DA": null }, "geometry": { "type": "Point", "coordinates": [ -89.823101186651584, 28.952403745856348 ] } },
{ "type": "Feature", "properties": { "STRUCTURE_": 2, "COMPLEX_ID": 21270, "STRUCTURE1": "X", "INSTALL_DA": "1973-01-01T00:00:00", "REMOVAL_DA": null }, "geometry": { "type": "Point", "coordinates": [ -89.821310941460325, 28.905219409430796 ] } },
{ "type": "Feature", "properties": { "STRUCTURE_": 1, "COMPLEX_ID": 24248, "STRUCTURE1": "BS", "INSTALL_DA": "1992-01-01T00:00:00", "REMOVAL_DA": "2003-07-20T00:00:00" }, "geometry": { "type": "Point", "coordinates": [ -88.772201016413234, 29.261225076574981 ] } },
{ "type": "Feature", "properties": { "STRUCTURE_": 2, "COMPLEX_ID": 24248, "STRUCTURE1": "BS", "INSTALL_DA": "1992-01-01T00:00:00", "REMOVAL_DA": null }, "geometry": { "type": "Point", "coordinates": [ -88.767861892276471, 29.262620035097971 ] } },
{ "type": "Feature", "properties": { "STRUCTURE_": 3, "COMPLEX_ID": 24248, "STRUCTURE1": "BS-Y", "INSTALL_DA": "1991-01-01T00:00:00", "REMOVAL_DA": "2003-07-20T00:00:00" }, "geometry": { "type": "Point", "coordinates": [ -88.766275847080522, 29.26352400778978 ] } },
{ "type": "Feature", "properties": { "STRUCTURE_": 4, "COMPLEX_ID": 24248, "STRUCTURE1": "BS", "INSTALL_DA": "1992-01-01T00:00:00", "REMOVAL_DA": "2003-07-20T00:00:00" }, "geometry": { "type": "Point", "coordinates": [ -88.764871807085143, 29.264356982606959 ] } },
{ "type": "Feature", "properties": { "STRUCTURE_": 5, "COMPLEX_ID": 24248, "STRUCTURE1": "BS", "INSTALL_DA": "1992-01-01T00:00:00", "REMOVAL_DA": "2003-07-20T00:00:00" }, "geometry": { "type": "Point", "coordinates": [ -88.763489767713637, 29.265171957971894 ] } },
{ "type": "Feature", "properties": { "STRUCTURE_": 6, "COMPLEX_ID": 24248, "STRUCTURE1": "BS", "INSTALL_DA": "1992-01-01T00:00:00", "REMOVAL_DA": "2003-07-20T00:00:00" }, "geometry": { "type": "Point", "coordinates": [ -88.76210672831364, 29.265988933276198 ] } },
{ "type": "Feature", "properties": { "STRUCTURE_": 7, "COMPLEX_ID": 24248, "STRUCTURE1": "BS-Y", "INSTALL_DA": "1991-01-01T00:00:00", "REMOVAL_DA": null }, "geometry": { "type": "Point", "coordinates": [ -88.76078169056639, 29.266773909547094 ] } },
{ "type": "Feature", "properties": { "STRUCTURE_": 8, "COMPLEX_ID": 24248, "STRUCTURE1": "BS", "INSTALL_DA": "1991-01-01T00:00:00", "REMOVAL_DA": null }, "geometry": { "type": "Point", "coordinates": [ -88.761898723136753, 29.2677588788024 ] } },
{ "type": "Feature", "properties": { "STRUCTURE_": 9, "COMPLEX_ID": 24248, "STRUCTURE1": "BS", "INSTALL_DA": "1991-01-01T00:00:00", "REMOVAL_DA": null }, "geometry": { "type": "Point", "coordinates": [ -88.759536654371956, 29.265912936516212 ] } },
{ "type": "Feature", "properties": { "STRUCTURE_": 1, "COMPLEX_ID": 24249, "STRUCTURE1": "257(SL 1012)", "INSTALL_DA": "1987-01-01T00:00:00", "REMOVAL_DA": null }, "geometry": { "type": "Point", "coordinates": [ -89.246620155752879, 28.987597372175646 ] } },
{ "type": "Feature", "properties": { "STRUCTURE_": 1, "COMPLEX_ID": 24250, "STRUCTURE1": "225 (SL 1012)T", "INSTALL_DA": "1975-01-01T00:00:00", "REMOVAL_DA": null }, "geometry": { "type": "Point", "coordinates": [ -89.240752769102286, 28.988160596265061 ] } },
{ "type": "Feature", "properties": { "STRUCTURE_": 1, "COMPLEX_ID": 24251, "STRUCTURE1": "85(SL 1012)(w)", "INSTALL_DA": "1974-01-01T00:00:00", "REMOVAL_DA": null }, "geometry": { "type": "Point", "coordinates": [ -89.262833379832159, 28.984673925013709 ] } },
{ "type": "Feature", "properties": { "STRUCTURE_": 1, "COMPLEX_ID": 24252, "STRUCTURE1": "98(SL 1012)(M)", "INSTALL_DA": "1977-01-01T00:00:00", "REMOVAL_DA": null }, "geometry": { "type": "Point", "coordinates": [ -89.265839414492689, 28.98207864543577 ] } },
{ "type": "Feature", "properties": { "STRUCTURE_": 1, "COMPLEX_ID": 24253, "STRUCTURE1": "271(SL 1012)M", "INSTALL_DA": "1977-01-01T00:00:00", "REMOVAL_DA": null }, "geometry": { "type": "Point", "coordinates": [ -89.22481982789165, 28.982722343745838 ] } },
{ "type": "Feature", "properties": { "STRUCTURE_": 1, "COMPLEX_ID": 20741, "STRUCTURE1": "TT", "INSTALL_DA": "1966-01-01T00:00:00", "REMOVAL_DA": null }, "geometry": { "type": "Point", "coordinates": [ -89.248755555681498, 28.984298483739622 ] } },
{ "type": "Feature", "properties": { "STRUCTURE_": 1, "COMPLEX_ID": 20275, "STRUCTURE1": "37 (SL1011)", "INSTALL_DA": "1959-01-01T00:00:00", "REMOVAL_DA": "2012-06-29T00:00:00" }, "geometry": { "type": "Point", "coordinates": [ -89.277547378015086, 28.978982636940756 ] } },
{ "type": "Feature", "properties": { "STRUCTURE_": 1, "COMPLEX_ID": 20276, "STRUCTURE1": "SP28M (SL 1012)", "INSTALL_DA": "1967-01-01T00:00:00", "REMOVAL_DA": "1977-01-02T00:00:00" }, "geometry": { "type": "Point", "coordinates": [ -89.268262116184516, 28.986410408876264 ] } },
{ "type": "Feature", "properties": { "STRUCTURE_": 1, "COMPLEX_ID": 20277, "STRUCTURE1": "85W(SL 1012)", "INSTALL_DA": "1967-01-01T00:00:00", "REMOVAL_DA": "1974-01-02T00:00:00" }, "geometry": { "type": "Point", "coordinates": [ -89.262833539211812, 28.984674035947666 ] } },
{ "type": "Feature", "properties": { "STRUCTURE_": 1, "COMPLEX_ID": 24185, "STRUCTURE1": "A", "INSTALL_DA": "1995-01-01T00:00:00", "REMOVAL_DA": "2008-10-16T00:00:00" }, "geometry": { "type": "Point", "coordinates": [ -89.489262310555375, 28.999631660230801 ] } },
{ "type": "Feature", "properties": { "STRUCTURE_": 1, "COMPLEX_ID": 24216, "STRUCTURE1": "D", "INSTALL_DA": "1995-03-19T00:00:00", "REMOVAL_DA": null }, "geometry": { "type": "Point", "coordinates": [ -89.430852300914694, 28.720299238756404 ] } },
{ "type": "Feature", "properties": { "STRUCTURE_": 1, "COMPLEX_ID": 24189, "STRUCTURE1": "B", "INSTALL_DA": "1994-01-01T00:00:00", "REMOVAL_DA": "2019-10-28T00:00:00" }, "geometry": { "type": "Point", "coordinates": [ -88.793204151260568, 29.219950042897217 ] } },
{ "type": "Feature", "properties": { "STRUCTURE_": 1, "COMPLEX_ID": 24217, "STRUCTURE1": "D", "INSTALL_DA": "1954-01-01T00:00:00", "REMOVAL_DA": "2017-09-21T00:00:00" }, "geometry": { "type": "Point", "coordinates": [ -89.027270777730308, 29.27422716976432 ] } },
{ "type": "Feature", "properties": { "STRUCTURE_": 3, "COMPLEX_ID": 21271, "STRUCTURE1": "FLARE", "INSTALL_DA": "1963-01-01T00:00:00", "REMOVAL_DA": "1995-08-07T00:00:00" }, "geometry": { "type": "Point", "coordinates": [ -89.576947104211925, 29.191428880131745 ] } },
{ "type": "Feature", "properties": { "STRUCTURE_": 1, "COMPLEX_ID": 24130, "STRUCTURE1": "A", "INSTALL_DA": "1994-08-19T00:00:00", "REMOVAL_DA": null }, "geometry": { "type": "Point", "coordinates": [ -88.626024784494803, 28.9733053962849 ] } },
{ "type": "Feature", "properties": { "STRUCTURE_": 1, "COMPLEX_ID": 24179, "STRUCTURE1": "A", "INSTALL_DA": "1994-11-06T00:00:00", "REMOVAL_DA": null }, "geometry": { "type": "Point", "coordinates": [ -88.648646939914002, 29.419213538379495 ] } },
{ "type": "Feature", "properties": { "STRUCTURE_": 1, "COMPLEX_ID": 24181, "STRUCTURE1": "B", "INSTALL_DA": "1994-09-09T00:00:00", "REMOVAL_DA": "2009-08-25T00:00:00" }, "geometry": { "type": "Point", "coordinates": [ -88.59087504653148, 29.564100723513402 ] } },
{ "type": "Feature", "properties": { "STRUCTURE_": 1, "COMPLEX_ID": 24188, "STRUCTURE1": "1", "INSTALL_DA": "1994-08-13T00:00:00", "REMOVAL_DA": "2004-09-25T00:00:00" }, "geometry": { "type": "Point", "coordinates": [ -89.522066487593264, 29.055070922931364 ] } },
{ "type": "Feature", "properties": { "STRUCTURE_": 1, "COMPLEX_ID": 24202, "STRUCTURE1": "5", "INSTALL_DA": "1994-07-23T00:00:00", "REMOVAL_DA": "2004-08-17T00:00:00" }, "geometry": { "type": "Point", "coordinates": [ -88.87693492739092, 29.584781737716927 ] } },
{ "type": "Feature", "properties": { "STRUCTURE_": 1, "COMPLEX_ID": 24207, "STRUCTURE1": "6", "INSTALL_DA": "1994-08-21T00:00:00", "REMOVAL_DA": "2004-08-07T00:00:00" }, "geometry": { "type": "Point", "coordinates": [ -88.874577424412905, 29.577239506341879 ] } },
{ "type": "Feature", "properties": { "STRUCTURE_": 1, "COMPLEX_ID": 24208, "STRUCTURE1": "6", "INSTALL_DA": "1994-10-15T00:00:00", "REMOVAL_DA": "2001-10-07T00:00:00" }, "geometry": { "type": "Point", "coordinates": [ -88.730621997636419, 29.654027105000353 ] } },
{ "type": "Feature", "properties": { "STRUCTURE_": 1, "COMPLEX_ID": 24209, "STRUCTURE1": "A", "INSTALL_DA": "1994-11-30T00:00:00", "REMOVAL_DA": null }, "geometry": { "type": "Point", "coordinates": [ -89.557907557557115, 28.831836941213783 ] } },
{ "type": "Feature", "properties": { "STRUCTURE_": 1, "COMPLEX_ID": 24170, "STRUCTURE1": "6", "INSTALL_DA": "1994-02-09T00:00:00", "REMOVAL_DA": "2006-07-05T00:00:00" }, "geometry": { "type": "Point", "coordinates": [ -88.803730242863381, 29.641891895668401 ] } },
{ "type": "Feature", "properties": { "STRUCTURE_": 1, "COMPLEX_ID": 24192, "STRUCTURE1": "5", "INSTALL_DA": "1989-01-01T00:00:00", "REMOVAL_DA": "1995-05-23T00:00:00" }, "geometry": { "type": "Point", "coordinates": [ -88.703536285011779, 29.808370472277986 ] } },
{ "type": "Feature", "properties": { "STRUCTURE_": 1, "COMPLEX_ID": 24153, "STRUCTURE1": "A", "INSTALL_DA": "1994-02-25T00:00:00", "REMOVAL_DA": "2003-07-05T00:00:00" }, "geometry": { "type": "Point", "coordinates": [ -88.303379550790979, 29.526823746771278 ] } },
{ "type": "Feature", "properties": { "STRUCTURE_": 1, "COMPLEX_ID": 24167, "STRUCTURE1": "A", "INSTALL_DA": "1994-05-11T00:00:00", "REMOVAL_DA": "2008-06-15T00:00:00" }, "geometry": { "type": "Point", "coordinates": [ -88.796466731148044, 29.297749943063394 ] } },
{ "type": "Feature", "properties": { "STRUCTURE_": 1, "COMPLEX_ID": 24173, "STRUCTURE1": "CAIS.#3", "INSTALL_DA": "1994-02-25T00:00:00", "REMOVAL_DA": "2003-07-12T00:00:00" }, "geometry": { "type": "Point", "coordinates": [ -88.296140795101721, 29.536094437148968 ] } },
{ "type": "Feature", "properties": { "STRUCTURE_": 1, "COMPLEX_ID": 24150, "STRUCTURE1": "3", "INSTALL_DA": "1993-01-01T00:00:00", "REMOVAL_DA": "2020-06-24T00:00:00" }, "geometry": { "type": "Point", "coordinates": [ -88.288718057246953, 29.796369364496112 ] } },
{ "type": "Feature", "properties": { "STRUCTURE_": 3, "COMPLEX_ID": 22798, "STRUCTURE1": "2", "INSTALL_DA": "1983-01-01T00:00:00", "REMOVAL_DA": null }, "geometry": { "type": "Point", "coordinates": [ -89.055225696495043, 29.302007521759354 ] } },
{ "type": "Feature", "properties": { "STRUCTURE_": 1, "COMPLEX_ID": 20015, "STRUCTURE1": "D", "INSTALL_DA": "1963-01-01T00:00:00", "REMOVAL_DA": null }, "geometry": { "type": "Point", "coordinates": [ -89.819623941203318, 28.969889378903282 ] } },
{ "type": "Feature", "properties": { "STRUCTURE_": 1, "COMPLEX_ID": 20016, "STRUCTURE1": "C", "INSTALL_DA": "1962-01-01T00:00:00", "REMOVAL_DA": "2012-04-30T00:00:00" }, "geometry": { "type": "Point", "coordinates": [ -89.843586631043863, 28.979931050281852 ] } },
{ "type": "Feature", "properties": { "STRUCTURE_": 1, "COMPLEX_ID": 20017, "STRUCTURE1": "B", "INSTALL_DA": "1960-01-01T00:00:00", "REMOVAL_DA": "1978-12-31T00:00:00" }, "geometry": { "type": "Point", "coordinates": [ -89.786629991179552, 28.955528848192898 ] } },
{ "type": "Feature", "properties": { "STRUCTURE_": 1, "COMPLEX_ID": 20022, "STRUCTURE1": "N", "INSTALL_DA": "1967-01-01T00:00:00", "REMOVAL_DA": "2011-12-01T00:00:00" }, "geometry": { "type": "Point", "coordinates": [ -89.824905541989708, 28.942986510811682 ] } },
{ "type": "Feature", "properties": { "STRUCTURE_": 1, "COMPLEX_ID": 20023, "STRUCTURE1": "M", "INSTALL_DA": "1966-01-01T00:00:00", "REMOVAL_DA": "2011-09-14T00:00:00" }, "geometry": { "type": "Point", "coordinates": [ -89.788135053952473, 28.982780992638073 ] } },
{ "type": "Feature", "properties": { "STRUCTURE_": 1, "COMPLEX_ID": 20024, "STRUCTURE1": "K", "INSTALL_DA": "1966-01-01T00:00:00", "REMOVAL_DA": "2010-08-01T00:00:00" }, "geometry": { "type": "Point", "coordinates": [ -89.835663394058201, 28.964679533117007 ] } },
{ "type": "Feature", "properties": { "STRUCTURE_": 1, "COMPLEX_ID": 20025, "STRUCTURE1": "H", "INSTALL_DA": "1965-01-01T00:00:00", "REMOVAL_DA": "2008-11-02T00:00:00" }, "geometry": { "type": "Point", "coordinates": [ -89.809916646529956, 28.945108162120132 ] } },
{ "type": "Feature", "properties": { "STRUCTURE_": 1, "COMPLEX_ID": 20026, "STRUCTURE1": "G", "INSTALL_DA": "1964-01-01T00:00:00", "REMOVAL_DA": "2008-11-27T00:00:00" }, "geometry": { "type": "Point", "coordinates": [ -89.779187763538374, 28.933893531765218 ] } },
{ "type": "Feature", "properties": { "STRUCTURE_": 1, "COMPLEX_ID": 20027, "STRUCTURE1": "E", "INSTALL_DA": "1962-01-01T00:00:00", "REMOVAL_DA": null }, "geometry": { "type": "Point", "coordinates": [ -89.798096328773298, 28.970690366047911 ] } },
{ "type": "Feature", "properties": { "STRUCTURE_": 1, "COMPLEX_ID": 20028, "STRUCTURE1": "F", "INSTALL_DA": "1965-01-01T00:00:00", "REMOVAL_DA": "1996-09-29T00:00:00" }, "geometry": { "type": "Point", "coordinates": [ -89.835634384030243, 28.952303921486596 ] } },
{ "type": "Feature", "properties": { "STRUCTURE_": 1, "COMPLEX_ID": 20033, "STRUCTURE1": "R", "INSTALL_DA": "1967-01-01T00:00:00", "REMOVAL_DA": "2008-06-20T00:00:00" }, "geometry": { "type": "Point", "coordinates": [ -89.837033384544441, 28.899367584575568 ] } },
{ "type": "Feature", "properties": { "STRUCTURE_": 2, "COMPLEX_ID": 22597, "STRUCTURE1": "3", "INSTALL_DA": "1963-01-01T00:00:00", "REMOVAL_DA": "2014-03-14T00:00:00" }, "geometry": { "type": "Point", "coordinates": [ -88.960873253251904, 29.400183478334625 ] } },
{ "type": "Feature", "properties": { "STRUCTURE_": 2, "COMPLEX_ID": 21809, "STRUCTURE1": "A-TWR", "INSTALL_DA": "1968-01-01T00:00:00", "REMOVAL_DA": null }, "geometry": { "type": "Point", "coordinates": [ -89.706562705445194, 28.947128156426459 ] } },
{ "type": "Feature", "properties": { "STRUCTURE_": 3, "COMPLEX_ID": 21809, "STRUCTURE1": "QTRS", "INSTALL_DA": "1964-01-01T00:00:00", "REMOVAL_DA": null }, "geometry": { "type": "Point", "coordinates": [ -89.706303698483396, 28.947711138265209 ] } },
{ "type": "Feature", "properties": { "STRUCTURE_": 4, "COMPLEX_ID": 21809, "STRUCTURE1": "D", "INSTALL_DA": "1965-01-01T00:00:00", "REMOVAL_DA": null }, "geometry": { "type": "Point", "coordinates": [ -89.706521704692634, 28.947714138051627 ] } },
{ "type": "Feature", "properties": { "STRUCTURE_": 1, "COMPLEX_ID": 24118, "STRUCTURE1": "1", "INSTALL_DA": "1993-01-29T00:00:00", "REMOVAL_DA": "1998-08-16T00:00:00" }, "geometry": { "type": "Point", "coordinates": [ -88.797136917518415, 29.653674092103085 ] } },
{ "type": "Feature", "properties": { "STRUCTURE_": 2, "COMPLEX_ID": 21814, "STRUCTURE1": "C", "INSTALL_DA": "1956-01-01T00:00:00", "REMOVAL_DA": "2016-01-03T00:00:00" }, "geometry": { "type": "Point", "coordinates": [ -89.631624595925501, 29.107312000793865 ] } },
{ "type": "Feature", "properties": { "STRUCTURE_": 2, "COMPLEX_ID": 20375, "STRUCTURE1": "D", "INSTALL_DA": "1987-01-01T00:00:00", "REMOVAL_DA": null }, "geometry": { "type": "Point", "coordinates": [ -88.734233847179382, 29.087072482367098 ] } },
{ "type": "Feature", "properties": { "STRUCTURE_": 1, "COMPLEX_ID": 24159, "STRUCTURE1": "F", "INSTALL_DA": "1993-12-07T00:00:00", "REMOVAL_DA": null }, "geometry": { "type": "Point", "coordinates": [ -89.663209424936895, 28.880731267998758 ] } },
{ "type": "Feature", "properties": { "STRUCTURE_": 1, "COMPLEX_ID": 20161, "STRUCTURE1": "B", "INSTALL_DA": "1964-01-01T00:00:00", "REMOVAL_DA": null }, "geometry": { "type": "Point", "coordinates": [ -89.679603934200713, 28.941893335486316 ] } },
{ "type": "Feature", "properties": { "STRUCTURE_": 1, "COMPLEX_ID": 20162, "STRUCTURE1": "C", "INSTALL_DA": "1964-01-01T00:00:00", "REMOVAL_DA": null }, "geometry": { "type": "Point", "coordinates": [ -89.715639960399812, 28.942211305836409 ] } },
{ "type": "Feature", "properties": { "STRUCTURE_": 1, "COMPLEX_ID": 20163, "STRUCTURE1": "F", "INSTALL_DA": "1965-01-01T00:00:00", "REMOVAL_DA": null }, "geometry": { "type": "Point", "coordinates": [ -89.683769060261909, 28.952547998717943 ] } },
{ "type": "Feature", "properties": { "STRUCTURE_": 1, "COMPLEX_ID": 20164, "STRUCTURE1": "A", "INSTALL_DA": "1963-01-01T00:00:00", "REMOVAL_DA": "2007-11-03T00:00:00" }, "geometry": { "type": "Point", "coordinates": [ -89.795660157935458, 28.831790738590122 ] } },
{ "type": "Feature", "properties": { "STRUCTURE_": 1, "COMPLEX_ID": 20165, "STRUCTURE1": "C", "INSTALL_DA": "1969-01-01T00:00:00", "REMOVAL_DA": "2024-08-14T00:00:00" }, "geometry": { "type": "Point", "coordinates": [ -89.518271258707145, 28.948550473645906 ] } },
{ "type": "Feature", "properties": { "STRUCTURE_": 1, "COMPLEX_ID": 20168, "STRUCTURE1": "A", "INSTALL_DA": "1954-01-01T00:00:00", "REMOVAL_DA": "1981-12-31T00:00:00" }, "geometry": { "type": "Point", "coordinates": [ -89.523774458127093, 29.011946487743462 ] } },
{ "type": "Feature", "properties": { "STRUCTURE_": 1, "COMPLEX_ID": 20169, "STRUCTURE1": "1", "INSTALL_DA": "1958-01-01T00:00:00", "REMOVAL_DA": "1989-02-20T00:00:00" }, "geometry": { "type": "Point", "coordinates": [ -89.633533669910179, 29.10570650905419 ] } },
{ "type": "Feature", "properties": { "STRUCTURE_": 1, "COMPLEX_ID": 20103, "STRUCTURE1": "E", "INSTALL_DA": "1965-01-01T00:00:00", "REMOVAL_DA": null }, "geometry": { "type": "Point", "coordinates": [ -89.761671267795379, 28.937904415589895 ] } },
{ "type": "Feature", "properties": { "STRUCTURE_": 1, "COMPLEX_ID": 20105, "STRUCTURE1": "C", "INSTALL_DA": "1969-01-01T00:00:00", "REMOVAL_DA": "1993-08-17T00:00:00" }, "geometry": { "type": "Point", "coordinates": [ -89.616855069063632, 28.927289089139382 ] } },
{ "type": "Feature", "properties": { "STRUCTURE_": 1, "COMPLEX_ID": 20106, "STRUCTURE1": "F", "INSTALL_DA": "1968-01-01T00:00:00", "REMOVAL_DA": null }, "geometry": { "type": "Point", "coordinates": [ -89.655394263642435, 28.968870501938476 ] } },
{ "type": "Feature", "properties": { "STRUCTURE_": 1, "COMPLEX_ID": 20107, "STRUCTURE1": "B", "INSTALL_DA": "1971-01-01T00:00:00", "REMOVAL_DA": "1992-10-06T00:00:00" }, "geometry": { "type": "Point", "coordinates": [ -89.800661515947937, 29.125472529441339 ] } },
{ "type": "Feature", "properties": { "STRUCTURE_": 1, "COMPLEX_ID": 20108, "STRUCTURE1": "B", "INSTALL_DA": "1952-01-01T00:00:00", "REMOVAL_DA": null }, "geometry": { "type": "Point", "coordinates": [ -89.607173942122216, 29.14745722662753 ] } },
{ "type": "Feature", "properties": { "STRUCTURE_": 1, "COMPLEX_ID": 20113, "STRUCTURE1": "A", "INSTALL_DA": "1968-01-01T00:00:00", "REMOVAL_DA": "2007-06-24T00:00:00" }, "geometry": { "type": "Point", "coordinates": [ -89.792208283901715, 29.13770715368603 ] } },
{ "type": "Feature", "properties": { "STRUCTURE_": 2, "COMPLEX_ID": 20113, "STRUCTURE1": "C", "INSTALL_DA": "1973-01-01T00:00:00", "REMOVAL_DA": "2007-06-24T00:00:00" }, "geometry": { "type": "Point", "coordinates": [ -89.792170282833382, 29.137728153054656 ] } },
{ "type": "Feature", "properties": { "STRUCTURE_": 1, "COMPLEX_ID": 20114, "STRUCTURE1": "A", "INSTALL_DA": "1964-01-01T00:00:00", "REMOVAL_DA": null }, "geometry": { "type": "Point", "coordinates": [ -89.660568339958161, 28.938622989096931 ] } },
{ "type": "Feature", "properties": { "STRUCTURE_": 2, "COMPLEX_ID": 20114, "STRUCTURE1": "E", "INSTALL_DA": "1973-01-01T00:00:00", "REMOVAL_DA": null }, "geometry": { "type": "Point", "coordinates": [ -89.660274381586547, 28.938619448741182 ] } },
{ "type": "Feature", "properties": { "STRUCTURE_": 3, "COMPLEX_ID": 20114, "STRUCTURE1": "B", "INSTALL_DA": "1968-01-01T00:00:00", "REMOVAL_DA": null }, "geometry": { "type": "Point", "coordinates": [ -89.659803877244372, 28.938156654155133 ] } },
{ "type": "Feature", "properties": { "STRUCTURE_": 1, "COMPLEX_ID": 20144, "STRUCTURE1": "U", "INSTALL_DA": "1962-01-01T00:00:00", "REMOVAL_DA": "1996-08-24T00:00:00" }, "geometry": { "type": "Point", "coordinates": [ -89.680137078472086, 29.125340600790064 ] } },
{ "type": "Feature", "properties": { "STRUCTURE_": 1, "COMPLEX_ID": 20145, "STRUCTURE1": "F", "INSTALL_DA": "1955-01-01T00:00:00", "REMOVAL_DA": null }, "geometry": { "type": "Point", "coordinates": [ -89.649912212873943, 29.120289774338261 ] } },
{ "type": "Feature", "properties": { "STRUCTURE_": 1, "COMPLEX_ID": 20146, "STRUCTURE1": "H", "INSTALL_DA": "1955-01-01T00:00:00", "REMOVAL_DA": "2001-09-29T00:00:00" }, "geometry": { "type": "Point", "coordinates": [ -89.665164671798408, 29.154293708748511 ] } },
{ "type": "Feature", "properties": { "STRUCTURE_": 1, "COMPLEX_ID": 20147, "STRUCTURE1": "J", "INSTALL_DA": "1956-01-01T00:00:00", "REMOVAL_DA": null }, "geometry": { "type": "Point", "coordinates": [ -89.619442272855579, 29.116330186414466 ] } },
{ "type": "Feature", "properties": { "STRUCTURE_": 1, "COMPLEX_ID": 20148, "STRUCTURE1": "L", "INSTALL_DA": "1956-01-01T00:00:00", "REMOVAL_DA": null }, "geometry": { "type": "Point", "coordinates": [ -89.672120860436536, 29.140375137547522 ] } },
{ "type": "Feature", "properties": { "STRUCTURE_": 1, "COMPLEX_ID": 20149, "STRUCTURE1": "N", "INSTALL_DA": "1957-01-01T00:00:00", "REMOVAL_DA": null }, "geometry": { "type": "Point", "coordinates": [ -89.663806617859066, 29.132684381212929 ] } },
{ "type": "Feature", "properties": { "STRUCTURE_": 1, "COMPLEX_ID": 20034, "STRUCTURE1": "T", "INSTALL_DA": "1968-01-01T00:00:00", "REMOVAL_DA": "1995-05-27T00:00:00" }, "geometry": { "type": "Point", "coordinates": [ -89.808897591527611, 28.909750273962185 ] } },
{ "type": "Feature", "properties": { "STRUCTURE_": 1, "COMPLEX_ID": 20035, "STRUCTURE1": "U", "INSTALL_DA": "1970-01-01T00:00:00", "REMOVAL_DA": null }, "geometry": { "type": "Point", "coordinates": [ -89.84185860765237, 29.014506968377525 ] } },
{ "type": "Feature", "properties": { "STRUCTURE_": 1, "COMPLEX_ID": 20036, "STRUCTURE1": "V", "INSTALL_DA": "1970-01-01T00:00:00", "REMOVAL_DA": null }, "geometry": { "type": "Point", "coordinates": [ -89.781941836887498, 28.926954748257184 ] } },
{ "type": "Feature", "properties": { "STRUCTURE_": 1, "COMPLEX_ID": 20037, "STRUCTURE1": "1", "INSTALL_DA": "1960-01-01T00:00:00", "REMOVAL_DA": "1976-12-31T00:00:00" }, "geometry": { "type": "Point", "coordinates": [ -89.775191672599973, 28.965292548289145 ] } },
{ "type": "Feature", "properties": { "STRUCTURE_": 1, "COMPLEX_ID": 20241, "STRUCTURE1": "3", "INSTALL_DA": "1961-01-01T00:00:00", "REMOVAL_DA": null }, "geometry": { "type": "Point", "coordinates": [ -89.687432298317844, 29.141942080483428 ] } },
{ "type": "Feature", "properties": { "STRUCTURE_": 1, "COMPLEX_ID": 20242, "STRUCTURE1": "2", "INSTALL_DA": "1960-01-01T00:00:00", "REMOVAL_DA": "2025-09-27T00:00:00" }, "geometry": { "type": "Point", "coordinates": [ -89.70979991788343, 29.116097872178848 ] } },
{ "type": "Feature", "properties": { "STRUCTURE_": 1, "COMPLEX_ID": 20243, "STRUCTURE1": "2", "INSTALL_DA": "1960-01-01T00:00:00", "REMOVAL_DA": "2002-01-10T00:00:00" }, "geometry": { "type": "Point", "coordinates": [ -89.69174441362432, 29.131105415106532 ] } },
{ "type": "Feature", "properties": { "STRUCTURE_": 1, "COMPLEX_ID": 20244, "STRUCTURE1": "1", "INSTALL_DA": "1963-01-01T00:00:00", "REMOVAL_DA": "2002-01-03T00:00:00" }, "geometry": { "type": "Point", "coordinates": [ -89.699233627390768, 29.131320404311627 ] } },
{ "type": "Feature", "properties": { "STRUCTURE_": 1, "COMPLEX_ID": 20245, "STRUCTURE1": "1", "INSTALL_DA": "1960-01-01T00:00:00", "REMOVAL_DA": "2002-01-09T00:00:00" }, "geometry": { "type": "Point", "coordinates": [ -89.687610295670396, 29.131053418986216 ] } },
{ "type": "Feature", "properties": { "STRUCTURE_": 1, "COMPLEX_ID": 20246, "STRUCTURE1": "A", "INSTALL_DA": "1967-01-01T00:00:00", "REMOVAL_DA": "1978-12-31T00:00:00" }, "geometry": { "type": "Point", "coordinates": [ -89.715749087596393, 29.116171866592218 ] } },
{ "type": "Feature", "properties": { "STRUCTURE_": 1, "COMPLEX_ID": 20247, "STRUCTURE1": "B", "INSTALL_DA": "1963-01-01T00:00:00", "REMOVAL_DA": null }, "geometry": { "type": "Point", "coordinates": [ -89.693925467030056, 29.118718799321581 ] } },
{ "type": "Feature", "properties": { "STRUCTURE_": 1, "COMPLEX_ID": 20248, "STRUCTURE1": "C", "INSTALL_DA": "1964-01-01T00:00:00", "REMOVAL_DA": "2004-10-17T00:00:00" }, "geometry": { "type": "Point", "coordinates": [ -89.707160856263883, 29.135192279527498 ] } },
{ "type": "Feature", "properties": { "STRUCTURE_": 1, "COMPLEX_ID": 20249, "STRUCTURE1": "D-QTR", "INSTALL_DA": "1970-01-01T00:00:00", "REMOVAL_DA": null }, "geometry": { "type": "Point", "coordinates": [ -89.690673381437378, 29.128798487454553 ] } },
{ "type": "Feature", "properties": { "STRUCTURE_": 2, "COMPLEX_ID": 20249, "STRUCTURE1": "A", "INSTALL_DA": "1962-01-01T00:00:00", "REMOVAL_DA": null }, "geometry": { "type": "Point", "coordinates": [ -89.690360372506802, 29.128794487750326 ] } },
{ "type": "Feature", "properties": { "STRUCTURE_": 1, "COMPLEX_ID": 20250, "STRUCTURE1": "TEST-OIL", "INSTALL_DA": "1963-01-01T00:00:00", "REMOVAL_DA": "1995-07-28T00:00:00" }, "geometry": { "type": "Point", "coordinates": [ -89.541298071375962, 29.178100311299822 ] } },
{ "type": "Feature", "properties": { "STRUCTURE_": 1, "COMPLEX_ID": 20251, "STRUCTURE1": "16", "INSTALL_DA": "1968-01-01T00:00:00", "REMOVAL_DA": "2017-11-25T00:00:00" }, "geometry": { "type": "Point", "coordinates": [ -89.557174531362378, 29.184093117517353 ] } },
{ "type": "Feature", "properties": { "STRUCTURE_": 1, "COMPLEX_ID": 20252, "STRUCTURE1": "15", "INSTALL_DA": "1968-01-01T00:00:00", "REMOVAL_DA": "2015-05-27T00:00:00" }, "geometry": { "type": "Point", "coordinates": [ -89.557556539740872, 29.18024823636862 ] } },
{ "type": "Feature", "properties": { "STRUCTURE_": 1, "COMPLEX_ID": 20253, "STRUCTURE1": "14", "INSTALL_DA": "1967-01-01T00:00:00", "REMOVAL_DA": "1997-05-27T00:00:00" }, "geometry": { "type": "Point", "coordinates": [ -89.564800746363758, 29.178146297693754 ] } },
{ "type": "Feature", "properties": { "STRUCTURE_": 1, "COMPLEX_ID": 20254, "STRUCTURE1": "13(Removed)", "INSTALL_DA": "1967-01-01T00:00:00", "REMOVAL_DA": "1997-09-20T00:00:00" }, "geometry": { "type": "Point", "coordinates": [ -89.562828693243375, 29.183345137735778 ] } },
{ "type": "Feature", "properties": { "STRUCTURE_": 1, "COMPLEX_ID": 20219, "STRUCTURE1": "A", "INSTALL_DA": "1972-01-01T00:00:00", "REMOVAL_DA": null }, "geometry": { "type": "Point", "coordinates": [ -89.699873263398985, 28.587503552408524 ] } },
{ "type": "Feature", "properties": { "STRUCTURE_": 1, "COMPLEX_ID": 20220, "STRUCTURE1": "D", "INSTALL_DA": "1965-01-01T00:00:00", "REMOVAL_DA": "1992-01-20T00:00:00" }, "geometry": { "type": "Point", "coordinates": [ -89.735244370832916, 28.734675846408138 ] } },
{ "type": "Feature", "properties": { "STRUCTURE_": 1, "COMPLEX_ID": 20221, "STRUCTURE1": "B", "INSTALL_DA": "1966-01-01T00:00:00", "REMOVAL_DA": null }, "geometry": { "type": "Point", "coordinates": [ -89.693077170700121, 28.731815960164298 ] } },
{ "type": "Feature", "properties": { "STRUCTURE_": 1, "COMPLEX_ID": 20222, "STRUCTURE1": "E", "INSTALL_DA": "1967-01-01T00:00:00", "REMOVAL_DA": "1999-06-02T00:00:00" }, "geometry": { "type": "Point", "coordinates": [ -89.686642981410003, 28.722500259334218 ] } },
{ "type": "Feature", "properties": { "STRUCTURE_": 1, "COMPLEX_ID": 20223, "STRUCTURE1": "D", "INSTALL_DA": "1969-01-01T00:00:00", "REMOVAL_DA": "2009-08-11T00:00:00" }, "geometry": { "type": "Point", "coordinates": [ -89.790000987814224, 28.819145141242505 ] } },
{ "type": "Feature", "properties": { "STRUCTURE_": 1, "COMPLEX_ID": 20224, "STRUCTURE1": "E", "INSTALL_DA": "1969-01-01T00:00:00", "REMOVAL_DA": "2011-07-13T00:00:00" }, "geometry": { "type": "Point", "coordinates": [ -89.784674832471012, 28.813771314067576 ] } },
{ "type": "Feature", "properties": { "STRUCTURE_": 1, "COMPLEX_ID": 20225, "STRUCTURE1": "C", "INSTALL_DA": "1965-01-01T00:00:00", "REMOVAL_DA": "2015-06-05T00:00:00" }, "geometry": { "type": "Point", "coordinates": [ -89.788100927036226, 28.809838436461238 ] } },
{ "type": "Feature", "properties": { "STRUCTURE_": 2, "COMPLEX_ID": 20225, "STRUCTURE1": "QRT", "INSTALL_DA": "1982-01-01T00:00:00", "REMOVAL_DA": "2009-07-20T00:00:00" }, "geometry": { "type": "Point", "coordinates": [ -89.787177900287631, 28.809142458982958 ] } },
{ "type": "Feature", "properties": { "STRUCTURE_": 1, "COMPLEX_ID": 20226, "STRUCTURE1": "D", "INSTALL_DA": "1967-01-01T00:00:00", "REMOVAL_DA": null }, "geometry": { "type": "Point", "coordinates": [ -89.607399756050143, 28.865160045884984 ] } },
{ "type": "Feature", "properties": { "STRUCTURE_": 1, "COMPLEX_ID": 20227, "STRUCTURE1": "C", "INSTALL_DA": "1965-01-01T00:00:00", "REMOVAL_DA": null }, "geometry": { "type": "Point", "coordinates": [ -89.632025458735768, 28.861711141421889 ] } },
{ "type": "Feature", "properties": { "STRUCTURE_": 1, "COMPLEX_ID": 20228, "STRUCTURE1": "B", "INSTALL_DA": "1965-01-01T00:00:00", "REMOVAL_DA": null }, "geometry": { "type": "Point", "coordinates": [ -89.644147872237866, 28.865761749913581 ] } },
{ "type": "Feature", "properties": { "STRUCTURE_": 1, "COMPLEX_ID": 20229, "STRUCTURE1": "A", "INSTALL_DA": "1965-01-01T00:00:00", "REMOVAL_DA": null }, "geometry": { "type": "Point", "coordinates": [ -89.656912232946524, 28.86221685484869 ] } },
{ "type": "Feature", "properties": { "STRUCTURE_": 1, "COMPLEX_ID": 20230, "STRUCTURE1": "D", "INSTALL_DA": "1971-01-01T00:00:00", "REMOVAL_DA": "2024-08-28T00:00:00" }, "geometry": { "type": "Point", "coordinates": [ -89.500449762567811, 28.97089578294824 ] } },
{ "type": "Feature", "properties": { "STRUCTURE_": 1, "COMPLEX_ID": 20231, "STRUCTURE1": "B", "INSTALL_DA": "1970-01-01T00:00:00", "REMOVAL_DA": "2023-10-23T00:00:00" }, "geometry": { "type": "Point", "coordinates": [ -89.507039942504221, 28.95718820875998 ] } },
{ "type": "Feature", "properties": { "STRUCTURE_": 1, "COMPLEX_ID": 20233, "STRUCTURE1": "B", "INSTALL_DA": "1964-01-01T00:00:00", "REMOVAL_DA": "2014-11-04T00:00:00" }, "geometry": { "type": "Point", "coordinates": [ -89.768010565879905, 29.099624352769737 ] } },
{ "type": "Feature", "properties": { "STRUCTURE_": 1, "COMPLEX_ID": 20234, "STRUCTURE1": "2", "INSTALL_DA": "1971-01-01T00:00:00", "REMOVAL_DA": "1983-12-31T00:00:00" }, "geometry": { "type": "Point", "coordinates": [ -89.813796890237484, 29.125050535057007 ] } },
{ "type": "Feature", "properties": { "STRUCTURE_": 1, "COMPLEX_ID": 20235, "STRUCTURE1": "18", "INSTALL_DA": "1964-01-01T00:00:00", "REMOVAL_DA": "2002-01-12T00:00:00" }, "geometry": { "type": "Point", "coordinates": [ -89.690353384993642, 29.146655932358286 ] } },
{ "type": "Feature", "properties": { "STRUCTURE_": 1, "COMPLEX_ID": 20236, "STRUCTURE1": "12", "INSTALL_DA": "1960-01-01T00:00:00", "REMOVAL_DA": "2001-12-24T00:00:00" }, "geometry": { "type": "Point", "coordinates": [ -89.696049541583491, 29.138362187064629 ] } },
{ "type": "Feature", "properties": { "STRUCTURE_": 1, "COMPLEX_ID": 20191, "STRUCTURE1": "DA", "INSTALL_DA": "1967-01-01T00:00:00", "REMOVAL_DA": "2010-07-10T00:00:00" }, "geometry": { "type": "Point", "coordinates": [ -89.569542849298458, 29.129011818812064 ] } },
{ "type": "Feature", "properties": { "STRUCTURE_": 1, "COMPLEX_ID": 20192, "STRUCTURE1": "10", "INSTALL_DA": "1972-01-01T00:00:00", "REMOVAL_DA": null }, "geometry": { "type": "Point", "coordinates": [ -89.554723429040692, 29.136640589704466 ] } },
{ "type": "Feature", "properties": { "STRUCTURE_": 1, "COMPLEX_ID": 20195, "STRUCTURE1": "A", "INSTALL_DA": "1969-01-01T00:00:00", "REMOVAL_DA": "2010-09-07T00:00:00" }, "geometry": { "type": "Point", "coordinates": [ -88.576111363228989, 29.225680238089382 ] } },
{ "type": "Feature", "properties": { "STRUCTURE_": 1, "COMPLEX_ID": 20196, "STRUCTURE1": "B", "INSTALL_DA": "1968-01-01T00:00:00", "REMOVAL_DA": null }, "geometry": { "type": "Point", "coordinates": [ -88.44157350748533, 29.258781256439555 ] } },
{ "type": "Feature", "properties": { "STRUCTURE_": 1, "COMPLEX_ID": 20197, "STRUCTURE1": "D", "INSTALL_DA": "1970-01-01T00:00:00", "REMOVAL_DA": null }, "geometry": { "type": "Point", "coordinates": [ -88.75750659018091, 29.253088332604968 ] } },
{ "type": "Feature", "properties": { "STRUCTURE_": 1, "COMPLEX_ID": 20198, "STRUCTURE1": "G", "INSTALL_DA": "1965-01-01T00:00:00", "REMOVAL_DA": "2000-06-16T00:00:00" }, "geometry": { "type": "Point", "coordinates": [ -89.051322120074758, 29.406407510704355 ] } },
{ "type": "Feature", "properties": { "STRUCTURE_": 2, "COMPLEX_ID": 20198, "STRUCTURE1": "GA", "INSTALL_DA": "1965-01-01T00:00:00", "REMOVAL_DA": "2000-06-16T00:00:00" }, "geometry": { "type": "Point", "coordinates": [ -89.050902107804419, 29.406078520945194 ] } },
{ "type": "Feature", "properties": { "STRUCTURE_": 1, "COMPLEX_ID": 20199, "STRUCTURE1": "J", "INSTALL_DA": "1966-01-01T00:00:00", "REMOVAL_DA": null }, "geometry": { "type": "Point", "coordinates": [ -89.004555772366132, 29.404117599885033 ] } },
{ "type": "Feature", "properties": { "STRUCTURE_": 1, "COMPLEX_ID": 20200, "STRUCTURE1": "B", "INSTALL_DA": "1970-01-01T00:00:00", "REMOVAL_DA": null }, "geometry": { "type": "Point", "coordinates": [ -88.665372956877022, 29.290257218641024 ] } },
{ "type": "Feature", "properties": { "STRUCTURE_": 2, "COMPLEX_ID": 20200, "STRUCTURE1": "BA-SAT", "INSTALL_DA": "1981-01-01T00:00:00", "REMOVAL_DA": null }, "geometry": { "type": "Point", "coordinates": [ -88.665182951594772, 29.29068520553022 ] } },
{ "type": "Feature", "properties": { "STRUCTURE_": 1, "COMPLEX_ID": 20201, "STRUCTURE1": "A", "INSTALL_DA": "1968-01-01T00:00:00", "REMOVAL_DA": null }, "geometry": { "type": "Point", "coordinates": [ -88.669134066096873, 29.292661143413465 ] } },
{ "type": "Feature", "properties": { "STRUCTURE_": 1, "COMPLEX_ID": 20202, "STRUCTURE1": "A", "INSTALL_DA": "1967-01-01T00:00:00", "REMOVAL_DA": null }, "geometry": { "type": "Point", "coordinates": [ -88.743944122689712, 29.079786705686999 ] } },
{ "type": "Feature", "properties": { "STRUCTURE_": 1, "COMPLEX_ID": 20170, "STRUCTURE1": "2", "INSTALL_DA": "1958-01-01T00:00:00", "REMOVAL_DA": "1983-12-31T00:00:00" }, "geometry": { "type": "Point", "coordinates": [ -89.635185717627905, 29.106153494276583 ] } },
{ "type": "Feature", "properties": { "STRUCTURE_": 1, "COMPLEX_ID": 20172, "STRUCTURE1": "G", "INSTALL_DA": "1959-01-01T00:00:00", "REMOVAL_DA": "2015-12-07T00:00:00" }, "geometry": { "type": "Point", "coordinates": [ -89.640991951719613, 29.110603080672597 ] } },
{ "type": "Feature", "properties": { "STRUCTURE_": 1, "COMPLEX_ID": 20173, "STRUCTURE1": "A", "INSTALL_DA": "1955-01-01T00:00:00", "REMOVAL_DA": "2016-10-10T00:00:00" }, "geometry": { "type": "Point", "coordinates": [ -89.643824031276097, 29.108866133237708 ] } },
{ "type": "Feature", "properties": { "STRUCTURE_": 1, "COMPLEX_ID": 20174, "STRUCTURE1": "F", "INSTALL_DA": "1959-01-01T00:00:00", "REMOVAL_DA": "2008-08-20T00:00:00" }, "geometry": { "type": "Point", "coordinates": [ -89.633672668853379, 29.098422735440128 ] } },
{ "type": "Feature", "properties": { "STRUCTURE_": 1, "COMPLEX_ID": 20175, "STRUCTURE1": "E", "INSTALL_DA": "1957-01-01T00:00:00", "REMOVAL_DA": "2011-08-16T00:00:00" }, "geometry": { "type": "Point", "coordinates": [ -89.638349809051007, 29.10705346460891 ] } },
{ "type": "Feature", "properties": { "STRUCTURE_": 1, "COMPLEX_ID": 20176, "STRUCTURE1": "D", "INSTALL_DA": "1957-01-01T00:00:00", "REMOVAL_DA": "2015-11-30T00:00:00" }, "geometry": { "type": "Point", "coordinates": [ -89.652271369897548, 29.105606639576227 ] } },
{ "type": "Feature", "properties": { "STRUCTURE_": 1, "COMPLEX_ID": 20178, "STRUCTURE1": "A", "INSTALL_DA": "1966-01-01T00:00:00", "REMOVAL_DA": "2014-10-27T00:00:00" }, "geometry": { "type": "Point", "coordinates": [ -89.78405601943561, 29.094265510689493 ] } },
{ "type": "Feature", "properties": { "STRUCTURE_": 1, "COMPLEX_ID": 20179, "STRUCTURE1": "G", "INSTALL_DA": "1955-01-01T00:00:00", "REMOVAL_DA": "1994-07-22T00:00:00" }, "geometry": { "type": "Point", "coordinates": [ -89.616740218435666, 29.14989314599794 ] } },
{ "type": "Feature", "properties": { "STRUCTURE_": 1, "COMPLEX_ID": 20181, "STRUCTURE1": "G", "INSTALL_DA": "1952-01-01T00:00:00", "REMOVAL_DA": "1997-08-17T00:00:00" }, "geometry": { "type": "Point", "coordinates": [ -89.608542985190439, 29.152934056040976 ] } },
{ "type": "Feature", "properties": { "STRUCTURE_": 1, "COMPLEX_ID": 20182, "STRUCTURE1": "D", "INSTALL_DA": "1952-01-01T00:00:00", "REMOVAL_DA": null }, "geometry": { "type": "Point", "coordinates": [ -89.595979614298443, 29.138024525201114 ] } },
{ "type": "Feature", "properties": { "STRUCTURE_": 1, "COMPLEX_ID": 20183, "STRUCTURE1": "C", "INSTALL_DA": "1952-01-01T00:00:00", "REMOVAL_DA": null }, "geometry": { "type": "Point", "coordinates": [ -89.605224874154658, 29.129948770993508 ] } },
{ "type": "Feature", "properties": { "STRUCTURE_": 1, "COMPLEX_ID": 20185, "STRUCTURE1": "CC", "INSTALL_DA": "1961-01-01T00:00:00", "REMOVAL_DA": null }, "geometry": { "type": "Point", "coordinates": [ -89.602047776006486, 29.119794088020829 ] } },
{ "type": "Feature", "properties": { "STRUCTURE_": 2, "COMPLEX_ID": 20185, "STRUCTURE1": "23", "INSTALL_DA": "1966-01-01T00:00:00", "REMOVAL_DA": "2010-07-03T00:00:00" }, "geometry": { "type": "Point", "coordinates": [ -89.601888771166372, 29.119390100653757 ] } },
{ "type": "Feature", "properties": { "STRUCTURE_": 1, "COMPLEX_ID": 20186, "STRUCTURE1": "CB-REMOVED", "INSTALL_DA": "1959-01-01T00:00:00", "REMOVAL_DA": "1997-06-02T00:00:00" }, "geometry": { "type": "Point", "coordinates": [ -89.609641995277372, 29.1217010247743 ] } },
{ "type": "Feature", "properties": { "STRUCTURE_": 1, "COMPLEX_ID": 20187, "STRUCTURE1": "27", "INSTALL_DA": "1970-01-01T00:00:00", "REMOVAL_DA": "1976-12-31T00:00:00" }, "geometry": { "type": "Point", "coordinates": [ -89.60930801429204, 29.163309733968269 ] } },
{ "type": "Feature", "properties": { "STRUCTURE_": 1, "COMPLEX_ID": 20190, "STRUCTURE1": "33", "INSTALL_DA": "1967-01-01T00:00:00", "REMOVAL_DA": null }, "geometry": { "type": "Point", "coordinates": [ -89.579205134205253, 29.140148468099415 ] } },
{ "type": "Feature", "properties": { "STRUCTURE_": 1, "COMPLEX_ID": 20151, "STRUCTURE1": "Q", "INSTALL_DA": "1957-01-01T00:00:00", "REMOVAL_DA": "2004-06-26T00:00:00" }, "geometry": { "type": "Point", "coordinates": [ -89.679461061719422, 29.128917489876919 ] } },
{ "type": "Feature", "properties": { "STRUCTURE_": 1, "COMPLEX_ID": 20152, "STRUCTURE1": "T", "INSTALL_DA": "1962-01-01T00:00:00", "REMOVAL_DA": null }, "geometry": { "type": "Point", "coordinates": [ -89.624658426974335, 29.122723985026365 ] } },
{ "type": "Feature", "properties": { "STRUCTURE_": 1, "COMPLEX_ID": 20153, "STRUCTURE1": "V", "INSTALL_DA": "1964-01-01T00:00:00", "REMOVAL_DA": "1988-12-09T00:00:00" }, "geometry": { "type": "Point", "coordinates": [ -89.62427644429026, 29.163616716494282 ] } },
{ "type": "Feature", "properties": { "STRUCTURE_": 1, "COMPLEX_ID": 20154, "STRUCTURE1": "W", "INSTALL_DA": "1964-01-01T00:00:00", "REMOVAL_DA": "1988-12-20T00:00:00" }, "geometry": { "type": "Point", "coordinates": [ -89.66501578800252, 29.141167576143364 ] } },
{ "type": "Feature", "properties": { "STRUCTURE_": 1, "COMPLEX_ID": 20155, "STRUCTURE1": "X", "INSTALL_DA": "1968-01-01T00:00:00", "REMOVAL_DA": "1996-08-03T00:00:00" }, "geometry": { "type": "Point", "coordinates": [ -89.716238091756665, 29.102512291682245 ] } },
{ "type": "Feature", "properties": { "STRUCTURE_": 1, "COMPLEX_ID": 20157, "STRUCTURE1": "5", "INSTALL_DA": "1965-01-01T00:00:00", "REMOVAL_DA": "1988-11-18T00:00:00" }, "geometry": { "type": "Point", "coordinates": [ -89.618583282996681, 29.166762622032454 ] } },
{ "type": "Feature", "properties": { "STRUCTURE_": 1, "COMPLEX_ID": 20158, "STRUCTURE1": "1", "INSTALL_DA": "1970-01-01T00:00:00", "REMOVAL_DA": "1988-11-14T00:00:00" }, "geometry": { "type": "Point", "coordinates": [ -89.671157846133411, 29.159042557974125 ] } },
{ "type": "Feature", "properties": { "STRUCTURE_": 1, "COMPLEX_ID": 20160, "STRUCTURE1": "3", "INSTALL_DA": "1967-01-01T00:00:00", "REMOVAL_DA": "1978-12-31T00:00:00" }, "geometry": { "type": "Point", "coordinates": [ -89.666471718397801, 29.167508297626757 ] } },
{ "type": "Feature", "properties": { "STRUCTURE_": 1, "COMPLEX_ID": 20396, "STRUCTURE1": "DB", "INSTALL_DA": "1963-01-01T00:00:00", "REMOVAL_DA": null }, "geometry": { "type": "Point", "coordinates": [ -89.034852647725103, 29.409843412359294 ] } },
{ "type": "Feature", "properties": { "STRUCTURE_": 1, "COMPLEX_ID": 20397, "STRUCTURE1": "EA", "INSTALL_DA": "1964-01-01T00:00:00", "REMOVAL_DA": null }, "geometry": { "type": "Point", "coordinates": [ -89.014525261929691, 29.408888090503645 ] } },
{ "type": "Feature", "properties": { "STRUCTURE_": 1, "COMPLEX_ID": 20398, "STRUCTURE1": "M-QTR", "INSTALL_DA": "1970-01-01T00:00:00", "REMOVAL_DA": null }, "geometry": { "type": "Point", "coordinates": [ -89.035273655141864, 29.401046681376545 ] } },
{ "type": "Feature", "properties": { "STRUCTURE_": 2, "COMPLEX_ID": 20398, "STRUCTURE1": "D", "INSTALL_DA": "1964-01-01T00:00:00", "REMOVAL_DA": null }, "geometry": { "type": "Point", "coordinates": [ -89.034959646098173, 29.401040681688954 ] } },
{ "type": "Feature", "properties": { "STRUCTURE_": 1, "COMPLEX_ID": 20362, "STRUCTURE1": "55", "INSTALL_DA": "1958-01-01T00:00:00", "REMOVAL_DA": "2012-09-21T00:00:00" }, "geometry": { "type": "Point", "coordinates": [ -89.237712237381629, 28.981398579388095 ] } },
{ "type": "Feature", "properties": { "STRUCTURE_": 1, "COMPLEX_ID": 20363, "STRUCTURE1": "60", "INSTALL_DA": "1959-01-01T00:00:00", "REMOVAL_DA": "2012-09-20T00:00:00" }, "geometry": { "type": "Point", "coordinates": [ -89.250094592497902, 28.981596567633229 ] } },
{ "type": "Feature", "properties": { "STRUCTURE_": 1, "COMPLEX_ID": 20366, "STRUCTURE1": "130", "INSTALL_DA": "1964-01-01T00:00:00", "REMOVAL_DA": null }, "geometry": { "type": "Point", "coordinates": [ -89.264735011259873, 28.979935612962873 ] } },
{ "type": "Feature", "properties": { "STRUCTURE_": 1, "COMPLEX_ID": 20367, "STRUCTURE1": "110", "INSTALL_DA": "1962-01-01T00:00:00", "REMOVAL_DA": "2011-11-09T00:00:00" }, "geometry": { "type": "Point", "coordinates": [ -89.239725294342747, 28.980099619112526 ] } },
{ "type": "Feature", "properties": { "STRUCTURE_": 1, "COMPLEX_ID": 20368, "STRUCTURE1": "59", "INSTALL_DA": "1959-01-01T00:00:00", "REMOVAL_DA": "2012-09-22T00:00:00" }, "geometry": { "type": "Point", "coordinates": [ -89.237775237421602, 28.978349674722192 ] } },
{ "type": "Feature", "properties": { "STRUCTURE_": 1, "COMPLEX_ID": 20369, "STRUCTURE1": "69", "INSTALL_DA": "1961-01-01T00:00:00", "REMOVAL_DA": "2012-09-23T00:00:00" }, "geometry": { "type": "Point", "coordinates": [ -89.233660119418431, 28.978304677971032 ] } },
{ "type": "Feature", "properties": { "STRUCTURE_": 1, "COMPLEX_ID": 20370, "STRUCTURE1": "53", "INSTALL_DA": "1958-01-01T00:00:00", "REMOVAL_DA": "2012-09-22T00:00:00" }, "geometry": { "type": "Point", "coordinates": [ -89.241903355809526, 28.978415670807063 ] } },
{ "type": "Feature", "properties": { "STRUCTURE_": 1, "COMPLEX_ID": 20372, "STRUCTURE1": "A", "INSTALL_DA": "1960-01-01T00:00:00", "REMOVAL_DA": "1975-12-31T00:00:00" }, "geometry": { "type": "Point", "coordinates": [ -89.246131462105609, 28.952743472452163 ] } },
{ "type": "Feature", "properties": { "STRUCTURE_": 1, "COMPLEX_ID": 20373, "STRUCTURE1": "C", "INSTALL_DA": "1961-01-01T00:00:00", "REMOVAL_DA": "2003-11-18T00:00:00" }, "geometry": { "type": "Point", "coordinates": [ -89.250413582689973, 28.94904958623102 ] } },
{ "type": "Feature", "properties": { "STRUCTURE_": 2, "COMPLEX_ID": 20373, "STRUCTURE1": "E", "INSTALL_DA": "1983-01-01T00:00:00", "REMOVAL_DA": "2003-08-10T00:00:00" }, "geometry": { "type": "Point", "coordinates": [ -89.251076601244492, 28.94827961005344 ] } },
{ "type": "Feature", "properties": { "STRUCTURE_": 1, "COMPLEX_ID": 20374, "STRUCTURE1": "A", "INSTALL_DA": "1970-01-01T00:00:00", "REMOVAL_DA": "2002-04-20T00:00:00" }, "geometry": { "type": "Point", "coordinates": [ -89.260953836538434, 28.866374176764179 ] } },
{ "type": "Feature", "properties": { "STRUCTURE_": 1, "COMPLEX_ID": 20375, "STRUCTURE1": "C", "INSTALL_DA": "1968-01-01T00:00:00", "REMOVAL_DA": null }, "geometry": { "type": "Point", "coordinates": [ -88.733877837313912, 29.087873457577011 ] } },
{ "type": "Feature", "properties": { "STRUCTURE_": 1, "COMPLEX_ID": 20376, "STRUCTURE1": "A", "INSTALL_DA": "1969-01-01T00:00:00", "REMOVAL_DA": null }, "geometry": { "type": "Point", "coordinates": [ -88.857361391408759, 29.107334808761539 ] } },
{ "type": "Feature", "properties": { "STRUCTURE_": 1, "COMPLEX_ID": 20377, "STRUCTURE1": "4", "INSTALL_DA": "1967-01-01T00:00:00", "REMOVAL_DA": "1992-05-16T00:00:00" }, "geometry": { "type": "Point", "coordinates": [ -88.971958857754402, 29.450336200221514 ] } },
{ "type": "Feature", "properties": { "STRUCTURE_": 1, "COMPLEX_ID": 20378, "STRUCTURE1": "EC", "INSTALL_DA": "1965-01-01T00:00:00", "REMOVAL_DA": null }, "geometry": { "type": "Point", "coordinates": [ -89.025458398960708, 29.450619170033452 ] } },
{ "type": "Feature", "properties": { "STRUCTURE_": 1, "COMPLEX_ID": 20379, "STRUCTURE1": "EB", "INSTALL_DA": "1965-01-01T00:00:00", "REMOVAL_DA": null }, "geometry": { "type": "Point", "coordinates": [ -89.027727449875343, 29.423549996085857 ] } },
{ "type": "Feature", "properties": { "STRUCTURE_": 1, "COMPLEX_ID": 20382, "STRUCTURE1": "H", "INSTALL_DA": "1965-01-01T00:00:00", "REMOVAL_DA": "2005-03-24T00:00:00" }, "geometry": { "type": "Point", "coordinates": [ -89.026104386947779, 29.393142927095621 ] } },
{ "type": "Feature", "properties": { "STRUCTURE_": 2, "COMPLEX_ID": 20382, "STRUCTURE1": "HA(N)", "INSTALL_DA": "1971-01-01T00:00:00", "REMOVAL_DA": "2004-08-26T00:00:00" }, "geometry": { "type": "Point", "coordinates": [ -89.025833379400666, 29.393621912539594 ] } },
{ "type": "Feature", "properties": { "STRUCTURE_": 1, "COMPLEX_ID": 20317, "STRUCTURE1": "21 V", "INSTALL_DA": "1960-01-01T00:00:00", "REMOVAL_DA": null }, "geometry": { "type": "Point", "coordinates": [ -89.266873065987241, 28.968747962017016 ] } },
{ "type": "Feature", "properties": { "STRUCTURE_": 1, "COMPLEX_ID": 20319, "STRUCTURE1": "B", "INSTALL_DA": "1972-01-01T00:00:00", "REMOVAL_DA": null }, "geometry": { "type": "Point", "coordinates": [ -88.966652497367036, 29.044554721115553 ] } },
{ "type": "Feature", "properties": { "STRUCTURE_": 1, "COMPLEX_ID": 20320, "STRUCTURE1": "A-VALVE", "INSTALL_DA": "1970-01-01T00:00:00", "REMOVAL_DA": null }, "geometry": { "type": "Point", "coordinates": [ -89.278323333631008, 28.865809186667068 ] } },
{ "type": "Feature", "properties": { "STRUCTURE_": 1, "COMPLEX_ID": 20321, "STRUCTURE1": "A", "INSTALL_DA": "1963-01-01T00:00:00", "REMOVAL_DA": "2003-11-18T00:00:00" }, "geometry": { "type": "Point", "coordinates": [ -89.248528518289362, 28.931198146547612 ] } },
{ "type": "Feature", "properties": { "STRUCTURE_": 1, "COMPLEX_ID": 20322, "STRUCTURE1": "C", "INSTALL_DA": "1964-01-01T00:00:00", "REMOVAL_DA": "2003-11-18T00:00:00" }, "geometry": { "type": "Point", "coordinates": [ -89.231302021729803, 28.926138312925943 ] } },
{ "type": "Feature", "properties": { "STRUCTURE_": 1, "COMPLEX_ID": 20323, "STRUCTURE1": "B", "INSTALL_DA": "1963-01-01T00:00:00", "REMOVAL_DA": "2003-06-24T00:00:00" }, "geometry": { "type": "Point", "coordinates": [ -89.237535203303182, 28.931266149344321 ] } },
{ "type": "Feature", "properties": { "STRUCTURE_": 1, "COMPLEX_ID": 20331, "STRUCTURE1": "K", "INSTALL_DA": "1967-01-01T00:00:00", "REMOVAL_DA": null }, "geometry": { "type": "Point", "coordinates": [ -89.073883766580565, 29.400764674014258 ] } },
{ "type": "Feature", "properties": { "STRUCTURE_": 1, "COMPLEX_ID": 20332, "STRUCTURE1": "E", "INSTALL_DA": "1964-01-01T00:00:00", "REMOVAL_DA": null }, "geometry": { "type": "Point", "coordinates": [ -89.026364694103421, 29.410120547978821 ] } },
{ "type": "Feature", "properties": { "STRUCTURE_": 2, "COMPLEX_ID": 20332, "STRUCTURE1": "15", "INSTALL_DA": "1983-01-01T00:00:00", "REMOVAL_DA": null }, "geometry": { "type": "Point", "coordinates": [ -89.026585409886678, 29.410220404208733 ] } },
{ "type": "Feature", "properties": { "STRUCTURE_": 1, "COMPLEX_ID": 20341, "STRUCTURE1": "B", "INSTALL_DA": "1970-01-01T00:00:00", "REMOVAL_DA": null }, "geometry": { "type": "Point", "coordinates": [ -88.844557028675624, 29.117664492583472 ] } },
{ "type": "Feature", "properties": { "STRUCTURE_": 1, "COMPLEX_ID": 20343, "STRUCTURE1": "58", "INSTALL_DA": "1961-01-01T00:00:00", "REMOVAL_DA": "2012-09-22T00:00:00" }, "geometry": { "type": "Point", "coordinates": [ -89.236288192673882, 28.97469478972317 ] } },
{ "type": "Feature", "properties": { "STRUCTURE_": 1, "COMPLEX_ID": 20348, "STRUCTURE1": "29", "INSTALL_DA": "1962-01-01T00:00:00", "REMOVAL_DA": "2011-11-05T00:00:00" }, "geometry": { "type": "Point", "coordinates": [ -89.254347710561078, 28.974962773222238 ] } },
{ "type": "Feature", "properties": { "STRUCTURE_": 1, "COMPLEX_ID": 20349, "STRUCTURE1": "54", "INSTALL_DA": "1958-01-01T00:00:00", "REMOVAL_DA": "2014-10-17T00:00:00" }, "geometry": { "type": "Point", "coordinates": [ -89.237624236948264, 28.985005466631701 ] } },
{ "type": "Feature", "properties": { "STRUCTURE_": 1, "COMPLEX_ID": 20357, "STRUCTURE1": "68", "INSTALL_DA": "1962-01-01T00:00:00", "REMOVAL_DA": "2011-11-11T00:00:00" }, "geometry": { "type": "Point", "coordinates": [ -89.239511284147838, 28.97309683827476 ] } },
{ "type": "Feature", "properties": { "STRUCTURE_": 1, "COMPLEX_ID": 20360, "STRUCTURE1": "A71", "INSTALL_DA": "1962-01-01T00:00:00", "REMOVAL_DA": null }, "geometry": { "type": "Point", "coordinates": [ -89.244571425024148, 28.965890061533027 ] } },
{ "type": "Feature", "properties": { "STRUCTURE_": 1, "COMPLEX_ID": 20274, "STRUCTURE1": "41", "INSTALL_DA": "1958-01-01T00:00:00", "REMOVAL_DA": "2014-10-18T00:00:00" }, "geometry": { "type": "Point", "coordinates": [ -89.266666065960862, 28.978810647273971 ] } },
{ "type": "Feature", "properties": { "STRUCTURE_": 1, "COMPLEX_ID": 20279, "STRUCTURE1": "28", "INSTALL_DA": "1958-01-01T00:00:00", "REMOVAL_DA": "2012-07-05T00:00:00" }, "geometry": { "type": "Point", "coordinates": [ -89.27342026903311, 28.978917640855517 ] } },
{ "type": "Feature", "properties": { "STRUCTURE_": 1, "COMPLEX_ID": 20283, "STRUCTURE1": "SAT #42", "INSTALL_DA": "1958-01-01T00:00:00", "REMOVAL_DA": "2012-09-20T00:00:00" }, "geometry": { "type": "Point", "coordinates": [ -89.258411829244778, 28.978679655112007 ] } },
{ "type": "Feature", "properties": { "STRUCTURE_": 1, "COMPLEX_ID": 20284, "STRUCTURE1": "38", "INSTALL_DA": "1961-01-01T00:00:00", "REMOVAL_DA": null }, "geometry": { "type": "Point", "coordinates": [ -89.252483651826026, 28.965879058316808 ] } },
{ "type": "Feature", "properties": { "STRUCTURE_": 1, "COMPLEX_ID": 20285, "STRUCTURE1": "A", "INSTALL_DA": "1971-01-01T00:00:00", "REMOVAL_DA": null }, "geometry": { "type": "Point", "coordinates": [ -88.964269006187251, 29.058189417483284 ] } },
{ "type": "Feature", "properties": { "STRUCTURE_": 1, "COMPLEX_ID": 20292, "STRUCTURE1": "49", "INSTALL_DA": "1958-01-01T00:00:00", "REMOVAL_DA": null }, "geometry": { "type": "Point", "coordinates": [ -89.246030474168577, 28.978481666888754 ] } },
{ "type": "Feature", "properties": { "STRUCTURE_": 1, "COMPLEX_ID": 20294, "STRUCTURE1": "46", "INSTALL_DA": "1958-01-01T00:00:00", "REMOVAL_DA": "2012-09-21T00:00:00" }, "geometry": { "type": "Point", "coordinates": [ -89.241764355700582, 28.985093462023716 ] } },
{ "type": "Feature", "properties": { "STRUCTURE_": 1, "COMPLEX_ID": 20298, "STRUCTURE1": "A-49", "INSTALL_DA": "1961-01-01T00:00:00", "REMOVAL_DA": "2014-10-18T00:00:00" }, "geometry": { "type": "Point", "coordinates": [ -89.262046932364541, 28.976811711898073 ] } },
{ "type": "Feature", "properties": { "STRUCTURE_": 1, "COMPLEX_ID": 20302, "STRUCTURE1": "Z", "INSTALL_DA": "1960-01-01T00:00:00", "REMOVAL_DA": null }, "geometry": { "type": "Point", "coordinates": [ -89.245335449346953, 28.97005793075046 ] } },
{ "type": "Feature", "properties": { "STRUCTURE_": 1, "COMPLEX_ID": 20307, "STRUCTURE1": "50", "INSTALL_DA": "1958-01-01T00:00:00", "REMOVAL_DA": "2011-11-11T00:00:00" }, "geometry": { "type": "Point", "coordinates": [ -89.241839355744304, 28.981464575473613 ] } },
{ "type": "Feature", "properties": { "STRUCTURE_": 1, "COMPLEX_ID": 20312, "STRUCTURE1": "13 V", "INSTALL_DA": "1966-01-01T00:00:00", "REMOVAL_DA": null }, "geometry": { "type": "Point", "coordinates": [ -89.266827066328034, 28.971574873574564 ] } },
{ "type": "Feature", "properties": { "STRUCTURE_": 1, "COMPLEX_ID": 20314, "STRUCTURE1": "12", "INSTALL_DA": "1960-01-01T00:00:00", "REMOVAL_DA": null }, "geometry": { "type": "Point", "coordinates": [ -89.262700948006668, 28.971508877511056 ] } },
{ "type": "Feature", "properties": { "STRUCTURE_": 1, "COMPLEX_ID": 20315, "STRUCTURE1": "15", "INSTALL_DA": "1960-01-01T00:00:00", "REMOVAL_DA": null }, "geometry": { "type": "Point", "coordinates": [ -89.246180474248902, 28.971223893885071 ] } },
{ "type": "Feature", "properties": { "STRUCTURE_": 1, "COMPLEX_ID": 20316, "STRUCTURE1": "16", "INSTALL_DA": "1960-01-01T00:00:00", "REMOVAL_DA": null }, "geometry": { "type": "Point", "coordinates": [ -89.250232592563407, 28.974918776454381 ] } },
{ "type": "Feature", "properties": { "STRUCTURE_": 1, "COMPLEX_ID": 20256, "STRUCTURE1": "JA", "INSTALL_DA": "1963-01-01T00:00:00", "REMOVAL_DA": "2011-05-12T00:00:00" }, "geometry": { "type": "Point", "coordinates": [ -89.551820376326702, 29.182213178500422 ] } },
{ "type": "Feature", "properties": { "STRUCTURE_": 1, "COMPLEX_ID": 20257, "STRUCTURE1": "10", "INSTALL_DA": "1964-01-01T00:00:00", "REMOVAL_DA": "2015-05-25T00:00:00" }, "geometry": { "type": "Point", "coordinates": [ -89.556120493482794, 29.17280246772502 ] } },
{ "type": "Feature", "properties": { "STRUCTURE_": 1, "COMPLEX_ID": 20258, "STRUCTURE1": "9(Removed)", "INSTALL_DA": "1964-01-01T00:00:00", "REMOVAL_DA": "1997-09-19T00:00:00" }, "geometry": { "type": "Point", "coordinates": [ -89.571396941262662, 29.186211044541761 ] } },
{ "type": "Feature", "properties": { "STRUCTURE_": 1, "COMPLEX_ID": 20259, "STRUCTURE1": "9(Removed)", "INSTALL_DA": "1964-01-01T00:00:00", "REMOVAL_DA": "1997-09-18T00:00:00" }, "geometry": { "type": "Point", "coordinates": [ -89.537774969521521, 29.177089344425422 ] } },
{ "type": "Feature", "properties": { "STRUCTURE_": 1, "COMPLEX_ID": 20260, "STRUCTURE1": "8(Removed)", "INSTALL_DA": "1964-01-01T00:00:00", "REMOVAL_DA": "1997-09-17T00:00:00" }, "geometry": { "type": "Point", "coordinates": [ -89.54892129236903, 29.181175212140957 ] } },
{ "type": "Feature", "properties": { "STRUCTURE_": 1, "COMPLEX_ID": 20262, "STRUCTURE1": "7(Removed)", "INSTALL_DA": "1964-01-01T00:00:00", "REMOVAL_DA": "1997-09-17T00:00:00" }, "geometry": { "type": "Point", "coordinates": [ -89.549691314989559, 29.181928188427289 ] } },
{ "type": "Feature", "properties": { "STRUCTURE_": 1, "COMPLEX_ID": 20263, "STRUCTURE1": "6(Removed)", "INSTALL_DA": "1964-01-01T00:00:00", "REMOVAL_DA": "1997-09-18T00:00:00" }, "geometry": { "type": "Point", "coordinates": [ -89.555805491660323, 29.183524135844099 ] } },
{ "type": "Feature", "properties": { "STRUCTURE_": 1, "COMPLEX_ID": 20264, "STRUCTURE1": "6", "INSTALL_DA": "1962-01-01T00:00:00", "REMOVAL_DA": "1985-12-31T00:00:00" }, "geometry": { "type": "Point", "coordinates": [ -89.537220954396574, 29.178264308322149 ] } },
{ "type": "Feature", "properties": { "STRUCTURE_": 1, "COMPLEX_ID": 20265, "STRUCTURE1": "5", "INSTALL_DA": "1962-01-01T00:00:00", "REMOVAL_DA": "1995-07-28T00:00:00" }, "geometry": { "type": "Point", "coordinates": [ -89.539662023456231, 29.176703355407721 ] } },
{ "type": "Feature", "properties": { "STRUCTURE_": 1, "COMPLEX_ID": 20267, "STRUCTURE1": "3(Removed)", "INSTALL_DA": "1962-01-01T00:00:00", "REMOVAL_DA": "1997-09-16T00:00:00" }, "geometry": { "type": "Point", "coordinates": [ -89.544004147259002, 29.175368394514891 ] } },
{ "type": "Feature", "properties": { "STRUCTURE_": 1, "COMPLEX_ID": 20269, "STRUCTURE1": "2", "INSTALL_DA": "1963-01-01T00:00:00", "REMOVAL_DA": "2015-05-24T00:00:00" }, "geometry": { "type": "Point", "coordinates": [ -89.56528975966738, 29.177052331319711 ] } },
{ "type": "Feature", "properties": { "STRUCTURE_": 1, "COMPLEX_ID": 20270, "STRUCTURE1": "1", "INSTALL_DA": "1962-01-01T00:00:00", "REMOVAL_DA": "1985-12-31T00:00:00" }, "geometry": { "type": "Point", "coordinates": [ -89.547707194273983, 29.175438431057128 ] } },
{ "type": "Feature", "properties": { "STRUCTURE_": 2, "COMPLEX_ID": 20271, "STRUCTURE1": "AUX", "INSTALL_DA": "1964-01-01T00:00:00", "REMOVAL_DA": null }, "geometry": { "type": "Point", "coordinates": [ -89.758544300706248, 29.093245286560119 ] } },
{ "type": "Feature", "properties": { "STRUCTURE_": 1, "COMPLEX_ID": 20273, "STRUCTURE1": "40", "INSTALL_DA": "1958-01-01T00:00:00", "REMOVAL_DA": "2011-10-31T00:00:00" }, "geometry": { "type": "Point", "coordinates": [ -89.245966474106822, 28.981530571555489 ] } },
{ "type": "Feature", "properties": { "STRUCTURE_": 1, "COMPLEX_ID": 20237, "STRUCTURE1": "6", "INSTALL_DA": "1960-01-01T00:00:00", "REMOVAL_DA": "2001-12-29T00:00:00" }, "geometry": { "type": "Point", "coordinates": [ -89.687813292686457, 29.11867980388033 ] } },
{ "type": "Feature", "properties": { "STRUCTURE_": 1, "COMPLEX_ID": 20238, "STRUCTURE1": "5", "INSTALL_DA": "1961-01-01T00:00:00", "REMOVAL_DA": "2001-12-22T00:00:00" }, "geometry": { "type": "Point", "coordinates": [ -89.687732293885503, 29.123629649881021 ] } },
{ "type": "Feature", "properties": { "STRUCTURE_": 1, "COMPLEX_ID": 20239, "STRUCTURE1": "4", "INSTALL_DA": "1960-01-01T00:00:00", "REMOVAL_DA": "2002-01-13T00:00:00" }, "geometry": { "type": "Point", "coordinates": [ -89.700820671171996, 29.129236468263958 ] } },
{ "type": "Feature", "properties": { "STRUCTURE_": 1, "COMPLEX_ID": 20240, "STRUCTURE1": "4", "INSTALL_DA": "1959-01-01T00:00:00", "REMOVAL_DA": "2002-01-07T00:00:00" }, "geometry": { "type": "Point", "coordinates": [ -89.687351299521396, 29.14689392660442 ] } },
{ "type": "Feature", "properties": { "STRUCTURE_": 1, "COMPLEX_ID": 20478, "STRUCTURE1": "AA WEST", "INSTALL_DA": "1960-01-01T00:00:00", "REMOVAL_DA": null }, "geometry": { "type": "Point", "coordinates": [ -89.238728255616607, 28.962593167353923 ] } },
{ "type": "Feature", "properties": { "STRUCTURE_": 1, "COMPLEX_ID": 20479, "STRUCTURE1": "S", "INSTALL_DA": "1962-01-01T00:00:00", "REMOVAL_DA": null }, "geometry": { "type": "Point", "coordinates": [ -89.678613049898601, 29.146408946449565 ] } },
{ "type": "Feature", "properties": { "STRUCTURE_": 2, "COMPLEX_ID": 20479, "STRUCTURE1": null, "INSTALL_DA": "1969-01-01T00:00:00", "REMOVAL_DA": "1996-07-28T00:00:00" }, "geometry": { "type": "Point", "coordinates": [ -89.678926058830754, 29.146412946154584 ] } },
{ "type": "Feature", "properties": { "STRUCTURE_": 1, "COMPLEX_ID": 20487, "STRUCTURE1": "R", "INSTALL_DA": "1957-01-01T00:00:00", "REMOVAL_DA": "1984-12-31T00:00:00" }, "geometry": { "type": "Point", "coordinates": [ -89.664219618509634, 29.116842873894022 ] } },
{ "type": "Feature", "properties": { "STRUCTURE_": 1, "COMPLEX_ID": 20488, "STRUCTURE1": "7", "INSTALL_DA": "1960-01-01T00:00:00", "REMOVAL_DA": "2009-12-21T00:00:00" }, "geometry": { "type": "Point", "coordinates": [ -89.596063626795654, 29.152774067597182 ] } },
{ "type": "Feature", "properties": { "STRUCTURE_": 1, "COMPLEX_ID": 20489, "STRUCTURE1": "1", "INSTALL_DA": "1959-01-01T00:00:00", "REMOVAL_DA": "1985-12-31T00:00:00" }, "geometry": { "type": "Point", "coordinates": [ -89.534124864094252, 29.176187374239316 ] } },
{ "type": "Feature", "properties": { "STRUCTURE_": 1, "COMPLEX_ID": 20435, "STRUCTURE1": "14", "INSTALL_DA": "1968-01-01T00:00:00", "REMOVAL_DA": "2004-01-23T00:00:00" }, "geometry": { "type": "Point", "coordinates": [ -88.854309565451516, 29.648815217851428 ] } },
{ "type": "Feature", "properties": { "STRUCTURE_": 1, "COMPLEX_ID": 20436, "STRUCTURE1": "15", "INSTALL_DA": "1968-01-01T00:00:00", "REMOVAL_DA": "2004-08-07T00:00:00" }, "geometry": { "type": "Point", "coordinates": [ -88.854018554085613, 29.642758400966056 ] } },
{ "type": "Feature", "properties": { "STRUCTURE_": 1, "COMPLEX_ID": 20437, "STRUCTURE1": "16", "INSTALL_DA": "1968-01-01T00:00:00", "REMOVAL_DA": "2004-01-22T00:00:00" }, "geometry": { "type": "Point", "coordinates": [ -88.837588077316681, 29.637495566139041 ] } },
{ "type": "Feature", "properties": { "STRUCTURE_": 1, "COMPLEX_ID": 20439, "STRUCTURE1": "CF", "INSTALL_DA": "1969-01-01T00:00:00", "REMOVAL_DA": "2004-07-30T00:00:00" }, "geometry": { "type": "Point", "coordinates": [ -88.868512941635998, 29.580319285552921 ] } },
{ "type": "Feature", "properties": { "STRUCTURE_": 2, "COMPLEX_ID": 20439, "STRUCTURE1": "1", "INSTALL_DA": "1969-01-01T00:00:00", "REMOVAL_DA": "2004-07-28T00:00:00" }, "geometry": { "type": "Point", "coordinates": [ -88.86895132527421, 29.581702384079151 ] } },
{ "type": "Feature", "properties": { "STRUCTURE_": 1, "COMPLEX_ID": 20442, "STRUCTURE1": "3", "INSTALL_DA": "1970-01-01T00:00:00", "REMOVAL_DA": "2004-07-14T00:00:00" }, "geometry": { "type": "Point", "coordinates": [ -88.890226564713984, 29.573849473533997 ] } },
{ "type": "Feature", "properties": { "STRUCTURE_": 1, "COMPLEX_ID": 20443, "STRUCTURE1": "4", "INSTALL_DA": "1970-01-01T00:00:00", "REMOVAL_DA": "2004-08-17T00:00:00" }, "geometry": { "type": "Point", "coordinates": [ -88.873799095380022, 29.582893205525789 ] } },
{ "type": "Feature", "properties": { "STRUCTURE_": 1, "COMPLEX_ID": 20444, "STRUCTURE1": "5", "INSTALL_DA": "1971-01-01T00:00:00", "REMOVAL_DA": "2004-08-20T00:00:00" }, "geometry": { "type": "Point", "coordinates": [ -88.864342822935555, 29.58354118944014 ] } },
{ "type": "Feature", "properties": { "STRUCTURE_": 1, "COMPLEX_ID": 20445, "STRUCTURE1": "B", "INSTALL_DA": "1969-01-01T00:00:00", "REMOVAL_DA": "2010-08-22T00:00:00" }, "geometry": { "type": "Point", "coordinates": [ -88.583076559990545, 29.217074501748865 ] } },
{ "type": "Feature", "properties": { "STRUCTURE_": 1, "COMPLEX_ID": 20446, "STRUCTURE1": "C", "INSTALL_DA": "1969-01-01T00:00:00", "REMOVAL_DA": "2007-07-30T00:00:00" }, "geometry": { "type": "Point", "coordinates": [ -88.583441562965405, 29.198444077503318 ] } },
{ "type": "Feature", "properties": { "STRUCTURE_": 1, "COMPLEX_ID": 20447, "STRUCTURE1": "D", "INSTALL_DA": "1969-01-01T00:00:00", "REMOVAL_DA": "2007-07-30T00:00:00" }, "geometry": { "type": "Point", "coordinates": [ -88.552606687315262, 29.225182260676082 ] } },
{ "type": "Feature", "properties": { "STRUCTURE_": 1, "COMPLEX_ID": 20449, "STRUCTURE1": "E", "INSTALL_DA": "1969-01-01T00:00:00", "REMOVAL_DA": "2007-07-30T00:00:00" }, "geometry": { "type": "Point", "coordinates": [ -88.546612511046533, 29.215151572343991 ] } },
{ "type": "Feature", "properties": { "STRUCTURE_": 1, "COMPLEX_ID": 20450, "STRUCTURE1": "A", "INSTALL_DA": "1969-01-01T00:00:00", "REMOVAL_DA": "2007-07-30T00:00:00" }, "geometry": { "type": "Point", "coordinates": [ -88.564386028241842, 29.230934079475393 ] } },
{ "type": "Feature", "properties": { "STRUCTURE_": 1, "COMPLEX_ID": 20453, "STRUCTURE1": "FA", "INSTALL_DA": "1966-01-01T00:00:00", "REMOVAL_DA": null }, "geometry": { "type": "Point", "coordinates": [ -89.053849199151387, 29.418100151974457 ] } },
{ "type": "Feature", "properties": { "STRUCTURE_": 1, "COMPLEX_ID": 20456, "STRUCTURE1": "AE", "INSTALL_DA": "1965-01-01T00:00:00", "REMOVAL_DA": null }, "geometry": { "type": "Point", "coordinates": [ -89.007821850055791, 29.373081549126162 ] } },
{ "type": "Feature", "properties": { "STRUCTURE_": 1, "COMPLEX_ID": 20459, "STRUCTURE1": "A", "INSTALL_DA": "1971-01-01T00:00:00", "REMOVAL_DA": "1988-06-27T00:00:00" }, "geometry": { "type": "Point", "coordinates": [ -88.727168677168763, 29.542486584715142 ] } },
{ "type": "Feature", "properties": { "STRUCTURE_": 2, "COMPLEX_ID": 20459, "STRUCTURE1": "6", "INSTALL_DA": "1971-01-01T00:00:00", "REMOVAL_DA": "1988-06-26T00:00:00" }, "geometry": { "type": "Point", "coordinates": [ -88.727168677168763, 29.542486584715142 ] } },
{ "type": "Feature", "properties": { "STRUCTURE_": 1, "COMPLEX_ID": 20465, "STRUCTURE1": "A", "INSTALL_DA": "1971-01-01T00:00:00", "REMOVAL_DA": "2000-06-12T00:00:00" }, "geometry": { "type": "Point", "coordinates": [ -88.869891912945562, 29.440849529292489 ] } },
{ "type": "Feature", "properties": { "STRUCTURE_": 1, "COMPLEX_ID": 20416, "STRUCTURE1": "2", "INSTALL_DA": "1967-01-01T00:00:00", "REMOVAL_DA": "1988-10-11T00:00:00" }, "geometry": { "type": "Point", "coordinates": [ -88.838445111403743, 29.656765983613877 ] } },
{ "type": "Feature", "properties": { "STRUCTURE_": 1, "COMPLEX_ID": 20417, "STRUCTURE1": "2", "INSTALL_DA": "1967-01-01T00:00:00", "REMOVAL_DA": "1979-12-31T00:00:00" }, "geometry": { "type": "Point", "coordinates": [ -88.859915714414953, 29.622653006663175 ] } },
{ "type": "Feature", "properties": { "STRUCTURE_": 1, "COMPLEX_ID": 20419, "STRUCTURE1": "3", "INSTALL_DA": "1965-01-01T00:00:00", "REMOVAL_DA": "2004-06-26T00:00:00" }, "geometry": { "type": "Point", "coordinates": [ -88.876444199287135, 29.638642516926698 ] } },
{ "type": "Feature", "properties": { "STRUCTURE_": 1, "COMPLEX_ID": 20420, "STRUCTURE1": "3", "INSTALL_DA": "1968-01-01T00:00:00", "REMOVAL_DA": "1997-12-16T00:00:00" }, "geometry": { "type": "Point", "coordinates": [ -88.841329192141217, 29.651595138710526 ] } },
{ "type": "Feature", "properties": { "STRUCTURE_": 1, "COMPLEX_ID": 20421, "STRUCTURE1": "3", "INSTALL_DA": "1967-01-01T00:00:00", "REMOVAL_DA": "1981-12-31T00:00:00" }, "geometry": { "type": "Point", "coordinates": [ -88.834101978670091, 29.641555444719238 ] } },
{ "type": "Feature", "properties": { "STRUCTURE_": 1, "COMPLEX_ID": 20422, "STRUCTURE1": "4", "INSTALL_DA": "1968-01-01T00:00:00", "REMOVAL_DA": "2004-01-24T00:00:00" }, "geometry": { "type": "Point", "coordinates": [ -88.83607803858655, 29.647506264175032 ] } },
{ "type": "Feature", "properties": { "STRUCTURE_": 1, "COMPLEX_ID": 20423, "STRUCTURE1": "4", "INSTALL_DA": "1970-01-01T00:00:00", "REMOVAL_DA": "1977-12-31T00:00:00" }, "geometry": { "type": "Point", "coordinates": [ -88.824977697054365, 29.603560597491068 ] } },
{ "type": "Feature", "properties": { "STRUCTURE_": 1, "COMPLEX_ID": 20424, "STRUCTURE1": "5", "INSTALL_DA": "1968-01-01T00:00:00", "REMOVAL_DA": "2004-01-21T00:00:00" }, "geometry": { "type": "Point", "coordinates": [ -88.864931872147579, 29.649015207826622 ] } },
{ "type": "Feature", "properties": { "STRUCTURE_": 1, "COMPLEX_ID": 20425, "STRUCTURE1": "5", "INSTALL_DA": "1968-01-01T00:00:00", "REMOVAL_DA": "2004-08-09T00:00:00" }, "geometry": { "type": "Point", "coordinates": [ -88.84243522093189, 29.645152332940913 ] } },
{ "type": "Feature", "properties": { "STRUCTURE_": 1, "COMPLEX_ID": 20426, "STRUCTURE1": "6", "INSTALL_DA": "1969-01-01T00:00:00", "REMOVAL_DA": "2004-06-30T00:00:00" }, "geometry": { "type": "Point", "coordinates": [ -88.82526370948645, 29.61225833406014 ] } },
{ "type": "Feature", "properties": { "STRUCTURE_": 1, "COMPLEX_ID": 20427, "STRUCTURE1": "7", "INSTALL_DA": "1965-01-01T00:00:00", "REMOVAL_DA": "2004-06-28T00:00:00" }, "geometry": { "type": "Point", "coordinates": [ -88.847605981576578, 29.649307405483682 ] } },
{ "type": "Feature", "properties": { "STRUCTURE_": 1, "COMPLEX_ID": 20428, "STRUCTURE1": "7", "INSTALL_DA": "1968-01-01T00:00:00", "REMOVAL_DA": "1994-10-14T00:00:00" }, "geometry": { "type": "Point", "coordinates": [ -88.847411351863457, 29.619116118339456 ] } },
{ "type": "Feature", "properties": { "STRUCTURE_": 1, "COMPLEX_ID": 20429, "STRUCTURE1": "8", "INSTALL_DA": "1965-01-01T00:00:00", "REMOVAL_DA": "2004-07-23T00:00:00" }, "geometry": { "type": "Point", "coordinates": [ -88.885231453097973, 29.639059500988246 ] } },
{ "type": "Feature", "properties": { "STRUCTURE_": 1, "COMPLEX_ID": 20430, "STRUCTURE1": "8", "INSTALL_DA": "1969-01-01T00:00:00", "REMOVAL_DA": "2004-01-22T00:00:00" }, "geometry": { "type": "Point", "coordinates": [ -88.824771695073778, 29.611808347861185 ] } },
{ "type": "Feature", "properties": { "STRUCTURE_": 1, "COMPLEX_ID": 20432, "STRUCTURE1": "10", "INSTALL_DA": "1969-01-01T00:00:00", "REMOVAL_DA": "2004-07-03T00:00:00" }, "geometry": { "type": "Point", "coordinates": [ -88.830960875700342, 29.616052217142265 ] } },
{ "type": "Feature", "properties": { "STRUCTURE_": 1, "COMPLEX_ID": 20433, "STRUCTURE1": "12", "INSTALL_DA": "1966-01-01T00:00:00", "REMOVAL_DA": "2004-06-26T00:00:00" }, "geometry": { "type": "Point", "coordinates": [ -88.847761372695459, 29.641127452588783 ] } },
{ "type": "Feature", "properties": { "STRUCTURE_": 1, "COMPLEX_ID": 20434, "STRUCTURE1": "13", "INSTALL_DA": "1968-01-01T00:00:00", "REMOVAL_DA": "1983-12-31T00:00:00" }, "geometry": { "type": "Point", "coordinates": [ -88.867283937071846, 29.643008388435316 ] } },
{ "type": "Feature", "properties": { "STRUCTURE_": 3, "COMPLEX_ID": 20398, "STRUCTURE1": "L", "INSTALL_DA": "1970-01-01T00:00:00", "REMOVAL_DA": null }, "geometry": { "type": "Point", "coordinates": [ -89.035274014527232, 29.401046701688305 ] } },
{ "type": "Feature", "properties": { "STRUCTURE_": 1, "COMPLEX_ID": 20399, "STRUCTURE1": "93", "INSTALL_DA": "1967-01-01T00:00:00", "REMOVAL_DA": null }, "geometry": { "type": "Point", "coordinates": [ -89.25734779539421, 28.97295583465851 ] } },
{ "type": "Feature", "properties": { "STRUCTURE_": 1, "COMPLEX_ID": 20403, "STRUCTURE1": "24", "INSTALL_DA": "1960-01-01T00:00:00", "REMOVAL_DA": null }, "geometry": { "type": "Point", "coordinates": [ -89.246255474288816, 28.96759400744563 ] } },
{ "type": "Feature", "properties": { "STRUCTURE_": 1, "COMPLEX_ID": 20405, "STRUCTURE1": "A17", "INSTALL_DA": "1960-01-01T00:00:00", "REMOVAL_DA": null }, "geometry": { "type": "Point", "coordinates": [ -89.259874866952643, 28.971441880887141 ] } },
{ "type": "Feature", "properties": { "STRUCTURE_": 1, "COMPLEX_ID": 20406, "STRUCTURE1": "2", "INSTALL_DA": "1959-01-01T00:00:00", "REMOVAL_DA": "2014-10-21T00:00:00" }, "geometry": { "type": "Point", "coordinates": [ -89.260500867766368, 28.976875590287477 ] } },
{ "type": "Feature", "properties": { "STRUCTURE_": 1, "COMPLEX_ID": 20407, "STRUCTURE1": "1 V", "INSTALL_DA": "1959-01-01T00:00:00", "REMOVAL_DA": null }, "geometry": { "type": "Point", "coordinates": [ -89.264640006792732, 28.976963705967805 ] } },
{ "type": "Feature", "properties": { "STRUCTURE_": 1, "COMPLEX_ID": 20408, "STRUCTURE1": "F", "INSTALL_DA": "1965-01-01T00:00:00", "REMOVAL_DA": null }, "geometry": { "type": "Point", "coordinates": [ -89.038605648564044, 29.413861897264336 ] } },
{ "type": "Feature", "properties": { "STRUCTURE_": 1, "COMPLEX_ID": 20410, "STRUCTURE1": "17", "INSTALL_DA": "1993-01-01T00:00:00", "REMOVAL_DA": "2004-07-22T00:00:00" }, "geometry": { "type": "Point", "coordinates": [ -88.860483750794216, 29.644255832982779 ] } },
{ "type": "Feature", "properties": { "STRUCTURE_": 2, "COMPLEX_ID": 20410, "STRUCTURE1": "A-CF", "INSTALL_DA": "1964-01-01T00:00:00", "REMOVAL_DA": "2004-07-22T00:00:00" }, "geometry": { "type": "Point", "coordinates": [ -88.860018727858304, 29.643972362035466 ] } },
{ "type": "Feature", "properties": { "STRUCTURE_": 3, "COMPLEX_ID": 20410, "STRUCTURE1": "QRTS", "INSTALL_DA": "1973-01-01T00:00:00", "REMOVAL_DA": "2004-07-22T00:00:00" }, "geometry": { "type": "Point", "coordinates": [ -88.859566714402504, 29.643138387406413 ] } },
{ "type": "Feature", "properties": { "STRUCTURE_": 1, "COMPLEX_ID": 20411, "STRUCTURE1": "B", "INSTALL_DA": "1969-01-01T00:00:00", "REMOVAL_DA": "2004-07-02T00:00:00" }, "geometry": { "type": "Point", "coordinates": [ -88.837192056755114, 29.61864713631984 ] } },
{ "type": "Feature", "properties": { "STRUCTURE_": 1, "COMPLEX_ID": 20412, "STRUCTURE1": "1", "INSTALL_DA": "1964-01-01T00:00:00", "REMOVAL_DA": "1992-09-18T00:00:00" }, "geometry": { "type": "Point", "coordinates": [ -88.858524689396987, 29.653461075939486 ] } },
{ "type": "Feature", "properties": { "STRUCTURE_": 1, "COMPLEX_ID": 20413, "STRUCTURE1": "1", "INSTALL_DA": "1968-01-01T00:00:00", "REMOVAL_DA": "1997-12-16T00:00:00" }, "geometry": { "type": "Point", "coordinates": [ -88.824247699672753, 29.652809108349356 ] } },
{ "type": "Feature", "properties": { "STRUCTURE_": 1, "COMPLEX_ID": 20414, "STRUCTURE1": "2", "INSTALL_DA": "1964-01-01T00:00:00", "REMOVAL_DA": "1993-07-16T00:00:00" }, "geometry": { "type": "Point", "coordinates": [ -88.847344366694799, 29.65349707902876 ] } },
{ "type": "Feature", "properties": { "STRUCTURE_": 1, "COMPLEX_ID": 20415, "STRUCTURE1": "2", "INSTALL_DA": "1967-01-01T00:00:00", "REMOVAL_DA": "2004-07-27T00:00:00" }, "geometry": { "type": "Point", "coordinates": [ -88.873092108219566, 29.650104171853556 ] } },
{ "type": "Feature", "properties": { "STRUCTURE_": 1, "COMPLEX_ID": 20383, "STRUCTURE1": "JA", "INSTALL_DA": "1965-01-01T00:00:00", "REMOVAL_DA": null }, "geometry": { "type": "Point", "coordinates": [ -88.99441401108345, 29.406087713990608 ] } },
{ "type": "Feature", "properties": { "STRUCTURE_": 1, "COMPLEX_ID": 20384, "STRUCTURE1": "KA", "INSTALL_DA": "1966-01-01T00:00:00", "REMOVAL_DA": "1976-12-31T00:00:00" }, "geometry": { "type": "Point", "coordinates": [ -89.073837769783111, 29.409059420193724 ] } },
{ "type": "Feature", "properties": { "STRUCTURE_": 1, "COMPLEX_ID": 20385, "STRUCTURE1": "KB", "INSTALL_DA": "1967-01-01T00:00:00", "REMOVAL_DA": null }, "geometry": { "type": "Point", "coordinates": [ -89.091193814460141, 29.399910052274048 ] } },
{ "type": "Feature", "properties": { "STRUCTURE_": 1, "COMPLEX_ID": 20386, "STRUCTURE1": "AB N", "INSTALL_DA": "1957-01-01T00:00:00", "REMOVAL_DA": null }, "geometry": { "type": "Point", "coordinates": [ -88.982133099431877, 29.351460222536772 ] } },
{ "type": "Feature", "properties": { "STRUCTURE_": 1, "COMPLEX_ID": 20388, "STRUCTURE1": "AD", "INSTALL_DA": "1958-01-01T00:00:00", "REMOVAL_DA": null }, "geometry": { "type": "Point", "coordinates": [ -88.99466618060417, 29.372767173431154 ] } },
{ "type": "Feature", "properties": { "STRUCTURE_": 1, "COMPLEX_ID": 20389, "STRUCTURE1": "BE", "INSTALL_DA": "1996-04-30T00:00:00", "REMOVAL_DA": null }, "geometry": { "type": "Point", "coordinates": [ -88.920883084111153, 29.42702652287689 ] } },
{ "type": "Feature", "properties": { "STRUCTURE_": 1, "COMPLEX_ID": 20390, "STRUCTURE1": "B", "INSTALL_DA": "1961-01-01T00:00:00", "REMOVAL_DA": null }, "geometry": { "type": "Point", "coordinates": [ -88.969774768919407, 29.400193733879938 ] } },
{ "type": "Feature", "properties": { "STRUCTURE_": 2, "COMPLEX_ID": 20390, "STRUCTURE1": "BB", "INSTALL_DA": "1971-01-01T00:00:00", "REMOVAL_DA": null }, "geometry": { "type": "Point", "coordinates": [ -88.970088777962729, 29.400198733602618 ] } },
{ "type": "Feature", "properties": { "STRUCTURE_": 3, "COMPLEX_ID": 20390, "STRUCTURE1": "O", "INSTALL_DA": "1972-01-01T00:00:00", "REMOVAL_DA": null }, "geometry": { "type": "Point", "coordinates": [ -88.969774768919407, 29.400193733879938 ] } },
{ "type": "Feature", "properties": { "STRUCTURE_": 1, "COMPLEX_ID": 20391, "STRUCTURE1": "AA", "INSTALL_DA": "1959-01-01T00:00:00", "REMOVAL_DA": null }, "geometry": { "type": "Point", "coordinates": [ -88.993033441730873, 29.367374500345775 ] } },
{ "type": "Feature", "properties": { "STRUCTURE_": 1, "COMPLEX_ID": 20392, "STRUCTURE1": "BA", "INSTALL_DA": "1966-01-01T00:00:00", "REMOVAL_DA": null }, "geometry": { "type": "Point", "coordinates": [ -88.982425138132058, 29.409795435030659 ] } },
{ "type": "Feature", "properties": { "STRUCTURE_": 1, "COMPLEX_ID": 20394, "STRUCTURE1": "CB", "INSTALL_DA": "1963-01-01T00:00:00", "REMOVAL_DA": null }, "geometry": { "type": "Point", "coordinates": [ -89.020016218806987, 29.406581518222577 ] } },
{ "type": "Feature", "properties": { "STRUCTURE_": 1, "COMPLEX_ID": 20395, "STRUCTURE1": "DA", "INSTALL_DA": "1963-01-01T00:00:00", "REMOVAL_DA": "1999-06-16T00:00:00" }, "geometry": { "type": "Point", "coordinates": [ -89.034690642939594, 29.409617419339828 ] } },
{ "type": "Feature", "properties": { "STRUCTURE_": 1, "COMPLEX_ID": 20681, "STRUCTURE1": "48", "INSTALL_DA": "1967-01-01T00:00:00", "REMOVAL_DA": null }, "geometry": { "type": "Point", "coordinates": [ -89.252553651861319, 28.962497164146882 ] } },
{ "type": "Feature", "properties": { "STRUCTURE_": 1, "COMPLEX_ID": 20685, "STRUCTURE1": "45", "INSTALL_DA": "1961-01-01T00:00:00", "REMOVAL_DA": "2011-11-11T00:00:00" }, "geometry": { "type": "Point", "coordinates": [ -89.235156157070392, 28.969247960660795 ] } },
{ "type": "Feature", "properties": { "STRUCTURE_": 1, "COMPLEX_ID": 20490, "STRUCTURE1": "4", "INSTALL_DA": "1962-01-01T00:00:00", "REMOVAL_DA": "1985-12-31T00:00:00" }, "geometry": { "type": "Point", "coordinates": [ -89.54347513452673, 29.179038281128712 ] } },
{ "type": "Feature", "properties": { "STRUCTURE_": 2, "COMPLEX_ID": 20491, "STRUCTURE1": "F", "INSTALL_DA": "1974-01-01T00:00:00", "REMOVAL_DA": "2023-11-28T00:00:00" }, "geometry": { "type": "Point", "coordinates": [ -89.51400915179471, 28.971795747933363 ] } },
{ "type": "Feature", "properties": { "STRUCTURE_": 1, "COMPLEX_ID": 20492, "STRUCTURE1": "P", "INSTALL_DA": "1968-01-01T00:00:00", "REMOVAL_DA": "1979-12-31T00:00:00" }, "geometry": { "type": "Point", "coordinates": [ -89.828021155304455, 28.936144433312542 ] } },
{ "type": "Feature", "properties": { "STRUCTURE_": 1, "COMPLEX_ID": 20493, "STRUCTURE1": "D", "INSTALL_DA": "1964-01-01T00:00:00", "REMOVAL_DA": null }, "geometry": { "type": "Point", "coordinates": [ -89.663305482779009, 28.960017775375171 ] } },
{ "type": "Feature", "properties": { "STRUCTURE_": 1, "COMPLEX_ID": 20510, "STRUCTURE1": "O", "INSTALL_DA": "1967-01-01T00:00:00", "REMOVAL_DA": null }, "geometry": { "type": "Point", "coordinates": [ -89.783995922631661, 28.964371572219143 ] } },
{ "type": "Feature", "properties": { "STRUCTURE_": 1, "COMPLEX_ID": 20544, "STRUCTURE1": "37", "INSTALL_DA": "1961-01-01T00:00:00", "REMOVAL_DA": null }, "geometry": { "type": "Point", "coordinates": [ -89.238137237737419, 28.960973218332768 ] } },
{ "type": "Feature", "properties": { "STRUCTURE_": 1, "COMPLEX_ID": 20546, "STRUCTURE1": "33", "INSTALL_DA": "1960-01-01T00:00:00", "REMOVAL_DA": null }, "geometry": { "type": "Point", "coordinates": [ -89.237739228697066, 28.965065090418634 ] } },
{ "type": "Feature", "properties": { "STRUCTURE_": 1, "COMPLEX_ID": 20547, "STRUCTURE1": "60", "INSTALL_DA": "1962-01-01T00:00:00", "REMOVAL_DA": null }, "geometry": { "type": "Point", "coordinates": [ -89.236582195519077, 28.965046091531168 ] } },
{ "type": "Feature", "properties": { "STRUCTURE_": 1, "COMPLEX_ID": 20548, "STRUCTURE1": "89", "INSTALL_DA": "1966-01-01T00:00:00", "REMOVAL_DA": "2012-10-06T00:00:00" }, "geometry": { "type": "Point", "coordinates": [ -89.224246842469782, 28.966005067018589 ] } },
{ "type": "Feature", "properties": { "STRUCTURE_": 1, "COMPLEX_ID": 20549, "STRUCTURE1": "99", "INSTALL_DA": "1968-01-01T00:00:00", "REMOVAL_DA": null }, "geometry": { "type": "Point", "coordinates": [ -89.22940399054896, 28.966429051451399 ] } },
{ "type": "Feature", "properties": { "STRUCTURE_": 1, "COMPLEX_ID": 20550, "STRUCTURE1": "30", "INSTALL_DA": "1960-01-01T00:00:00", "REMOVAL_DA": null }, "geometry": { "type": "Point", "coordinates": [ -89.246386474715607, 28.961867186644895 ] } },
{ "type": "Feature", "properties": { "STRUCTURE_": 1, "COMPLEX_ID": 20551, "STRUCTURE1": "AC", "INSTALL_DA": "1958-01-01T00:00:00", "REMOVAL_DA": null }, "geometry": { "type": "Point", "coordinates": [ -88.989092312534424, 29.376105463969335 ] } },
{ "type": "Feature", "properties": { "STRUCTURE_": 2, "COMPLEX_ID": 20465, "STRUCTURE1": "2", "INSTALL_DA": "1970-01-01T00:00:00", "REMOVAL_DA": "1999-06-29T00:00:00" }, "geometry": { "type": "Point", "coordinates": [ -88.870202921906923, 29.440855528992707 ] } },
{ "type": "Feature", "properties": { "STRUCTURE_": 1, "COMPLEX_ID": 20466, "STRUCTURE1": "A", "INSTALL_DA": "1971-01-01T00:00:00", "REMOVAL_DA": "2021-08-03T00:00:00" }, "geometry": { "type": "Point", "coordinates": [ -88.628045928482422, 29.398472909231405 ] } },
{ "type": "Feature", "properties": { "STRUCTURE_": 1, "COMPLEX_ID": 20467, "STRUCTURE1": "A", "INSTALL_DA": "1966-01-01T00:00:00", "REMOVAL_DA": null }, "geometry": { "type": "Point", "coordinates": [ -88.742062156203417, 29.275585644548944 ] } },
{ "type": "Feature", "properties": { "STRUCTURE_": 1, "COMPLEX_ID": 20468, "STRUCTURE1": "B", "INSTALL_DA": "1967-01-01T00:00:00", "REMOVAL_DA": null }, "geometry": { "type": "Point", "coordinates": [ -88.781704290957336, 29.263995987808901 ] } },
{ "type": "Feature", "properties": { "STRUCTURE_": 1, "COMPLEX_ID": 20469, "STRUCTURE1": "C", "INSTALL_DA": "1969-01-01T00:00:00", "REMOVAL_DA": null }, "geometry": { "type": "Point", "coordinates": [ -88.759784671285487, 29.28744427320801 ] } },
{ "type": "Feature", "properties": { "STRUCTURE_": 1, "COMPLEX_ID": 20470, "STRUCTURE1": "BF", "INSTALL_DA": "1986-06-12T00:00:00", "REMOVAL_DA": null }, "geometry": { "type": "Point", "coordinates": [ -88.965615645475694, 29.39301595526781 ] } },
{ "type": "Feature", "properties": { "STRUCTURE_": 1, "COMPLEX_ID": 20471, "STRUCTURE1": "5", "INSTALL_DA": "1961-01-01T00:00:00", "REMOVAL_DA": null }, "geometry": { "type": "Point", "coordinates": [ -88.974803916123264, 29.404844589546467 ] } },
{ "type": "Feature", "properties": { "STRUCTURE_": 1, "COMPLEX_ID": 20472, "STRUCTURE1": "6", "INSTALL_DA": "1965-01-01T00:00:00", "REMOVAL_DA": "1992-05-18T00:00:00" }, "geometry": { "type": "Point", "coordinates": [ -89.058335324346231, 29.4107463750445 ] } },
{ "type": "Feature", "properties": { "STRUCTURE_": 1, "COMPLEX_ID": 21033, "STRUCTURE1": "58", "INSTALL_DA": "1959-01-01T00:00:00", "REMOVAL_DA": "2014-10-19T00:00:00" }, "geometry": { "type": "Point", "coordinates": [ -89.254284710886239, 28.978613659041219 ] } },
{ "type": "Feature", "properties": { "STRUCTURE_": 1, "COMPLEX_ID": 21042, "STRUCTURE1": "8", "INSTALL_DA": "1959-01-01T00:00:00", "REMOVAL_DA": null }, "geometry": { "type": "Point", "coordinates": [ -89.266741065980185, 28.975181760760616 ] } },
{ "type": "Feature", "properties": { "STRUCTURE_": 1, "COMPLEX_ID": 20727, "STRUCTURE1": "B", "INSTALL_DA": "1968-01-01T00:00:00", "REMOVAL_DA": null }, "geometry": { "type": "Point", "coordinates": [ -88.721444482476372, 29.092642313509753 ] } },
{ "type": "Feature", "properties": { "STRUCTURE_": 1, "COMPLEX_ID": 20728, "STRUCTURE1": "4", "INSTALL_DA": "1963-01-01T00:00:00", "REMOVAL_DA": "2011-05-13T00:00:00" }, "geometry": { "type": "Point", "coordinates": [ -89.562633689127694, 29.185542069821004 ] } },
{ "type": "Feature", "properties": { "STRUCTURE_": 1, "COMPLEX_ID": 20729, "STRUCTURE1": "A", "INSTALL_DA": "1956-01-01T00:00:00", "REMOVAL_DA": null }, "geometry": { "type": "Point", "coordinates": [ -89.012408982606118, 29.374064517142092 ] } },
{ "type": "Feature", "properties": { "STRUCTURE_": 1, "COMPLEX_ID": 20742, "STRUCTURE1": "T", "INSTALL_DA": "1966-01-01T00:00:00", "REMOVAL_DA": null }, "geometry": { "type": "Point", "coordinates": [ -89.248289542236151, 28.984153488483614 ] } },
{ "type": "Feature", "properties": { "STRUCTURE_": 1, "COMPLEX_ID": 21584, "STRUCTURE1": "1", "INSTALL_DA": "1964-01-01T00:00:00", "REMOVAL_DA": "2004-07-25T00:00:00" }, "geometry": { "type": "Point", "coordinates": [ -88.881795355346767, 29.64190541628016 ] } },
{ "type": "Feature", "properties": { "STRUCTURE_": 1, "COMPLEX_ID": 21585, "STRUCTURE1": "5", "INSTALL_DA": "1971-01-01T00:00:00", "REMOVAL_DA": "2004-08-04T00:00:00" }, "geometry": { "type": "Point", "coordinates": [ -88.895701720684229, 29.569962589349501 ] } },
{ "type": "Feature", "properties": { "STRUCTURE_": 1, "COMPLEX_ID": 21586, "STRUCTURE1": "CC", "INSTALL_DA": "1972-01-01T00:00:00", "REMOVAL_DA": null }, "geometry": { "type": "Point", "coordinates": [ -88.993643452032586, 29.39236496404779 ] } },
{ "type": "Feature", "properties": { "STRUCTURE_": 1, "COMPLEX_ID": 21587, "STRUCTURE1": "I", "INSTALL_DA": "1965-01-01T00:00:00", "REMOVAL_DA": null }, "geometry": { "type": "Point", "coordinates": [ -89.051323112414508, 29.392148947175098 ] } },
{ "type": "Feature", "properties": { "STRUCTURE_": 1, "COMPLEX_ID": 21590, "STRUCTURE1": "A", "INSTALL_DA": "1973-01-01T00:00:00", "REMOVAL_DA": null }, "geometry": { "type": "Point", "coordinates": [ -88.861730606697606, 29.294132030617494 ] } },
{ "type": "Feature", "properties": { "STRUCTURE_": 1, "COMPLEX_ID": 21591, "STRUCTURE1": "A", "INSTALL_DA": "1968-01-01T00:00:00", "REMOVAL_DA": "2008-06-14T00:00:00" }, "geometry": { "type": "Point", "coordinates": [ -88.45157079420251, 29.256623320152361 ] } },
{ "type": "Feature", "properties": { "STRUCTURE_": 1, "COMPLEX_ID": 21668, "STRUCTURE1": "B", "INSTALL_DA": "1962-01-01T00:00:00", "REMOVAL_DA": "1978-12-31T00:00:00" }, "geometry": { "type": "Point", "coordinates": [ -89.230866021190053, 28.946887662718172 ] } },
{ "type": "Feature", "properties": { "STRUCTURE_": 1, "COMPLEX_ID": 21164, "STRUCTURE1": "20", "INSTALL_DA": "1968-01-01T00:00:00", "REMOVAL_DA": "2014-10-18T00:00:00" }, "geometry": { "type": "Point", "coordinates": [ -89.258486829272385, 28.975050768599115 ] } },
{ "type": "Feature", "properties": { "STRUCTURE_": 1, "COMPLEX_ID": 21167, "STRUCTURE1": "201 V", "INSTALL_DA": "1973-01-01T00:00:00", "REMOVAL_DA": null }, "geometry": { "type": "Point", "coordinates": [ -89.262658950319164, 28.97750968978648 ] } },
{ "type": "Feature", "properties": { "STRUCTURE_": 1, "COMPLEX_ID": 21169, "STRUCTURE1": "C", "INSTALL_DA": "1973-01-01T00:00:00", "REMOVAL_DA": "2025-12-04T00:00:00" }, "geometry": { "type": "Point", "coordinates": [ -88.956033202463914, 29.063994119587203 ] } },
{ "type": "Feature", "properties": { "STRUCTURE_": 2, "COMPLEX_ID": 21229, "STRUCTURE1": "VV-AUX", "INSTALL_DA": "1968-01-01T00:00:00", "REMOVAL_DA": null }, "geometry": { "type": "Point", "coordinates": [ -89.265216019803688, 28.970993892485495 ] } },
{ "type": "Feature", "properties": { "STRUCTURE_": 1, "COMPLEX_ID": 21270, "STRUCTURE1": "S", "INSTALL_DA": "1968-01-01T00:00:00", "REMOVAL_DA": null }, "geometry": { "type": "Point", "coordinates": [ -89.820763926523981, 28.906074382842782 ] } },
{ "type": "Feature", "properties": { "STRUCTURE_": 1, "COMPLEX_ID": 21271, "STRUCTURE1": "S/POWER/PROD.", "INSTALL_DA": "1962-01-01T00:00:00", "REMOVAL_DA": "1995-09-08T00:00:00" }, "geometry": { "type": "Point", "coordinates": [ -89.577073107830216, 29.191427880096704 ] } },
{ "type": "Feature", "properties": { "STRUCTURE_": 2, "COMPLEX_ID": 21271, "STRUCTURE1": "PWR", "INSTALL_DA": "1963-01-01T00:00:00", "REMOVAL_DA": "1995-09-08T00:00:00" }, "geometry": { "type": "Point", "coordinates": [ -89.576947104209864, 29.191425880224585 ] } },
{ "type": "Feature", "properties": { "STRUCTURE_": 2, "COMPLEX_ID": 21273, "STRUCTURE1": "I-QRT", "INSTALL_DA": "1956-01-01T00:00:00", "REMOVAL_DA": null }, "geometry": { "type": "Point", "coordinates": [ -89.608056963068464, 29.141047425017419 ] } },
{ "type": "Feature", "properties": { "STRUCTURE_": 1, "COMPLEX_ID": 22178, "STRUCTURE1": "A (Cognac)", "INSTALL_DA": "1978-01-01T00:00:00", "REMOVAL_DA": null }, "geometry": { "type": "Point", "coordinates": [ -89.05645794034929, 28.791231632514922 ] } },
{ "type": "Feature", "properties": { "STRUCTURE_": 1, "COMPLEX_ID": 22202, "STRUCTURE1": "A", "INSTALL_DA": "1978-01-01T00:00:00", "REMOVAL_DA": "2004-06-06T00:00:00" }, "geometry": { "type": "Point", "coordinates": [ -89.391068462273111, 28.703353265386216 ] } },
{ "type": "Feature", "properties": { "STRUCTURE_": 1, "COMPLEX_ID": 21942, "STRUCTURE1": "157", "INSTALL_DA": "1976-01-01T00:00:00", "REMOVAL_DA": null }, "geometry": { "type": "Point", "coordinates": [ -89.246673488928778, 28.972163864251204 ] } },
{ "type": "Feature", "properties": { "STRUCTURE_": 1, "COMPLEX_ID": 21814, "STRUCTURE1": "H", "INSTALL_DA": "1970-01-01T00:00:00", "REMOVAL_DA": "2016-10-14T00:00:00" }, "geometry": { "type": "Point", "coordinates": [ -89.631685617011215, 29.105899504042124 ] } },
{ "type": "Feature", "properties": { "STRUCTURE_": 1, "COMPLEX_ID": 21815, "STRUCTURE1": "C", "INSTALL_DA": "1964-01-01T00:00:00", "REMOVAL_DA": null }, "geometry": { "type": "Point", "coordinates": [ -89.012329993321956, 29.398669763485294 ] } },
{ "type": "Feature", "properties": { "STRUCTURE_": 1, "COMPLEX_ID": 21817, "STRUCTURE1": "C", "INSTALL_DA": "1964-01-01T00:00:00", "REMOVAL_DA": "1994-10-28T00:00:00" }, "geometry": { "type": "Point", "coordinates": [ -89.7530901441894, 29.104760201159301 ] } },
{ "type": "Feature", "properties": { "STRUCTURE_": 1, "COMPLEX_ID": 21818, "STRUCTURE1": "3-CMP", "INSTALL_DA": "1962-01-01T00:00:00", "REMOVAL_DA": "2018-01-04T00:00:00" }, "geometry": { "type": "Point", "coordinates": [ -89.553348518014189, 29.178944988284929 ] } },
{ "type": "Feature", "properties": { "STRUCTURE_": 2, "COMPLEX_ID": 21831, "STRUCTURE1": "E-CMP", "INSTALL_DA": "1954-01-01T00:00:00", "REMOVAL_DA": null }, "geometry": { "type": "Point", "coordinates": [ -89.675754969859298, 29.148523882276663 ] } },
{ "type": "Feature", "properties": { "STRUCTURE_": 1, "COMPLEX_ID": 21895, "STRUCTURE1": "A", "INSTALL_DA": "1975-01-01T00:00:00", "REMOVAL_DA": null }, "geometry": { "type": "Point", "coordinates": [ -88.704582994990901, 29.084807562852607 ] } },
{ "type": "Feature", "properties": { "STRUCTURE_": 1, "COMPLEX_ID": 21905, "STRUCTURE1": "B", "INSTALL_DA": "1975-01-01T00:00:00", "REMOVAL_DA": "1980-12-31T00:00:00" }, "geometry": { "type": "Point", "coordinates": [ -88.953796121927041, 29.03149513335131 ] } },
{ "type": "Feature", "properties": { "STRUCTURE_": 1, "COMPLEX_ID": 21777, "STRUCTURE1": "5", "INSTALL_DA": "1974-01-01T00:00:00", "REMOVAL_DA": "1983-12-31T00:00:00" }, "geometry": { "type": "Point", "coordinates": [ -89.810899830277179, 29.155521589289531 ] } },
{ "type": "Feature", "properties": { "STRUCTURE_": 1, "COMPLEX_ID": 21778, "STRUCTURE1": "B", "INSTALL_DA": "1973-01-01T00:00:00", "REMOVAL_DA": null }, "geometry": { "type": "Point", "coordinates": [ -88.842338049700089, 29.295801986386635 ] } },
{ "type": "Feature", "properties": { "STRUCTURE_": 1, "COMPLEX_ID": 21796, "STRUCTURE1": "149", "INSTALL_DA": "1974-01-01T00:00:00", "REMOVAL_DA": "2014-10-22T00:00:00" }, "geometry": { "type": "Point", "coordinates": [ -89.246832495529588, 28.975675754302877 ] } },
{ "type": "Feature", "properties": { "STRUCTURE_": 1, "COMPLEX_ID": 21797, "STRUCTURE1": "229 T", "INSTALL_DA": "1975-01-01T00:00:00", "REMOVAL_DA": null }, "geometry": { "type": "Point", "coordinates": [ -89.250145592792336, 28.979592630286636 ] } },
{ "type": "Feature", "properties": { "STRUCTURE_": 1, "COMPLEX_ID": 21802, "STRUCTURE1": "F", "INSTALL_DA": "1974-01-01T00:00:00", "REMOVAL_DA": "2015-06-05T00:00:00" }, "geometry": { "type": "Point", "coordinates": [ -89.792330047817416, 28.810576410751025 ] } },
{ "type": "Feature", "properties": { "STRUCTURE_": 1, "COMPLEX_ID": 21805, "STRUCTURE1": "L", "INSTALL_DA": "1966-01-01T00:00:00", "REMOVAL_DA": null }, "geometry": { "type": "Point", "coordinates": [ -89.822260003326093, 28.952401926082409 ] } },
{ "type": "Feature", "properties": { "STRUCTURE_": 1, "COMPLEX_ID": 21809, "STRUCTURE1": "A", "INSTALL_DA": "1963-01-01T00:00:00", "REMOVAL_DA": null }, "geometry": { "type": "Point", "coordinates": [ -89.706415700869016, 28.946576173837368 ] } },
{ "type": "Feature", "properties": { "STRUCTURE_": 1, "COMPLEX_ID": 21669, "STRUCTURE1": "5", "INSTALL_DA": "1968-01-01T00:00:00", "REMOVAL_DA": null }, "geometry": { "type": "Point", "coordinates": [ -89.275451863975348, 28.972258477948138 ] } },
{ "type": "Feature", "properties": { "STRUCTURE_": 1, "COMPLEX_ID": 21736, "STRUCTURE1": "2", "INSTALL_DA": "1973-01-01T00:00:00", "REMOVAL_DA": "1983-12-31T00:00:00" }, "geometry": { "type": "Point", "coordinates": [ -89.800541540126829, 29.162724371480461 ] } },
{ "type": "Feature", "properties": { "STRUCTURE_": 1, "COMPLEX_ID": 21737, "STRUCTURE1": "B", "INSTALL_DA": "1955-01-01T00:00:00", "REMOVAL_DA": "2015-11-16T00:00:00" }, "geometry": { "type": "Point", "coordinates": [ -89.61744120911456, 29.107164472306717 ] } },
{ "type": "Feature", "properties": { "STRUCTURE_": 1, "COMPLEX_ID": 21480, "STRUCTURE1": "A", "INSTALL_DA": "1972-01-01T00:00:00", "REMOVAL_DA": "1980-12-31T00:00:00" }, "geometry": { "type": "Point", "coordinates": [ -89.707209792930826, 29.044430108632149 ] } },
{ "type": "Feature", "properties": { "STRUCTURE_": 1, "COMPLEX_ID": 21481, "STRUCTURE1": "2", "INSTALL_DA": "1970-01-01T00:00:00", "REMOVAL_DA": "1991-09-16T00:00:00" }, "geometry": { "type": "Point", "coordinates": [ -88.877831200693848, 29.56067587793579 ] } },
{ "type": "Feature", "properties": { "STRUCTURE_": 1, "COMPLEX_ID": 21484, "STRUCTURE1": "4", "INSTALL_DA": "1972-01-01T00:00:00", "REMOVAL_DA": "1980-12-31T00:00:00" }, "geometry": { "type": "Point", "coordinates": [ -88.810662289279165, 29.614563269635092 ] } },
{ "type": "Feature", "properties": { "STRUCTURE_": 1, "COMPLEX_ID": 22583, "STRUCTURE1": "A", "INSTALL_DA": "1980-01-01T00:00:00", "REMOVAL_DA": "2015-09-15T00:00:00" }, "geometry": { "type": "Point", "coordinates": [ -89.176906389900878, 28.795393450588143 ] } },
{ "type": "Feature", "properties": { "STRUCTURE_": 1, "COMPLEX_ID": 22596, "STRUCTURE1": "D", "INSTALL_DA": "1982-01-01T00:00:00", "REMOVAL_DA": "2016-10-22T00:00:00" }, "geometry": { "type": "Point", "coordinates": [ -89.531302679619088, 29.020469217782125 ] } },
{ "type": "Feature", "properties": { "STRUCTURE_": 1, "COMPLEX_ID": 22597, "STRUCTURE1": "BC", "INSTALL_DA": "1982-01-01T00:00:00", "REMOVAL_DA": null }, "geometry": { "type": "Point", "coordinates": [ -88.96075650935056, 29.40034873269741 ] } },
{ "type": "Feature", "properties": { "STRUCTURE_": 1, "COMPLEX_ID": 22601, "STRUCTURE1": "C", "INSTALL_DA": "1982-01-01T00:00:00", "REMOVAL_DA": null }, "geometry": { "type": "Point", "coordinates": [ -88.660795811328782, 29.257698223152946 ] } },
{ "type": "Feature", "properties": { "STRUCTURE_": 1, "COMPLEX_ID": 22602, "STRUCTURE1": "D", "INSTALL_DA": "1981-01-01T00:00:00", "REMOVAL_DA": null }, "geometry": { "type": "Point", "coordinates": [ -89.412694165069382, 28.839451953345762 ] } },
{ "type": "Feature", "properties": { "STRUCTURE_": 1, "COMPLEX_ID": 22605, "STRUCTURE1": "P", "INSTALL_DA": "1982-01-25T00:00:00", "REMOVAL_DA": null }, "geometry": { "type": "Point", "coordinates": [ -88.958648453078581, 29.408964469873499 ] } },
{ "type": "Feature", "properties": { "STRUCTURE_": 1, "COMPLEX_ID": 22445, "STRUCTURE1": "B", "INSTALL_DA": "1977-01-01T00:00:00", "REMOVAL_DA": "2022-12-16T00:00:00" }, "geometry": { "type": "Point", "coordinates": [ -88.584428675395699, 29.405636703851037 ] } },
{ "type": "Feature", "properties": { "STRUCTURE_": 1, "COMPLEX_ID": 22455, "STRUCTURE1": "7", "INSTALL_DA": "1981-01-01T00:00:00", "REMOVAL_DA": "1985-12-31T00:00:00" }, "geometry": { "type": "Point", "coordinates": [ -89.803887629793493, 29.154919612008367 ] } },
{ "type": "Feature", "properties": { "STRUCTURE_": 1, "COMPLEX_ID": 22464, "STRUCTURE1": "1", "INSTALL_DA": "1980-01-01T00:00:00", "REMOVAL_DA": "2019-09-03T00:00:00" }, "geometry": { "type": "Point", "coordinates": [ -89.774253789685446, 29.162088406178484 ] } },
{ "type": "Feature", "properties": { "STRUCTURE_": 1, "COMPLEX_ID": 22507, "STRUCTURE1": "B", "INSTALL_DA": "1988-01-01T00:00:00", "REMOVAL_DA": "2018-07-05T00:00:00" }, "geometry": { "type": "Point", "coordinates": [ -88.849024318911745, 29.45542692169413 ] } },
{ "type": "Feature", "properties": { "STRUCTURE_": 1, "COMPLEX_ID": 22508, "STRUCTURE1": "1", "INSTALL_DA": "1981-01-01T00:00:00", "REMOVAL_DA": "1990-11-18T00:00:00" }, "geometry": { "type": "Point", "coordinates": [ -88.808637180862689, 29.509286465379361 ] } },
{ "type": "Feature", "properties": { "STRUCTURE_": 1, "COMPLEX_ID": 22509, "STRUCTURE1": "1", "INSTALL_DA": "1981-01-01T00:00:00", "REMOVAL_DA": "1985-12-31T00:00:00" }, "geometry": { "type": "Point", "coordinates": [ -88.850531383765144, 29.499662742965288 ] } },
{ "type": "Feature", "properties": { "STRUCTURE_": 1, "COMPLEX_ID": 22523, "STRUCTURE1": "B", "INSTALL_DA": "1980-01-01T00:00:00", "REMOVAL_DA": null }, "geometry": { "type": "Point", "coordinates": [ -88.736939967818913, 29.183666484501309 ] } },
{ "type": "Feature", "properties": { "STRUCTURE_": 1, "COMPLEX_ID": 22311, "STRUCTURE1": "A", "INSTALL_DA": "1978-01-01T00:00:00", "REMOVAL_DA": null }, "geometry": { "type": "Point", "coordinates": [ -89.786532768835002, 28.652415433443544 ] } },
{ "type": "Feature", "properties": { "STRUCTURE_": 1, "COMPLEX_ID": 22380, "STRUCTURE1": "A", "INSTALL_DA": "1980-01-01T00:00:00", "REMOVAL_DA": null }, "geometry": { "type": "Point", "coordinates": [ -89.063824230703247, 28.885705994454831 ] } },
{ "type": "Feature", "properties": { "STRUCTURE_": 1, "COMPLEX_ID": 22397, "STRUCTURE1": "C", "INSTALL_DA": "1978-01-01T00:00:00", "REMOVAL_DA": "2021-08-10T00:00:00" }, "geometry": { "type": "Point", "coordinates": [ -88.609388392012434, 29.400381856777834 ] } },
{ "type": "Feature", "properties": { "STRUCTURE_": 1, "COMPLEX_ID": 22401, "STRUCTURE1": "235 T", "INSTALL_DA": "1980-01-01T00:00:00", "REMOVAL_DA": null }, "geometry": { "type": "Point", "coordinates": [ -89.238906442733708, 28.982781644973858 ] } },
{ "type": "Feature", "properties": { "STRUCTURE_": 1, "COMPLEX_ID": 22403, "STRUCTURE1": "267 V", "INSTALL_DA": "1980-01-01T00:00:00", "REMOVAL_DA": null }, "geometry": { "type": "Point", "coordinates": [ -89.259411568206232, 28.980260334905871 ] } },
{ "type": "Feature", "properties": { "STRUCTURE_": 1, "COMPLEX_ID": 22408, "STRUCTURE1": "A", "INSTALL_DA": "1980-01-01T00:00:00", "REMOVAL_DA": "2019-09-09T00:00:00" }, "geometry": { "type": "Point", "coordinates": [ -89.752380165395579, 29.161759428720231 ] } },
{ "type": "Feature", "properties": { "STRUCTURE_": 2, "COMPLEX_ID": 22408, "STRUCTURE1": "2", "INSTALL_DA": "1979-01-01T00:00:00", "REMOVAL_DA": "2019-09-10T00:00:00" }, "geometry": { "type": "Point", "coordinates": [ -89.752395165972132, 29.161963422376289 ] } },
{ "type": "Feature", "properties": { "STRUCTURE_": 1, "COMPLEX_ID": 22433, "STRUCTURE1": "189", "INSTALL_DA": "1979-01-01T00:00:00", "REMOVAL_DA": null }, "geometry": { "type": "Point", "coordinates": [ -89.239724786841933, 28.967184243513916 ] } },
{ "type": "Feature", "properties": { "STRUCTURE_": 1, "COMPLEX_ID": 22205, "STRUCTURE1": "A", "INSTALL_DA": "1978-01-01T00:00:00", "REMOVAL_DA": "1993-04-14T00:00:00" }, "geometry": { "type": "Point", "coordinates": [ -89.80774339949096, 28.691694171304647 ] } },
{ "type": "Feature", "properties": { "STRUCTURE_": 1, "COMPLEX_ID": 22208, "STRUCTURE1": "A", "INSTALL_DA": "1978-01-01T00:00:00", "REMOVAL_DA": "2003-09-07T00:00:00" }, "geometry": { "type": "Point", "coordinates": [ -89.630643526270262, 29.017789249626023 ] } },
{ "type": "Feature", "properties": { "STRUCTURE_": 2, "COMPLEX_ID": 22208, "STRUCTURE1": "5", "INSTALL_DA": null, "REMOVAL_DA": null }, "geometry": { "type": "Point", "coordinates": [ -89.641695290076612, 29.006389833753083 ] } },
{ "type": "Feature", "properties": { "STRUCTURE_": 1, "COMPLEX_ID": 22210, "STRUCTURE1": "A", "INSTALL_DA": "1977-01-01T00:00:00", "REMOVAL_DA": null }, "geometry": { "type": "Point", "coordinates": [ -88.908009924218277, 29.266693858251614 ] } },
{ "type": "Feature", "properties": { "STRUCTURE_": 2, "COMPLEX_ID": 22210, "STRUCTURE1": "CF", "INSTALL_DA": "1979-01-01T00:00:00", "REMOVAL_DA": null }, "geometry": { "type": "Point", "coordinates": [ -88.908805947316495, 29.267114844973484 ] } },
{ "type": "Feature", "properties": { "STRUCTURE_": 1, "COMPLEX_ID": 22211, "STRUCTURE1": "B", "INSTALL_DA": "1977-01-01T00:00:00", "REMOVAL_DA": "1990-07-20T00:00:00" }, "geometry": { "type": "Point", "coordinates": [ -88.742878084665705, 29.063101225425168 ] } },
{ "type": "Feature", "properties": { "STRUCTURE_": 1, "COMPLEX_ID": 22212, "STRUCTURE1": "A", "INSTALL_DA": "1978-01-01T00:00:00", "REMOVAL_DA": "2004-09-22T00:00:00" }, "geometry": { "type": "Point", "coordinates": [ -89.411798129911375, 28.824181434992003 ] } },
{ "type": "Feature", "properties": { "STRUCTURE_": 1, "COMPLEX_ID": 22220, "STRUCTURE1": "F", "INSTALL_DA": "1978-01-01T00:00:00", "REMOVAL_DA": "2010-11-30T00:00:00" }, "geometry": { "type": "Point", "coordinates": [ -88.555319753406735, 29.19509818962959 ] } },
{ "type": "Feature", "properties": { "STRUCTURE_": 1, "COMPLEX_ID": 22223, "STRUCTURE1": "A", "INSTALL_DA": "1979-01-01T00:00:00", "REMOVAL_DA": null }, "geometry": { "type": "Point", "coordinates": [ -88.746178224672633, 29.164477075521887 ] } },
{ "type": "Feature", "properties": { "STRUCTURE_": 1, "COMPLEX_ID": 22224, "STRUCTURE1": "A", "INSTALL_DA": "1978-01-01T00:00:00", "REMOVAL_DA": null }, "geometry": { "type": "Point", "coordinates": [ -89.794316982976412, 28.642906732101633 ] } },
{ "type": "Feature", "properties": { "STRUCTURE_": 1, "COMPLEX_ID": 22247, "STRUCTURE1": "193", "INSTALL_DA": "1979-01-01T00:00:00", "REMOVAL_DA": null }, "geometry": { "type": "Point", "coordinates": [ -89.257867791202528, 28.975032249145944 ] } },
{ "type": "Feature", "properties": { "STRUCTURE_": 1, "COMPLEX_ID": 22266, "STRUCTURE1": "Y", "INSTALL_DA": "1978-01-01T00:00:00", "REMOVAL_DA": "2010-12-10T00:00:00" }, "geometry": { "type": "Point", "coordinates": [ -89.785033942079139, 28.950516006438217 ] } },
{ "type": "Feature", "properties": { "STRUCTURE_": 1, "COMPLEX_ID": 22289, "STRUCTURE1": "B", "INSTALL_DA": "1979-01-01T00:00:00", "REMOVAL_DA": null }, "geometry": { "type": "Point", "coordinates": [ -88.930696299669833, 29.253588444228139 ] } },
{ "type": "Feature", "properties": { "STRUCTURE_": 1, "COMPLEX_ID": 22296, "STRUCTURE1": "G", "INSTALL_DA": "1979-01-01T00:00:00", "REMOVAL_DA": null }, "geometry": { "type": "Point", "coordinates": [ -89.801864314894829, 28.805076579257481 ] } },
{ "type": "Feature", "properties": { "STRUCTURE_": 1, "COMPLEX_ID": 22087, "STRUCTURE1": "C", "INSTALL_DA": "1974-01-01T00:00:00", "REMOVAL_DA": null }, "geometry": { "type": "Point", "coordinates": [ -88.942771804771098, 29.029729192702185 ] } },
{ "type": "Feature", "properties": { "STRUCTURE_": 1, "COMPLEX_ID": 22103, "STRUCTURE1": "A", "INSTALL_DA": "1978-01-01T00:00:00", "REMOVAL_DA": null }, "geometry": { "type": "Point", "coordinates": [ -89.135346411248435, 29.428862168144509 ] } },
{ "type": "Feature", "properties": { "STRUCTURE_": 1, "COMPLEX_ID": 22123, "STRUCTURE1": "A", "INSTALL_DA": "1977-01-01T00:00:00", "REMOVAL_DA": null }, "geometry": { "type": "Point", "coordinates": [ -89.406126381140169, 28.83094547452913 ] } },
{ "type": "Feature", "properties": { "STRUCTURE_": 1, "COMPLEX_ID": 22131, "STRUCTURE1": "A", "INSTALL_DA": "1975-01-01T00:00:00", "REMOVAL_DA": null }, "geometry": { "type": "Point", "coordinates": [ -88.409521549368279, 29.240102782036889 ] } },
{ "type": "Feature", "properties": { "STRUCTURE_": 1, "COMPLEX_ID": 22172, "STRUCTURE1": "A", "INSTALL_DA": "1978-01-01T00:00:00", "REMOVAL_DA": null }, "geometry": { "type": "Point", "coordinates": [ -89.408227818726516, 28.663196941306477 ] } },
{ "type": "Feature", "properties": { "STRUCTURE_": 1, "COMPLEX_ID": 22910, "STRUCTURE1": "1", "INSTALL_DA": "1983-01-01T00:00:00", "REMOVAL_DA": null }, "geometry": { "type": "Point", "coordinates": [ -89.050930054467813, 29.305433608759831 ] } },
{ "type": "Feature", "properties": { "STRUCTURE_": 1, "COMPLEX_ID": 22913, "STRUCTURE1": "B", "INSTALL_DA": "1983-01-01T00:00:00", "REMOVAL_DA": null }, "geometry": { "type": "Point", "coordinates": [ -89.049539702674792, 29.300907139210025 ] } },
{ "type": "Feature", "properties": { "STRUCTURE_": 1, "COMPLEX_ID": 22914, "STRUCTURE1": "5", "INSTALL_DA": "1983-01-01T00:00:00", "REMOVAL_DA": null }, "geometry": { "type": "Point", "coordinates": [ -89.045151887792855, 29.304545638453153 ] } },
{ "type": "Feature", "properties": { "STRUCTURE_": 1, "COMPLEX_ID": 22915, "STRUCTURE1": "6", "INSTALL_DA": "1983-01-01T00:00:00", "REMOVAL_DA": null }, "geometry": { "type": "Point", "coordinates": [ -89.052703108429569, 29.31094943838346 ] } },
{ "type": "Feature", "properties": { "STRUCTURE_": 1, "COMPLEX_ID": 22916, "STRUCTURE1": "7", "INSTALL_DA": "1983-01-01T00:00:00", "REMOVAL_DA": null }, "geometry": { "type": "Point", "coordinates": [ -89.053253116819334, 29.29711586371398 ] } },
{ "type": "Feature", "properties": { "STRUCTURE_": 1, "COMPLEX_ID": 22918, "STRUCTURE1": "9", "INSTALL_DA": "1983-01-01T00:00:00", "REMOVAL_DA": null }, "geometry": { "type": "Point", "coordinates": [ -89.05841227339701, 29.312330393558597 ] } },
{ "type": "Feature", "properties": { "STRUCTURE_": 1, "COMPLEX_ID": 22919, "STRUCTURE1": "10", "INSTALL_DA": "1983-01-01T00:00:00", "REMOVAL_DA": null }, "geometry": { "type": "Point", "coordinates": [ -89.050137030601704, 29.303464669655124 ] } },
{ "type": "Feature", "properties": { "STRUCTURE_": 1, "COMPLEX_ID": 22920, "STRUCTURE1": "11", "INSTALL_DA": "1984-01-01T00:00:00", "REMOVAL_DA": null }, "geometry": { "type": "Point", "coordinates": [ -89.059585302432396, 29.303598661630314 ] } },
{ "type": "Feature", "properties": { "STRUCTURE_": 1, "COMPLEX_ID": 22921, "STRUCTURE1": "12", "INSTALL_DA": "1984-01-01T00:00:00", "REMOVAL_DA": null }, "geometry": { "type": "Point", "coordinates": [ -89.058959281786215, 29.298697812675417 ] } },
{ "type": "Feature", "properties": { "STRUCTURE_": 1, "COMPLEX_ID": 22923, "STRUCTURE1": "C", "INSTALL_DA": "1983-01-01T00:00:00", "REMOVAL_DA": "1997-08-07T00:00:00" }, "geometry": { "type": "Point", "coordinates": [ -89.04268589088943, 29.442626407026324 ] } },
{ "type": "Feature", "properties": { "STRUCTURE_": 1, "COMPLEX_ID": 22934, "STRUCTURE1": "A", "INSTALL_DA": "1984-01-01T00:00:00", "REMOVAL_DA": "2013-04-08T00:00:00" }, "geometry": { "type": "Point", "coordinates": [ -88.710784165895618, 29.588464104667729 ] } },
{ "type": "Feature", "properties": { "STRUCTURE_": 1, "COMPLEX_ID": 22763, "STRUCTURE1": "C", "INSTALL_DA": "1980-01-01T00:00:00", "REMOVAL_DA": null }, "geometry": { "type": "Point", "coordinates": [ -89.395019648617236, 28.82251049573749 ] } },
{ "type": "Feature", "properties": { "STRUCTURE_": 1, "COMPLEX_ID": 22776, "STRUCTURE1": "B", "INSTALL_DA": "1980-01-01T00:00:00", "REMOVAL_DA": null }, "geometry": { "type": "Point", "coordinates": [ -89.396659368322361, 28.844170592130304 ] } },
{ "type": "Feature", "properties": { "STRUCTURE_": 1, "COMPLEX_ID": 22777, "STRUCTURE1": "D", "INSTALL_DA": "1983-01-01T00:00:00", "REMOVAL_DA": "2008-11-26T00:00:00" }, "geometry": { "type": "Point", "coordinates": [ -88.66168184659594, 29.280640515929985 ] } },
{ "type": "Feature", "properties": { "STRUCTURE_": 1, "COMPLEX_ID": 22798, "STRUCTURE1": "A", "INSTALL_DA": "1983-01-01T00:00:00", "REMOVAL_DA": null }, "geometry": { "type": "Point", "coordinates": [ -89.054725302524162, 29.302210586031102 ] } },
{ "type": "Feature", "properties": { "STRUCTURE_": 2, "COMPLEX_ID": 22798, "STRUCTURE1": "AQ", "INSTALL_DA": "1983-01-01T00:00:00", "REMOVAL_DA": null }, "geometry": { "type": "Point", "coordinates": [ -89.055051850825322, 29.301924735315676 ] } },
{ "type": "Feature", "properties": { "STRUCTURE_": 1, "COMPLEX_ID": 22840, "STRUCTURE1": "A (Lena CT)", "INSTALL_DA": "1983-01-01T00:00:00", "REMOVAL_DA": "2020-09-07T00:00:00" }, "geometry": { "type": "Point", "coordinates": [ -89.157814770634701, 28.662961652846946 ] } },
{ "type": "Feature", "properties": { "STRUCTURE_": 1, "COMPLEX_ID": 22846, "STRUCTURE1": "B", "INSTALL_DA": "1983-01-01T00:00:00", "REMOVAL_DA": "2011-10-12T00:00:00" }, "geometry": { "type": "Point", "coordinates": [ -89.023585056697428, 28.901956159723795 ] } },
{ "type": "Feature", "properties": { "STRUCTURE_": 1, "COMPLEX_ID": 22849, "STRUCTURE1": "A", "INSTALL_DA": "1983-01-01T00:00:00", "REMOVAL_DA": "2020-09-12T00:00:00" }, "geometry": { "type": "Point", "coordinates": [ -88.281641186147311, 29.346932646695613 ] } },
{ "type": "Feature", "properties": { "STRUCTURE_": 1, "COMPLEX_ID": 22698, "STRUCTURE1": "4", "INSTALL_DA": "1979-01-01T00:00:00", "REMOVAL_DA": "1992-09-18T00:00:00" }, "geometry": { "type": "Point", "coordinates": [ -88.863406830482347, 29.653792064110519 ] } },
{ "type": "Feature", "properties": { "STRUCTURE_": 1, "COMPLEX_ID": 22717, "STRUCTURE1": "A", "INSTALL_DA": "1982-01-01T00:00:00", "REMOVAL_DA": null }, "geometry": { "type": "Point", "coordinates": [ -88.936673642432808, 29.055055405500241 ] } },
{ "type": "Feature", "properties": { "STRUCTURE_": 1, "COMPLEX_ID": 22733, "STRUCTURE1": "CC", "INSTALL_DA": "1982-01-01T00:00:00", "REMOVAL_DA": "2000-06-21T00:00:00" }, "geometry": { "type": "Point", "coordinates": [ -88.645603431304977, 29.391980102307478 ] } },
{ "type": "Feature", "properties": { "STRUCTURE_": 1, "COMPLEX_ID": 22739, "STRUCTURE1": "CA", "INSTALL_DA": "1981-01-01T00:00:00", "REMOVAL_DA": null }, "geometry": { "type": "Point", "coordinates": [ -88.649395570480337, 29.462265952979848 ] } },
{ "type": "Feature", "properties": { "STRUCTURE_": 1, "COMPLEX_ID": 22740, "STRUCTURE1": "CB", "INSTALL_DA": "1981-01-01T00:00:00", "REMOVAL_DA": "2021-05-27T00:00:00" }, "geometry": { "type": "Point", "coordinates": [ -88.632395045836489, 29.379750481157821 ] } },
{ "type": "Feature", "properties": { "STRUCTURE_": 1, "COMPLEX_ID": 22742, "STRUCTURE1": "A", "INSTALL_DA": "1982-01-01T00:00:00", "REMOVAL_DA": "2008-10-02T00:00:00" }, "geometry": { "type": "Point", "coordinates": [ -88.886601270606775, 29.188905268591316 ] } },
{ "type": "Feature", "properties": { "STRUCTURE_": 1, "COMPLEX_ID": 22747, "STRUCTURE1": "A", "INSTALL_DA": "1983-01-01T00:00:00", "REMOVAL_DA": "1996-09-20T00:00:00" }, "geometry": { "type": "Point", "coordinates": [ -89.627399385930303, 28.948886406501703 ] } },
{ "type": "Feature", "properties": { "STRUCTURE_": 1, "COMPLEX_ID": 22748, "STRUCTURE1": "8", "INSTALL_DA": "1982-01-01T00:00:00", "REMOVAL_DA": "2003-09-25T00:00:00" }, "geometry": { "type": "Point", "coordinates": [ -89.783401045040193, 29.154471637599443 ] } },
{ "type": "Feature", "properties": { "STRUCTURE_": 1, "COMPLEX_ID": 22749, "STRUCTURE1": "B", "INSTALL_DA": "1982-01-01T00:00:00", "REMOVAL_DA": null }, "geometry": { "type": "Point", "coordinates": [ -88.66498892172163, 29.233852957418705 ] } },
{ "type": "Feature", "properties": { "STRUCTURE_": 1, "COMPLEX_ID": 22750, "STRUCTURE1": "A", "INSTALL_DA": "1982-01-01T00:00:00", "REMOVAL_DA": "2017-06-30T00:00:00" }, "geometry": { "type": "Point", "coordinates": [ -88.830401783463387, 29.457616032062376 ] } },
{ "type": "Feature", "properties": { "STRUCTURE_": 1, "COMPLEX_ID": 22752, "STRUCTURE1": "CD", "INSTALL_DA": "1983-01-01T00:00:00", "REMOVAL_DA": null }, "geometry": { "type": "Point", "coordinates": [ -88.987548271012159, 29.381716292654964 ] } },
{ "type": "Feature", "properties": { "STRUCTURE_": 1, "COMPLEX_ID": 22753, "STRUCTURE1": "A", "INSTALL_DA": "1982-01-01T00:00:00", "REMOVAL_DA": "2009-04-05T00:00:00" }, "geometry": { "type": "Point", "coordinates": [ -88.708845420646938, 29.768820656310655 ] } },
{ "type": "Feature", "properties": { "STRUCTURE_": 2, "COMPLEX_ID": 22753, "STRUCTURE1": "C", "INSTALL_DA": "1984-01-01T00:00:00", "REMOVAL_DA": "2008-08-28T00:00:00" }, "geometry": { "type": "Point", "coordinates": [ -88.708405408008588, 29.768993651269216 ] } },
{ "type": "Feature", "properties": { "STRUCTURE_": 1, "COMPLEX_ID": 22754, "STRUCTURE1": "B", "INSTALL_DA": "1982-01-01T00:00:00", "REMOVAL_DA": "2003-07-08T00:00:00" }, "geometry": { "type": "Point", "coordinates": [ -88.730790062357357, 29.785236156213234 ] } },
{ "type": "Feature", "properties": { "STRUCTURE_": 1, "COMPLEX_ID": 22654, "STRUCTURE1": "11", "INSTALL_DA": "1981-01-01T00:00:00", "REMOVAL_DA": "1985-12-31T00:00:00" }, "geometry": { "type": "Point", "coordinates": [ -89.572694937168379, 29.125156936864691 ] } },
{ "type": "Feature", "properties": { "STRUCTURE_": 1, "COMPLEX_ID": 22657, "STRUCTURE1": "A", "INSTALL_DA": "1982-01-01T00:00:00", "REMOVAL_DA": null }, "geometry": { "type": "Point", "coordinates": [ -88.77931222963629, 29.1267318844653 ] } },
{ "type": "Feature", "properties": { "STRUCTURE_": 1, "COMPLEX_ID": 22662, "STRUCTURE1": "B", "INSTALL_DA": "1982-02-09T00:00:00", "REMOVAL_DA": null }, "geometry": { "type": "Point", "coordinates": [ -89.387660351005806, 28.680745984354122 ] } },
{ "type": "Feature", "properties": { "STRUCTURE_": 1, "COMPLEX_ID": 22663, "STRUCTURE1": "B", "INSTALL_DA": "1982-01-01T00:00:00", "REMOVAL_DA": null }, "geometry": { "type": "Point", "coordinates": [ -89.780157717221059, 28.832004740557437 ] } },
{ "type": "Feature", "properties": { "STRUCTURE_": 1, "COMPLEX_ID": 22685, "STRUCTURE1": "C", "INSTALL_DA": "1981-01-01T00:00:00", "REMOVAL_DA": null }, "geometry": { "type": "Point", "coordinates": [ -89.076558562094831, 28.878721868099365 ] } },
{ "type": "Feature", "properties": { "STRUCTURE_": 1, "COMPLEX_ID": 22535, "STRUCTURE1": "Z", "INSTALL_DA": "1980-01-01T00:00:00", "REMOVAL_DA": "2010-08-30T00:00:00" }, "geometry": { "type": "Point", "coordinates": [ -89.826219113542933, 28.949024029856137 ] } },
{ "type": "Feature", "properties": { "STRUCTURE_": 1, "COMPLEX_ID": 22565, "STRUCTURE1": "BD", "INSTALL_DA": "1981-01-01T00:00:00", "REMOVAL_DA": null }, "geometry": { "type": "Point", "coordinates": [ -88.9795130727843, 29.445392348166077 ] } },
{ "type": "Feature", "properties": { "STRUCTURE_": 1, "COMPLEX_ID": 22576, "STRUCTURE1": "C", "INSTALL_DA": "1979-01-01T00:00:00", "REMOVAL_DA": null }, "geometry": { "type": "Point", "coordinates": [ -88.916302151743011, 29.24475453164187 ] } },
{ "type": "Feature", "properties": { "STRUCTURE_": 1, "COMPLEX_ID": 22577, "STRUCTURE1": "A", "INSTALL_DA": "1980-01-01T00:00:00", "REMOVAL_DA": "1997-08-22T00:00:00" }, "geometry": { "type": "Point", "coordinates": [ -89.692500442555826, 29.042326223050434 ] } },
{ "type": "Feature", "properties": { "STRUCTURE_": 1, "COMPLEX_ID": 23413, "STRUCTURE1": "AA", "INSTALL_DA": "1986-01-01T00:00:00", "REMOVAL_DA": null }, "geometry": { "type": "Point", "coordinates": [ -88.959334328665264, 29.341113158525726 ] } },
{ "type": "Feature", "properties": { "STRUCTURE_": 1, "COMPLEX_ID": 23414, "STRUCTURE1": "1", "INSTALL_DA": "1984-01-01T00:00:00", "REMOVAL_DA": "1996-06-24T00:00:00" }, "geometry": { "type": "Point", "coordinates": [ -88.819925468314267, 29.429562892570178 ] } },
{ "type": "Feature", "properties": { "STRUCTURE_": 1, "COMPLEX_ID": 23221, "STRUCTURE1": "11", "INSTALL_DA": "1984-01-01T00:00:00", "REMOVAL_DA": "2011-10-24T00:00:00" }, "geometry": { "type": "Point", "coordinates": [ -89.056320276914462, 29.430307777744382 ] } },
{ "type": "Feature", "properties": { "STRUCTURE_": 1, "COMPLEX_ID": 23243, "STRUCTURE1": "DA", "INSTALL_DA": "1984-01-01T00:00:00", "REMOVAL_DA": null }, "geometry": { "type": "Point", "coordinates": [ -88.747269808654764, 29.260728470898577 ] } },
{ "type": "Feature", "properties": { "STRUCTURE_": 1, "COMPLEX_ID": 23257, "STRUCTURE1": "A", "INSTALL_DA": "1985-01-01T00:00:00", "REMOVAL_DA": "2005-06-25T00:00:00" }, "geometry": { "type": "Point", "coordinates": [ -88.618904470743942, 29.579263014067337 ] } },
{ "type": "Feature", "properties": { "STRUCTURE_": 1, "COMPLEX_ID": 23259, "STRUCTURE1": "B", "INSTALL_DA": "1985-01-01T00:00:00", "REMOVAL_DA": "1989-07-10T00:00:00" }, "geometry": { "type": "Point", "coordinates": [ -88.61884173923562, 29.579236405519246 ] } },
{ "type": "Feature", "properties": { "STRUCTURE_": 1, "COMPLEX_ID": 23151, "STRUCTURE1": "B", "INSTALL_DA": "1985-01-01T00:00:00", "REMOVAL_DA": null }, "geometry": { "type": "Point", "coordinates": [ -89.393556512912568, 28.669917325432269 ] } },
{ "type": "Feature", "properties": { "STRUCTURE_": 1, "COMPLEX_ID": 23181, "STRUCTURE1": "A", "INSTALL_DA": "1985-01-01T00:00:00", "REMOVAL_DA": "2016-06-28T00:00:00" }, "geometry": { "type": "Point", "coordinates": [ -88.797352901609543, 29.606879507050301 ] } },
{ "type": "Feature", "properties": { "STRUCTURE_": 2, "COMPLEX_ID": 23181, "STRUCTURE1": "B", "INSTALL_DA": "1985-01-01T00:00:00", "REMOVAL_DA": "2016-06-25T00:00:00" }, "geometry": { "type": "Point", "coordinates": [ -88.797460904476154, 29.606351522997063 ] } },
{ "type": "Feature", "properties": { "STRUCTURE_": 3, "COMPLEX_ID": 23181, "STRUCTURE1": "D", "INSTALL_DA": "1985-01-01T00:00:00", "REMOVAL_DA": "2016-06-23T00:00:00" }, "geometry": { "type": "Point", "coordinates": [ -88.797033892187002, 29.606417521152938 ] } },
{ "type": "Feature", "properties": { "STRUCTURE_": 1, "COMPLEX_ID": 23188, "STRUCTURE1": "3", "INSTALL_DA": "1985-01-01T00:00:00", "REMOVAL_DA": "2008-11-17T00:00:00" }, "geometry": { "type": "Point", "coordinates": [ -88.82857574089671, 29.478615392276854 ] } },
{ "type": "Feature", "properties": { "STRUCTURE_": 1, "COMPLEX_ID": 23193, "STRUCTURE1": "1", "INSTALL_DA": "1985-01-01T00:00:00", "REMOVAL_DA": "1990-11-16T00:00:00" }, "geometry": { "type": "Point", "coordinates": [ -88.90118578588266, 29.38362626784086 ] } },
{ "type": "Feature", "properties": { "STRUCTURE_": 2, "COMPLEX_ID": 23193, "STRUCTURE1": "3", "INSTALL_DA": "1988-01-01T00:00:00", "REMOVAL_DA": "1990-11-16T00:00:00" }, "geometry": { "type": "Point", "coordinates": [ -88.901210786602874, 29.383627267800708 ] } },
{ "type": "Feature", "properties": { "STRUCTURE_": 1, "COMPLEX_ID": 23210, "STRUCTURE1": "A", "INSTALL_DA": "1985-01-01T00:00:00", "REMOVAL_DA": "2016-07-01T00:00:00" }, "geometry": { "type": "Point", "coordinates": [ -88.790725716555244, 29.619954113721246 ] } },
{ "type": "Feature", "properties": { "STRUCTURE_": 1, "COMPLEX_ID": 23211, "STRUCTURE1": "A", "INSTALL_DA": "1985-01-01T00:00:00", "REMOVAL_DA": "2000-07-24T00:00:00" }, "geometry": { "type": "Point", "coordinates": [ -89.738471780010983, 29.17752194715781 ] } },
{ "type": "Feature", "properties": { "STRUCTURE_": 1, "COMPLEX_ID": 23213, "STRUCTURE1": "C", "INSTALL_DA": "1985-01-01T00:00:00", "REMOVAL_DA": "2011-12-09T00:00:00" }, "geometry": { "type": "Point", "coordinates": [ -88.816709447982262, 29.58153726781855 ] } },
{ "type": "Feature", "properties": { "STRUCTURE_": 1, "COMPLEX_ID": 23214, "STRUCTURE1": "5", "INSTALL_DA": "1985-01-01T00:00:00", "REMOVAL_DA": "1999-06-19T00:00:00" }, "geometry": { "type": "Point", "coordinates": [ -88.847437269086214, 29.446930351960422 ] } },
{ "type": "Feature", "properties": { "STRUCTURE_": 1, "COMPLEX_ID": 23215, "STRUCTURE1": "34", "INSTALL_DA": "1985-01-01T00:00:00", "REMOVAL_DA": "2014-03-21T00:00:00" }, "geometry": { "type": "Point", "coordinates": [ -88.96862773839031, 29.405029586333555 ] } },
{ "type": "Feature", "properties": { "STRUCTURE_": 1, "COMPLEX_ID": 23051, "STRUCTURE1": "A", "INSTALL_DA": "1984-01-01T00:00:00", "REMOVAL_DA": null }, "geometry": { "type": "Point", "coordinates": [ -88.971015568782505, 28.938296040615331 ] } },
{ "type": "Feature", "properties": { "STRUCTURE_": 1, "COMPLEX_ID": 23057, "STRUCTURE1": "A", "INSTALL_DA": "1984-01-01T00:00:00", "REMOVAL_DA": null }, "geometry": { "type": "Point", "coordinates": [ -89.065288470438446, 29.310937433541689 ] } },
{ "type": "Feature", "properties": { "STRUCTURE_": 1, "COMPLEX_ID": 23068, "STRUCTURE1": "A", "INSTALL_DA": "1984-01-01T00:00:00", "REMOVAL_DA": "1995-05-23T00:00:00" }, "geometry": { "type": "Point", "coordinates": [ -88.711900510401492, 29.772055558171147 ] } },
{ "type": "Feature", "properties": { "STRUCTURE_": 1, "COMPLEX_ID": 23070, "STRUCTURE1": "A", "INSTALL_DA": "1984-01-01T00:00:00", "REMOVAL_DA": "2009-07-30T00:00:00" }, "geometry": { "type": "Point", "coordinates": [ -88.76325301833235, 29.823000013405867 ] } },
{ "type": "Feature", "properties": { "STRUCTURE_": 1, "COMPLEX_ID": 23076, "STRUCTURE1": "A", "INSTALL_DA": "1984-01-01T00:00:00", "REMOVAL_DA": "2014-08-10T00:00:00" }, "geometry": { "type": "Point", "coordinates": [ -88.796637933727894, 29.718213146445169 ] } },
{ "type": "Feature", "properties": { "STRUCTURE_": 1, "COMPLEX_ID": 23083, "STRUCTURE1": "A", "INSTALL_DA": "1983-01-01T00:00:00", "REMOVAL_DA": null }, "geometry": { "type": "Point", "coordinates": [ -88.683466433028045, 29.187721377069781 ] } },
{ "type": "Feature", "properties": { "STRUCTURE_": 1, "COMPLEX_ID": 23086, "STRUCTURE1": "8", "INSTALL_DA": "1996-01-01T00:00:00", "REMOVAL_DA": null }, "geometry": { "type": "Point", "coordinates": [ -88.956139130553424, 29.408434516761982 ] } },
{ "type": "Feature", "properties": { "STRUCTURE_": 1, "COMPLEX_ID": 23087, "STRUCTURE1": "7", "INSTALL_DA": "1985-01-01T00:00:00", "REMOVAL_DA": "2011-10-21T00:00:00" }, "geometry": { "type": "Point", "coordinates": [ -88.958048809556374, 29.397380174632939 ] } },
{ "type": "Feature", "properties": { "STRUCTURE_": 1, "COMPLEX_ID": 23088, "STRUCTURE1": "36", "INSTALL_DA": "1985-01-01T00:00:00", "REMOVAL_DA": "2014-03-18T00:00:00" }, "geometry": { "type": "Point", "coordinates": [ -88.967939716445784, 29.400891713242292 ] } },
{ "type": "Feature", "properties": { "STRUCTURE_": 1, "COMPLEX_ID": 23111, "STRUCTURE1": "A", "INSTALL_DA": "1985-01-01T00:00:00", "REMOVAL_DA": "1996-09-17T00:00:00" }, "geometry": { "type": "Point", "coordinates": [ -88.692903726762353, 29.239646769340816 ] } },
{ "type": "Feature", "properties": { "STRUCTURE_": 1, "COMPLEX_ID": 23130, "STRUCTURE1": "14", "INSTALL_DA": "1985-01-01T00:00:00", "REMOVAL_DA": null }, "geometry": { "type": "Point", "coordinates": [ -89.060545331484164, 29.306266579163985 ] } },
{ "type": "Feature", "properties": { "STRUCTURE_": 1, "COMPLEX_ID": 23137, "STRUCTURE1": "E", "INSTALL_DA": "1984-03-01T00:00:00", "REMOVAL_DA": "2018-07-30T00:00:00" }, "geometry": { "type": "Point", "coordinates": [ -89.520605344833982, 28.977852555070559 ] } },
{ "type": "Feature", "properties": { "STRUCTURE_": 1, "COMPLEX_ID": 22958, "STRUCTURE1": "A", "INSTALL_DA": "1984-01-01T00:00:00", "REMOVAL_DA": "1996-09-09T00:00:00" }, "geometry": { "type": "Point", "coordinates": [ -89.065608546192507, 29.433599673282455 ] } },
{ "type": "Feature", "properties": { "STRUCTURE_": 2, "COMPLEX_ID": 22958, "STRUCTURE1": "B", "INSTALL_DA": "1984-01-01T00:00:00", "REMOVAL_DA": "1997-08-07T00:00:00" }, "geometry": { "type": "Point", "coordinates": [ -89.065327538228644, 29.433836666158008 ] } },
{ "type": "Feature", "properties": { "STRUCTURE_": 1, "COMPLEX_ID": 22979, "STRUCTURE1": "Z", "INSTALL_DA": "1983-01-01T00:00:00", "REMOVAL_DA": null }, "geometry": { "type": "Point", "coordinates": [ -89.613954157208767, 29.17710330413643 ] } },
{ "type": "Feature", "properties": { "STRUCTURE_": 1, "COMPLEX_ID": 23022, "STRUCTURE1": "A", "INSTALL_DA": "1984-01-01T00:00:00", "REMOVAL_DA": null }, "geometry": { "type": "Point", "coordinates": [ -89.547414209221898, 29.121717056813004 ] } },
{ "type": "Feature", "properties": { "STRUCTURE_": 1, "COMPLEX_ID": 22890, "STRUCTURE1": "A", "INSTALL_DA": "1983-01-01T00:00:00", "REMOVAL_DA": "1991-03-24T00:00:00" }, "geometry": { "type": "Point", "coordinates": [ -89.825792336725883, 29.051333276332429 ] } },
{ "type": "Feature", "properties": { "STRUCTURE_": 1, "COMPLEX_ID": 23487, "STRUCTURE1": "1", "INSTALL_DA": "1987-01-01T00:00:00", "REMOVAL_DA": "1992-05-27T00:00:00" }, "geometry": { "type": "Point", "coordinates": [ -89.845866786924304, 29.101277256766799 ] } },
{ "type": "Feature", "properties": { "STRUCTURE_": 1, "COMPLEX_ID": 23453, "STRUCTURE1": "A", "INSTALL_DA": "1988-01-01T00:00:00", "REMOVAL_DA": "2000-10-13T00:00:00" }, "geometry": { "type": "Point", "coordinates": [ -88.814465293413107, 29.392259035671149 ] } },
{ "type": "Feature", "properties": { "STRUCTURE_": 1, "COMPLEX_ID": 23454, "STRUCTURE1": "A", "INSTALL_DA": "1988-01-01T00:00:00", "REMOVAL_DA": "2019-11-19T00:00:00" }, "geometry": { "type": "Point", "coordinates": [ -88.767354852440278, 29.207165747092578 ] } },
{ "type": "Feature", "properties": { "STRUCTURE_": 1, "COMPLEX_ID": 23455, "STRUCTURE1": "A", "INSTALL_DA": "1988-01-01T00:00:00", "REMOVAL_DA": "1997-04-20T00:00:00" }, "geometry": { "type": "Point", "coordinates": [ -88.542869606258279, 29.725422014379401 ] } },
{ "type": "Feature", "properties": { "STRUCTURE_": 1, "COMPLEX_ID": 23456, "STRUCTURE1": "A", "INSTALL_DA": "1988-01-01T00:00:00", "REMOVAL_DA": "2000-04-20T00:00:00" }, "geometry": { "type": "Point", "coordinates": [ -88.262290387956227, 29.374846736091598 ] } },
{ "type": "Feature", "properties": { "STRUCTURE_": 1, "COMPLEX_ID": 23460, "STRUCTURE1": "A", "INSTALL_DA": "1989-01-01T00:00:00", "REMOVAL_DA": "1995-02-22T00:00:00" }, "geometry": { "type": "Point", "coordinates": [ -88.650176711862599, 29.738331591960115 ] } },
{ "type": "Feature", "properties": { "STRUCTURE_": 1, "COMPLEX_ID": 23462, "STRUCTURE1": "E", "INSTALL_DA": "1988-01-01T00:00:00", "REMOVAL_DA": "1996-11-25T00:00:00" }, "geometry": { "type": "Point", "coordinates": [ -89.740747833170232, 29.16127145038843 ] } },
{ "type": "Feature", "properties": { "STRUCTURE_": 1, "COMPLEX_ID": 23464, "STRUCTURE1": "B", "INSTALL_DA": "1988-01-01T00:00:00", "REMOVAL_DA": "1997-06-02T00:00:00" }, "geometry": { "type": "Point", "coordinates": [ -88.552932891825662, 29.712696394247953 ] } },
{ "type": "Feature", "properties": { "STRUCTURE_": 1, "COMPLEX_ID": 23465, "STRUCTURE1": "A", "INSTALL_DA": "1989-01-01T00:00:00", "REMOVAL_DA": "1999-06-09T00:00:00" }, "geometry": { "type": "Point", "coordinates": [ -88.440368550891122, 29.471768726869126 ] } },
{ "type": "Feature", "properties": { "STRUCTURE_": 1, "COMPLEX_ID": 23466, "STRUCTURE1": "A", "INSTALL_DA": "1988-01-01T00:00:00", "REMOVAL_DA": "1997-03-18T00:00:00" }, "geometry": { "type": "Point", "coordinates": [ -88.56582627236601, 29.732501794332499 ] } },
{ "type": "Feature", "properties": { "STRUCTURE_": 1, "COMPLEX_ID": 23468, "STRUCTURE1": "1", "INSTALL_DA": "1987-01-01T00:00:00", "REMOVAL_DA": "1991-06-01T00:00:00" }, "geometry": { "type": "Point", "coordinates": [ -88.678629483855914, 29.624684009588876 ] } },
{ "type": "Feature", "properties": { "STRUCTURE_": 1, "COMPLEX_ID": 23470, "STRUCTURE1": "5", "INSTALL_DA": "1989-01-01T00:00:00", "REMOVAL_DA": "1993-10-12T00:00:00" }, "geometry": { "type": "Point", "coordinates": [ -88.741438243169341, 29.50780053445941 ] } },
{ "type": "Feature", "properties": { "STRUCTURE_": 1, "COMPLEX_ID": 23471, "STRUCTURE1": "#1(A)", "INSTALL_DA": "1988-01-01T00:00:00", "REMOVAL_DA": "1995-04-26T00:00:00" }, "geometry": { "type": "Point", "coordinates": [ -88.690517785491153, 29.530812851953709 ] } },
{ "type": "Feature", "properties": { "STRUCTURE_": 1, "COMPLEX_ID": 23435, "STRUCTURE1": "A", "INSTALL_DA": "1988-01-01T00:00:00", "REMOVAL_DA": "1995-12-12T00:00:00" }, "geometry": { "type": "Point", "coordinates": [ -88.464203237657486, 29.471453729686438 ] } },
{ "type": "Feature", "properties": { "STRUCTURE_": 1, "COMPLEX_ID": 23436, "STRUCTURE1": "A", "INSTALL_DA": "1988-01-01T00:00:00", "REMOVAL_DA": "2005-05-28T00:00:00" }, "geometry": { "type": "Point", "coordinates": [ -88.165938625696242, 29.416531482595811 ] } },
{ "type": "Feature", "properties": { "STRUCTURE_": 1, "COMPLEX_ID": 23437, "STRUCTURE1": "A", "INSTALL_DA": "1990-01-01T00:00:00", "REMOVAL_DA": "2010-04-01T00:00:00" }, "geometry": { "type": "Point", "coordinates": [ -88.493167173978861, 29.734764748364526 ] } },
{ "type": "Feature", "properties": { "STRUCTURE_": 1, "COMPLEX_ID": 23439, "STRUCTURE1": "A", "INSTALL_DA": "1986-01-01T00:00:00", "REMOVAL_DA": null }, "geometry": { "type": "Point", "coordinates": [ -89.300037917648154, 28.801911190018178 ] } },
{ "type": "Feature", "properties": { "STRUCTURE_": 1, "COMPLEX_ID": 23440, "STRUCTURE1": "4", "INSTALL_DA": "1988-01-01T00:00:00", "REMOVAL_DA": "1993-10-12T00:00:00" }, "geometry": { "type": "Point", "coordinates": [ -88.741438266233615, 29.558486993897848 ] } },
{ "type": "Feature", "properties": { "STRUCTURE_": 1, "COMPLEX_ID": 23441, "STRUCTURE1": "A", "INSTALL_DA": "1988-01-01T00:00:00", "REMOVAL_DA": "2000-11-03T00:00:00" }, "geometry": { "type": "Point", "coordinates": [ -88.720364593716596, 29.413931405604661 ] } },
{ "type": "Feature", "properties": { "STRUCTURE_": 1, "COMPLEX_ID": 23443, "STRUCTURE1": "A", "INSTALL_DA": "1988-01-01T00:00:00", "REMOVAL_DA": "2005-01-10T00:00:00" }, "geometry": { "type": "Point", "coordinates": [ -88.737264083228325, 29.420195208249265 ] } },
{ "type": "Feature", "properties": { "STRUCTURE_": 1, "COMPLEX_ID": 23447, "STRUCTURE1": "3", "INSTALL_DA": "1987-01-01T00:00:00", "REMOVAL_DA": "2019-09-07T00:00:00" }, "geometry": { "type": "Point", "coordinates": [ -89.765948553867304, 29.163628363044872 ] } },
{ "type": "Feature", "properties": { "STRUCTURE_": 1, "COMPLEX_ID": 23448, "STRUCTURE1": "A", "INSTALL_DA": "1988-01-01T00:00:00", "REMOVAL_DA": "2007-03-20T00:00:00" }, "geometry": { "type": "Point", "coordinates": [ -88.182694192907505, 29.701295836904357 ] } },
{ "type": "Feature", "properties": { "STRUCTURE_": 1, "COMPLEX_ID": 23449, "STRUCTURE1": "B", "INSTALL_DA": "1988-01-01T00:00:00", "REMOVAL_DA": "1994-01-15T00:00:00" }, "geometry": { "type": "Point", "coordinates": [ -88.862122668344, 29.398063840444014 ] } },
{ "type": "Feature", "properties": { "STRUCTURE_": 1, "COMPLEX_ID": 23450, "STRUCTURE1": "B", "INSTALL_DA": "1987-01-01T00:00:00", "REMOVAL_DA": "2001-11-20T00:00:00" }, "geometry": { "type": "Point", "coordinates": [ -88.442418671659055, 29.638209673795739 ] } },
{ "type": "Feature", "properties": { "STRUCTURE_": 1, "COMPLEX_ID": 23451, "STRUCTURE1": "AA", "INSTALL_DA": "1986-01-01T00:00:00", "REMOVAL_DA": null }, "geometry": { "type": "Point", "coordinates": [ -88.751737058248636, 29.283294783457443 ] } },
{ "type": "Feature", "properties": { "STRUCTURE_": 1, "COMPLEX_ID": 23415, "STRUCTURE1": "E", "INSTALL_DA": "1987-01-01T00:00:00", "REMOVAL_DA": null }, "geometry": { "type": "Point", "coordinates": [ -89.601156568154735, 28.851612475552809 ] } },
{ "type": "Feature", "properties": { "STRUCTURE_": 1, "COMPLEX_ID": 23418, "STRUCTURE1": "3", "INSTALL_DA": "1987-01-01T00:00:00", "REMOVAL_DA": "1991-06-01T00:00:00" }, "geometry": { "type": "Point", "coordinates": [ -89.102583566392994, 29.352954127190873 ] } },
{ "type": "Feature", "properties": { "STRUCTURE_": 1, "COMPLEX_ID": 23419, "STRUCTURE1": "D", "INSTALL_DA": "1987-01-01T00:00:00", "REMOVAL_DA": "1999-08-16T00:00:00" }, "geometry": { "type": "Point", "coordinates": [ -89.723514355049829, 29.180082876020535 ] } },
{ "type": "Feature", "properties": { "STRUCTURE_": 1, "COMPLEX_ID": 23420, "STRUCTURE1": "A", "INSTALL_DA": "1987-01-01T00:00:00", "REMOVAL_DA": "2005-06-19T00:00:00" }, "geometry": { "type": "Point", "coordinates": [ -88.519956932725805, 29.696143902829327 ] } },
{ "type": "Feature", "properties": { "STRUCTURE_": 1, "COMPLEX_ID": 23421, "STRUCTURE1": "2", "INSTALL_DA": "1987-01-01T00:00:00", "REMOVAL_DA": "1993-10-12T00:00:00" }, "geometry": { "type": "Point", "coordinates": [ -88.746471414800908, 29.565954765513901 ] } },
{ "type": "Feature", "properties": { "STRUCTURE_": 1, "COMPLEX_ID": 23422, "STRUCTURE1": "A", "INSTALL_DA": "1988-01-01T00:00:00", "REMOVAL_DA": "2000-06-22T00:00:00" }, "geometry": { "type": "Point", "coordinates": [ -88.31075578031205, 29.365410013302018 ] } },
{ "type": "Feature", "properties": { "STRUCTURE_": 1, "COMPLEX_ID": 23424, "STRUCTURE1": "7", "INSTALL_DA": "1987-01-01T00:00:00", "REMOVAL_DA": "1999-07-03T00:00:00" }, "geometry": { "type": "Point", "coordinates": [ -88.841073085764663, 29.44694735379186 ] } },
{ "type": "Feature", "properties": { "STRUCTURE_": 1, "COMPLEX_ID": 23425, "STRUCTURE1": "6", "INSTALL_DA": "1987-01-01T00:00:00", "REMOVAL_DA": "1999-07-03T00:00:00" }, "geometry": { "type": "Point", "coordinates": [ -88.851772392140745, 29.443161465440348 ] } },
{ "type": "Feature", "properties": { "STRUCTURE_": 1, "COMPLEX_ID": 23426, "STRUCTURE1": "1", "INSTALL_DA": "1987-01-01T00:00:00", "REMOVAL_DA": "1993-10-12T00:00:00" }, "geometry": { "type": "Point", "coordinates": [ -88.741334266841719, 29.566403753683435 ] } },
{ "type": "Feature", "properties": { "STRUCTURE_": 1, "COMPLEX_ID": 23427, "STRUCTURE1": "A", "INSTALL_DA": "1987-01-01T00:00:00", "REMOVAL_DA": "1992-07-09T00:00:00" }, "geometry": { "type": "Point", "coordinates": [ -88.735771107995078, 29.569937648407112 ] } },
{ "type": "Feature", "properties": { "STRUCTURE_": 1, "COMPLEX_ID": 23428, "STRUCTURE1": "A", "INSTALL_DA": "1987-01-01T00:00:00", "REMOVAL_DA": "2001-12-03T00:00:00" }, "geometry": { "type": "Point", "coordinates": [ -88.450524899670768, 29.622227154729536 ] } },
{ "type": "Feature", "properties": { "STRUCTURE_": 1, "COMPLEX_ID": 23429, "STRUCTURE1": "A", "INSTALL_DA": "1988-01-01T00:00:00", "REMOVAL_DA": "2001-06-26T00:00:00" }, "geometry": { "type": "Point", "coordinates": [ -88.709905385564653, 29.622711058674067 ] } },
{ "type": "Feature", "properties": { "STRUCTURE_": 1, "COMPLEX_ID": 23430, "STRUCTURE1": "A", "INSTALL_DA": "1989-01-01T00:00:00", "REMOVAL_DA": "2008-10-10T00:00:00" }, "geometry": { "type": "Point", "coordinates": [ -89.256583726171968, 28.891800379431142 ] } },
{ "type": "Feature", "properties": { "STRUCTURE_": 1, "COMPLEX_ID": 23432, "STRUCTURE1": "A", "INSTALL_DA": "1988-01-01T00:00:00", "REMOVAL_DA": "1993-10-12T00:00:00" }, "geometry": { "type": "Point", "coordinates": [ -88.733124759113537, 29.540858261812705 ] } },
{ "type": "Feature", "properties": { "STRUCTURE_": 2, "COMPLEX_ID": 23432, "STRUCTURE1": "B", "INSTALL_DA": "1988-01-01T00:00:00", "REMOVAL_DA": "1993-12-31T00:00:00" }, "geometry": { "type": "Point", "coordinates": [ -88.733335024553426, 29.540862531922677 ] } },
{ "type": "Feature", "properties": { "STRUCTURE_": 1, "COMPLEX_ID": 23434, "STRUCTURE1": "B", "INSTALL_DA": "1988-01-01T00:00:00", "REMOVAL_DA": "1997-05-20T00:00:00" }, "geometry": { "type": "Point", "coordinates": [ -88.43057727800489, 29.497147956348801 ] } },
{ "type": "Feature", "properties": { "STRUCTURE_": 1, "COMPLEX_ID": 23275, "STRUCTURE1": "C", "INSTALL_DA": "1986-01-01T00:00:00", "REMOVAL_DA": "1990-11-28T00:00:00" }, "geometry": { "type": "Point", "coordinates": [ -89.737472751943201, 29.17812792891074 ] } },
{ "type": "Feature", "properties": { "STRUCTURE_": 1, "COMPLEX_ID": 23276, "STRUCTURE1": "5", "INSTALL_DA": "1986-01-01T00:00:00", "REMOVAL_DA": "1990-05-24T00:00:00" }, "geometry": { "type": "Point", "coordinates": [ -89.74093585001674, 29.177100958845585 ] } },
{ "type": "Feature", "properties": { "STRUCTURE_": 1, "COMPLEX_ID": 23287, "STRUCTURE1": "6", "INSTALL_DA": "1986-01-01T00:00:00", "REMOVAL_DA": "2004-08-19T00:00:00" }, "geometry": { "type": "Point", "coordinates": [ -88.869331967773732, 29.585423130517533 ] } },
{ "type": "Feature", "properties": { "STRUCTURE_": 1, "COMPLEX_ID": 23400, "STRUCTURE1": "2", "INSTALL_DA": "1986-01-01T00:00:00", "REMOVAL_DA": "1990-11-21T00:00:00" }, "geometry": { "type": "Point", "coordinates": [ -88.817513423268963, 29.481016323135414 ] } },
{ "type": "Feature", "properties": { "STRUCTURE_": 1, "COMPLEX_ID": 23401, "STRUCTURE1": "1", "INSTALL_DA": "1986-01-01T00:00:00", "REMOVAL_DA": "1999-02-04T00:00:00" }, "geometry": { "type": "Point", "coordinates": [ -89.745350354409226, 29.175367019563158 ] } },
{ "type": "Feature", "properties": { "STRUCTURE_": 1, "COMPLEX_ID": 23402, "STRUCTURE1": "C", "INSTALL_DA": "1984-01-01T00:00:00", "REMOVAL_DA": null }, "geometry": { "type": "Point", "coordinates": [ -88.84892115397146, 29.117629492072663 ] } },
{ "type": "Feature", "properties": { "STRUCTURE_": 1, "COMPLEX_ID": 23404, "STRUCTURE1": "17", "INSTALL_DA": "1985-01-01T00:00:00", "REMOVAL_DA": null }, "geometry": { "type": "Point", "coordinates": [ -89.060268329814633, 29.317943220222933 ] } },
{ "type": "Feature", "properties": { "STRUCTURE_": 1, "COMPLEX_ID": 23405, "STRUCTURE1": "G", "INSTALL_DA": "1986-01-01T00:00:00", "REMOVAL_DA": null }, "geometry": { "type": "Point", "coordinates": [ -89.689104217182503, 28.917422969582418 ] } },
{ "type": "Feature", "properties": { "STRUCTURE_": 1, "COMPLEX_ID": 23406, "STRUCTURE1": "4", "INSTALL_DA": "1985-01-01T00:00:00", "REMOVAL_DA": "2006-09-26T00:00:00" }, "geometry": { "type": "Point", "coordinates": [ -88.795081848554489, 29.633282709030123 ] } },
{ "type": "Feature", "properties": { "STRUCTURE_": 1, "COMPLEX_ID": 23407, "STRUCTURE1": "G", "INSTALL_DA": "1968-01-01T00:00:00", "REMOVAL_DA": null }, "geometry": { "type": "Point", "coordinates": [ -89.655363267694881, 28.975974279213379 ] } },
{ "type": "Feature", "properties": { "STRUCTURE_": 1, "COMPLEX_ID": 23408, "STRUCTURE1": "5", "INSTALL_DA": "1984-01-01T00:00:00", "REMOVAL_DA": "1992-09-18T00:00:00" }, "geometry": { "type": "Point", "coordinates": [ -88.858458687547866, 29.653575072521242 ] } },
{ "type": "Feature", "properties": { "STRUCTURE_": 1, "COMPLEX_ID": 23411, "STRUCTURE1": "1", "INSTALL_DA": "1987-01-01T00:00:00", "REMOVAL_DA": "1997-04-15T00:00:00" }, "geometry": { "type": "Point", "coordinates": [ -88.684430682455357, 29.695280876303382 ] } },
{ "type": "Feature", "properties": { "STRUCTURE_": 1, "COMPLEX_ID": 23412, "STRUCTURE1": "1", "INSTALL_DA": "1987-01-01T00:00:00", "REMOVAL_DA": "1992-12-08T00:00:00" }, "geometry": { "type": "Point", "coordinates": [ -88.747652400124849, 29.677675885304524 ] } },
{ "type": "Feature", "properties": { "STRUCTURE_": 1, "COMPLEX_ID": 23844, "STRUCTURE1": "A-DRL", "INSTALL_DA": "1990-01-01T00:00:00", "REMOVAL_DA": "1997-06-21T00:00:00" }, "geometry": { "type": "Point", "coordinates": [ -89.707070544698297, 28.698079024082698 ] } },
{ "type": "Feature", "properties": { "STRUCTURE_": 1, "COMPLEX_ID": 23846, "STRUCTURE1": "A-PROCESS", "INSTALL_DA": "1990-01-01T00:00:00", "REMOVAL_DA": null }, "geometry": { "type": "Point", "coordinates": [ -89.55138201841838, 28.661996499285173 ] } },
{ "type": "Feature", "properties": { "STRUCTURE_": 1, "COMPLEX_ID": 23848, "STRUCTURE1": "A", "INSTALL_DA": "1990-01-01T00:00:00", "REMOVAL_DA": null }, "geometry": { "type": "Point", "coordinates": [ -89.242286254266972, 28.783614793790381 ] } },
{ "type": "Feature", "properties": { "STRUCTURE_": 1, "COMPLEX_ID": 23816, "STRUCTURE1": "C", "INSTALL_DA": "1989-01-01T00:00:00", "REMOVAL_DA": "2009-07-08T00:00:00" }, "geometry": { "type": "Point", "coordinates": [ -89.746206771416013, 28.859609888374141 ] } },
{ "type": "Feature", "properties": { "STRUCTURE_": 1, "COMPLEX_ID": 23817, "STRUCTURE1": "A", "INSTALL_DA": "1989-01-01T00:00:00", "REMOVAL_DA": "2017-08-24T00:00:00" }, "geometry": { "type": "Point", "coordinates": [ -89.663833541318809, 29.022367821918099 ] } },
{ "type": "Feature", "properties": { "STRUCTURE_": 1, "COMPLEX_ID": 23824, "STRUCTURE1": "B", "INSTALL_DA": "1990-01-01T00:00:00", "REMOVAL_DA": "1997-10-02T00:00:00" }, "geometry": { "type": "Point", "coordinates": [ -89.67906196261967, 29.004424375142641 ] } },
{ "type": "Feature", "properties": { "STRUCTURE_": 1, "COMPLEX_ID": 23827, "STRUCTURE1": "D", "INSTALL_DA": "1990-01-01T00:00:00", "REMOVAL_DA": "2022-10-07T00:00:00" }, "geometry": { "type": "Point", "coordinates": [ -88.672389422179137, 29.552333024561193 ] } },
{ "type": "Feature", "properties": { "STRUCTURE_": 1, "COMPLEX_ID": 23829, "STRUCTURE1": "B", "INSTALL_DA": "2006-01-01T00:00:00", "REMOVAL_DA": "2016-06-17T00:00:00" }, "geometry": { "type": "Point", "coordinates": [ -88.755114065456581, 29.633444248078341 ] } },
{ "type": "Feature", "properties": { "STRUCTURE_": 1, "COMPLEX_ID": 23830, "STRUCTURE1": "A", "INSTALL_DA": "1990-01-01T00:00:00", "REMOVAL_DA": "1997-05-31T00:00:00" }, "geometry": { "type": "Point", "coordinates": [ -88.329909393048212, 29.547323457749897 ] } },
{ "type": "Feature", "properties": { "STRUCTURE_": 1, "COMPLEX_ID": 23831, "STRUCTURE1": "A", "INSTALL_DA": "1991-01-01T00:00:00", "REMOVAL_DA": "2012-07-12T00:00:00" }, "geometry": { "type": "Point", "coordinates": [ -88.802866934724833, 29.3394196599886 ] } },
{ "type": "Feature", "properties": { "STRUCTURE_": 1, "COMPLEX_ID": 23805, "STRUCTURE1": "1", "INSTALL_DA": "1989-01-01T00:00:00", "REMOVAL_DA": "2006-08-07T00:00:00" }, "geometry": { "type": "Point", "coordinates": [ -88.473254588636124, 29.708615541022464 ] } },
{ "type": "Feature", "properties": { "STRUCTURE_": 1, "COMPLEX_ID": 23806, "STRUCTURE1": "1", "INSTALL_DA": "1989-01-01T00:00:00", "REMOVAL_DA": "2003-08-02T00:00:00" }, "geometry": { "type": "Point", "coordinates": [ -88.551816845835603, 29.678703418855996 ] } },
{ "type": "Feature", "properties": { "STRUCTURE_": 1, "COMPLEX_ID": 23807, "STRUCTURE1": "5", "INSTALL_DA": "1989-01-01T00:00:00", "REMOVAL_DA": "2006-08-10T00:00:00" }, "geometry": { "type": "Point", "coordinates": [ -88.525633083069394, 29.661880934423024 ] } },
{ "type": "Feature", "properties": { "STRUCTURE_": 1, "COMPLEX_ID": 23808, "STRUCTURE1": "2-A", "INSTALL_DA": "1989-01-01T00:00:00", "REMOVAL_DA": "2006-08-15T00:00:00" }, "geometry": { "type": "Point", "coordinates": [ -88.538046426721749, 29.624983045535579 ] } },
{ "type": "Feature", "properties": { "STRUCTURE_": 1, "COMPLEX_ID": 23809, "STRUCTURE1": "1", "INSTALL_DA": "1989-01-01T00:00:00", "REMOVAL_DA": "2006-08-12T00:00:00" }, "geometry": { "type": "Point", "coordinates": [ -88.541064521388066, 29.643873473560564 ] } },
{ "type": "Feature", "properties": { "STRUCTURE_": 2, "COMPLEX_ID": 23810, "STRUCTURE1": "B", "INSTALL_DA": "1989-01-01T00:00:00", "REMOVAL_DA": "2006-08-17T00:00:00" }, "geometry": { "type": "Point", "coordinates": [ -88.521645954316384, 29.627347978981838 ] } },
{ "type": "Feature", "properties": { "STRUCTURE_": 1, "COMPLEX_ID": 23811, "STRUCTURE1": "1", "INSTALL_DA": "1989-01-01T00:00:00", "REMOVAL_DA": "2006-08-08T00:00:00" }, "geometry": { "type": "Point", "coordinates": [ -88.464770321094306, 29.649390329578829 ] } },
{ "type": "Feature", "properties": { "STRUCTURE_": 1, "COMPLEX_ID": 23813, "STRUCTURE1": "A", "INSTALL_DA": "1989-01-01T00:00:00", "REMOVAL_DA": "2022-06-27T00:00:00" }, "geometry": { "type": "Point", "coordinates": [ -89.614483983483836, 28.901359904213827 ] } },
{ "type": "Feature", "properties": { "STRUCTURE_": 1, "COMPLEX_ID": 23491, "STRUCTURE1": "2", "INSTALL_DA": "1989-01-01T00:00:00", "REMOVAL_DA": "1993-10-12T00:00:00" }, "geometry": { "type": "Point", "coordinates": [ -88.756268669863275, 29.506068581992103 ] } },
{ "type": "Feature", "properties": { "STRUCTURE_": 1, "COMPLEX_ID": 23492, "STRUCTURE1": "A", "INSTALL_DA": "1985-01-01T00:00:00", "REMOVAL_DA": "1994-01-22T00:00:00" }, "geometry": { "type": "Point", "coordinates": [ -88.869190863115534, 29.38014538655997 ] } },
{ "type": "Feature", "properties": { "STRUCTURE_": 1, "COMPLEX_ID": 23494, "STRUCTURE1": "C", "INSTALL_DA": "1988-01-01T00:00:00", "REMOVAL_DA": null }, "geometry": { "type": "Point", "coordinates": [ -88.441441500034841, 29.248762565411489 ] } },
{ "type": "Feature", "properties": { "STRUCTURE_": 1, "COMPLEX_ID": 23495, "STRUCTURE1": "1", "INSTALL_DA": "1989-01-01T00:00:00", "REMOVAL_DA": "2016-06-22T00:00:00" }, "geometry": { "type": "Point", "coordinates": [ -88.757515765926669, 29.636621621489411 ] } },
{ "type": "Feature", "properties": { "STRUCTURE_": 1, "COMPLEX_ID": 23472, "STRUCTURE1": "A", "INSTALL_DA": "1990-01-01T00:00:00", "REMOVAL_DA": null }, "geometry": { "type": "Point", "coordinates": [ -88.660086917675727, 29.552996188196946 ] } },
{ "type": "Feature", "properties": { "STRUCTURE_": 1, "COMPLEX_ID": 23473, "STRUCTURE1": "B", "INSTALL_DA": "1988-01-01T00:00:00", "REMOVAL_DA": null }, "geometry": { "type": "Point", "coordinates": [ -88.64995262213958, 29.545378422867163 ] } },
{ "type": "Feature", "properties": { "STRUCTURE_": 1, "COMPLEX_ID": 23484, "STRUCTURE1": "3", "INSTALL_DA": "1986-01-01T00:00:00", "REMOVAL_DA": "2013-08-08T00:00:00" }, "geometry": { "type": "Point", "coordinates": [ -89.472486018908043, 29.060554997378834 ] } },
{ "type": "Feature", "properties": { "STRUCTURE_": 1, "COMPLEX_ID": 23485, "STRUCTURE1": "4", "INSTALL_DA": "1986-01-01T00:00:00", "REMOVAL_DA": "2013-08-09T00:00:00" }, "geometry": { "type": "Point", "coordinates": [ -89.477024149885168, 29.061774957105659 ] } },
{ "type": "Feature", "properties": { "STRUCTURE_": 1, "COMPLEX_ID": 23486, "STRUCTURE1": "1", "INSTALL_DA": "1984-01-01T00:00:00", "REMOVAL_DA": "1992-05-24T00:00:00" }, "geometry": { "type": "Point", "coordinates": [ -89.8250462064549, 29.1188997200173 ] } },
{ "type": "Feature", "properties": { "STRUCTURE_": 1, "COMPLEX_ID": 24121, "STRUCTURE1": "20", "INSTALL_DA": "1992-11-26T00:00:00", "REMOVAL_DA": null }, "geometry": { "type": "Point", "coordinates": [ -89.039738727392347, 29.295731911861395 ] } },
{ "type": "Feature", "properties": { "STRUCTURE_": 1, "COMPLEX_ID": 24122, "STRUCTURE1": "JA", "INSTALL_DA": "1992-11-04T00:00:00", "REMOVAL_DA": null }, "geometry": { "type": "Point", "coordinates": [ -88.665438904984669, 29.16422711042874 ] } },
{ "type": "Feature", "properties": { "STRUCTURE_": 1, "COMPLEX_ID": 24125, "STRUCTURE1": "A", "INSTALL_DA": "1992-01-01T00:00:00", "REMOVAL_DA": "1997-05-05T00:00:00" }, "geometry": { "type": "Point", "coordinates": [ -88.714744484251042, 29.531370826766359 ] } },
{ "type": "Feature", "properties": { "STRUCTURE_": 1, "COMPLEX_ID": 24126, "STRUCTURE1": "A", "INSTALL_DA": "1992-12-12T00:00:00", "REMOVAL_DA": "2019-07-08T00:00:00" }, "geometry": { "type": "Point", "coordinates": [ -88.354916124987255, 29.578291511548986 ] } },
{ "type": "Feature", "properties": { "STRUCTURE_": 1, "COMPLEX_ID": 24127, "STRUCTURE1": "No. 3", "INSTALL_DA": "1992-01-01T00:00:00", "REMOVAL_DA": "2021-05-07T00:00:00" }, "geometry": { "type": "Point", "coordinates": [ -89.016872061470167, 29.280058403726887 ] } },
{ "type": "Feature", "properties": { "STRUCTURE_": 1, "COMPLEX_ID": 24132, "STRUCTURE1": "1", "INSTALL_DA": "1993-02-03T00:00:00", "REMOVAL_DA": "2003-06-05T00:00:00" }, "geometry": { "type": "Point", "coordinates": [ -89.786593141525856, 29.161825407349159 ] } },
{ "type": "Feature", "properties": { "STRUCTURE_": 1, "COMPLEX_ID": 24135, "STRUCTURE1": "DD", "INSTALL_DA": "1993-08-16T00:00:00", "REMOVAL_DA": "2012-03-20T00:00:00" }, "geometry": { "type": "Point", "coordinates": [ -89.813058774046056, 28.996694542553652 ] } },
{ "type": "Feature", "properties": { "STRUCTURE_": 1, "COMPLEX_ID": 24139, "STRUCTURE1": "102(T) (SL 1012", "INSTALL_DA": "1968-01-01T00:00:00", "REMOVAL_DA": null }, "geometry": { "type": "Point", "coordinates": [ -89.260650945592616, 28.982359368696233 ] } },
{ "type": "Feature", "properties": { "STRUCTURE_": 1, "COMPLEX_ID": 24140, "STRUCTURE1": "160 (SL 1012)", "INSTALL_DA": "1968-01-01T00:00:00", "REMOVAL_DA": null }, "geometry": { "type": "Point", "coordinates": [ -89.235845187242475, 28.98725339714068 ] } },
{ "type": "Feature", "properties": { "STRUCTURE_": 1, "COMPLEX_ID": 24142, "STRUCTURE1": "BB", "INSTALL_DA": "1993-06-11T00:00:00", "REMOVAL_DA": null }, "geometry": { "type": "Point", "coordinates": [ -88.773036038726502, 29.25751419068866 ] } },
{ "type": "Feature", "properties": { "STRUCTURE_": 1, "COMPLEX_ID": 24143, "STRUCTURE1": "B", "INSTALL_DA": "1993-06-18T00:00:00", "REMOVAL_DA": "2012-05-27T00:00:00" }, "geometry": { "type": "Point", "coordinates": [ -89.844617570948955, 28.859785827233132 ] } },
{ "type": "Feature", "properties": { "STRUCTURE_": 1, "COMPLEX_ID": 23896, "STRUCTURE1": "A", "INSTALL_DA": "1991-01-01T00:00:00", "REMOVAL_DA": null }, "geometry": { "type": "Point", "coordinates": [ -88.759272645669327, 29.263466012026559 ] } },
{ "type": "Feature", "properties": { "STRUCTURE_": 1, "COMPLEX_ID": 23898, "STRUCTURE1": "4", "INSTALL_DA": "1991-11-15T00:00:00", "REMOVAL_DA": "2011-11-11T00:00:00" }, "geometry": { "type": "Point", "coordinates": [ -89.032086502633348, 29.286928185991492 ] } },
{ "type": "Feature", "properties": { "STRUCTURE_": 1, "COMPLEX_ID": 24103, "STRUCTURE1": "C", "INSTALL_DA": "1992-03-27T00:00:00", "REMOVAL_DA": null }, "geometry": { "type": "Point", "coordinates": [ -89.393155531301133, 28.718600781025767 ] } },
{ "type": "Feature", "properties": { "STRUCTURE_": 1, "COMPLEX_ID": 24113, "STRUCTURE1": "H", "INSTALL_DA": "1991-01-01T00:00:00", "REMOVAL_DA": "2007-10-29T00:00:00" }, "geometry": { "type": "Point", "coordinates": [ -89.650546138705948, 28.987805910991451 ] } },
{ "type": "Feature", "properties": { "STRUCTURE_": 1, "COMPLEX_ID": 24114, "STRUCTURE1": "18", "INSTALL_DA": "1990-08-06T00:00:00", "REMOVAL_DA": null }, "geometry": { "type": "Point", "coordinates": [ -89.058307271830941, 29.315029310617387 ] } },
{ "type": "Feature", "properties": { "STRUCTURE_": 5, "COMPLEX_ID": 23874, "STRUCTURE1": "QRT", "INSTALL_DA": "1991-01-01T00:00:00", "REMOVAL_DA": "2003-07-20T00:00:00" }, "geometry": { "type": "Point", "coordinates": [ -88.769319933810934, 29.261760061095586 ] } },
{ "type": "Feature", "properties": { "STRUCTURE_": 1, "COMPLEX_ID": 23875, "STRUCTURE1": "A (Corral)", "INSTALL_DA": "1992-01-01T00:00:00", "REMOVAL_DA": null }, "geometry": { "type": "Point", "coordinates": [ -89.311372123409029, 28.601248548751524 ] } },
{ "type": "Feature", "properties": { "STRUCTURE_": 1, "COMPLEX_ID": 23876, "STRUCTURE1": "FP", "INSTALL_DA": "1991-01-01T00:00:00", "REMOVAL_DA": null }, "geometry": { "type": "Point", "coordinates": [ -88.772136016260788, 29.264977960917847 ] } },
{ "type": "Feature", "properties": { "STRUCTURE_": 1, "COMPLEX_ID": 23877, "STRUCTURE1": "19", "INSTALL_DA": "1991-01-01T00:00:00", "REMOVAL_DA": null }, "geometry": { "type": "Point", "coordinates": [ -89.051456070664273, 29.307420547427089 ] } },
{ "type": "Feature", "properties": { "STRUCTURE_": 1, "COMPLEX_ID": 23880, "STRUCTURE1": "45", "INSTALL_DA": "1965-01-01T00:00:00", "REMOVAL_DA": null }, "geometry": { "type": "Point", "coordinates": [ -89.262538947603176, 28.978745651179167 ] } },
{ "type": "Feature", "properties": { "STRUCTURE_": 1, "COMPLEX_ID": 23883, "STRUCTURE1": "A (Amberjack)", "INSTALL_DA": "1991-01-01T00:00:00", "REMOVAL_DA": null }, "geometry": { "type": "Point", "coordinates": [ -88.930841921773677, 28.864953879135914 ] } },
{ "type": "Feature", "properties": { "STRUCTURE_": 1, "COMPLEX_ID": 23888, "STRUCTURE1": "A", "INSTALL_DA": "1991-01-01T00:00:00", "REMOVAL_DA": "2009-08-30T00:00:00" }, "geometry": { "type": "Point", "coordinates": [ -88.562241091827303, 29.5431125196525 ] } },
{ "type": "Feature", "properties": { "STRUCTURE_": 1, "COMPLEX_ID": 23891, "STRUCTURE1": "A", "INSTALL_DA": "1991-01-01T00:00:00", "REMOVAL_DA": "2016-07-03T00:00:00" }, "geometry": { "type": "Point", "coordinates": [ -89.139630348313148, 28.841527011987047 ] } },
{ "type": "Feature", "properties": { "STRUCTURE_": 1, "COMPLEX_ID": 23892, "STRUCTURE1": "3", "INSTALL_DA": "1991-01-01T00:00:00", "REMOVAL_DA": "1999-08-15T00:00:00" }, "geometry": { "type": "Point", "coordinates": [ -89.6698088202739, 29.176940003057094 ] } },
{ "type": "Feature", "properties": { "STRUCTURE_": 1, "COMPLEX_ID": 23860, "STRUCTURE1": "A", "INSTALL_DA": "1990-01-01T00:00:00", "REMOVAL_DA": "1999-09-27T00:00:00" }, "geometry": { "type": "Point", "coordinates": [ -88.539537338746882, 29.294400130840625 ] } },
{ "type": "Feature", "properties": { "STRUCTURE_": 1, "COMPLEX_ID": 23863, "STRUCTURE1": "14", "INSTALL_DA": "1991-01-01T00:00:00", "REMOVAL_DA": null }, "geometry": { "type": "Point", "coordinates": [ -89.579091125004467, 29.131414739226798 ] } },
{ "type": "Feature", "properties": { "STRUCTURE_": 1, "COMPLEX_ID": 23865, "STRUCTURE1": "BA", "INSTALL_DA": "1991-01-01T00:00:00", "REMOVAL_DA": null }, "geometry": { "type": "Point", "coordinates": [ -88.771119995705789, 29.283915377883616 ] } },
{ "type": "Feature", "properties": { "STRUCTURE_": 1, "COMPLEX_ID": 23869, "STRUCTURE1": "A", "INSTALL_DA": "1991-01-01T00:00:00", "REMOVAL_DA": "2012-11-26T00:00:00" }, "geometry": { "type": "Point", "coordinates": [ -89.838689387464512, 28.839716463862313 ] } },
{ "type": "Feature", "properties": { "STRUCTURE_": 1, "COMPLEX_ID": 23872, "STRUCTURE1": "B", "INSTALL_DA": "1991-01-01T00:00:00", "REMOVAL_DA": null }, "geometry": { "type": "Point", "coordinates": [ -88.756006554211837, 29.268902845606156 ] } },
{ "type": "Feature", "properties": { "STRUCTURE_": 1, "COMPLEX_ID": 23874, "STRUCTURE1": "PRD1RIG", "INSTALL_DA": "1991-01-01T00:00:00", "REMOVAL_DA": null }, "geometry": { "type": "Point", "coordinates": [ -88.758184615494713, 29.265919936772182 ] } },
{ "type": "Feature", "properties": { "STRUCTURE_": 2, "COMPLEX_ID": 23874, "STRUCTURE1": "PRD2RIG", "INSTALL_DA": "1991-01-01T00:00:00", "REMOVAL_DA": null }, "geometry": { "type": "Point", "coordinates": [ -88.76324976201083, 29.267806876850752 ] } },
{ "type": "Feature", "properties": { "STRUCTURE_": 3, "COMPLEX_ID": 23874, "STRUCTURE1": "PP", "INSTALL_DA": "1991-01-01T00:00:00", "REMOVAL_DA": "2003-07-20T00:00:00" }, "geometry": { "type": "Point", "coordinates": [ -88.770374963854195, 29.261115080607773 ] } },
{ "type": "Feature", "properties": { "STRUCTURE_": 4, "COMPLEX_ID": 23874, "STRUCTURE1": "STR", "INSTALL_DA": "1991-01-01T00:00:00", "REMOVAL_DA": null }, "geometry": { "type": "Point", "coordinates": [ -88.774857092683717, 29.260994082760995 ] } },
{ "type": "Feature", "properties": { "STRUCTURE_": 1, "COMPLEX_ID": 23835, "STRUCTURE1": "B", "INSTALL_DA": "1990-01-01T00:00:00", "REMOVAL_DA": "2024-07-28T00:00:00" }, "geometry": { "type": "Point", "coordinates": [ -89.531733615754874, 28.90493783473184 ] } },
{ "type": "Feature", "properties": { "STRUCTURE_": 1, "COMPLEX_ID": 23837, "STRUCTURE1": "1", "INSTALL_DA": "1990-01-01T00:00:00", "REMOVAL_DA": "1991-02-25T00:00:00" }, "geometry": { "type": "Point", "coordinates": [ -88.682971593094109, 29.588163113840491 ] } },
{ "type": "Feature", "properties": { "STRUCTURE_": 1, "COMPLEX_ID": 23838, "STRUCTURE1": "B", "INSTALL_DA": "1990-01-01T00:00:00", "REMOVAL_DA": "2000-04-20T00:00:00" }, "geometry": { "type": "Point", "coordinates": [ -88.240109747949305, 29.370499874636717 ] } },
{ "type": "Feature", "properties": { "STRUCTURE_": 1, "COMPLEX_ID": 23840, "STRUCTURE1": "1", "INSTALL_DA": "1990-01-01T00:00:00", "REMOVAL_DA": "1990-12-31T00:00:00" }, "geometry": { "type": "Point", "coordinates": [ -88.797421875976354, 29.548351281801491 ] } },
{ "type": "Feature", "properties": { "STRUCTURE_": 1, "COMPLEX_ID": 23841, "STRUCTURE1": "2", "INSTALL_DA": "1990-01-01T00:00:00", "REMOVAL_DA": "2000-05-28T00:00:00" }, "geometry": { "type": "Point", "coordinates": [ -88.682969593060591, 29.588218112174392 ] } },
{ "type": "Feature", "properties": { "STRUCTURE_": 1, "COMPLEX_ID": 23842, "STRUCTURE1": "A", "INSTALL_DA": "1990-01-01T00:00:00", "REMOVAL_DA": "2019-08-10T00:00:00" }, "geometry": { "type": "Point", "coordinates": [ -88.69918602695806, 29.51170843003808 ] } },
{ "type": "Feature", "properties": { "STRUCTURE_": 1, "COMPLEX_ID": 23843, "STRUCTURE1": "2", "INSTALL_DA": "1990-01-01T00:00:00", "REMOVAL_DA": "2019-08-12T00:00:00" }, "geometry": { "type": "Point", "coordinates": [ -88.719904621627336, 29.505953598110068 ] } },
{ "type": "Feature", "properties": { "STRUCTURE_": 1, "COMPLEX_ID": 24147, "STRUCTURE1": "A", "INSTALL_DA": "1993-06-19T00:00:00", "REMOVAL_DA": "2019-07-27T00:00:00" }, "geometry": { "type": "Point", "coordinates": [ -88.333123565811874, 29.781789380826055 ] } },
{ "type": "Feature", "properties": { "STRUCTURE_": 1, "COMPLEX_ID": 24148, "STRUCTURE1": "B", "INSTALL_DA": "1993-06-25T00:00:00", "REMOVAL_DA": "2016-12-21T00:00:00" }, "geometry": { "type": "Point", "coordinates": [ -88.34922603309694, 29.786931222398341 ] } },
{ "type": "Feature", "properties": { "STRUCTURE_": 1, "COMPLEX_ID": 24149, "STRUCTURE1": "C", "INSTALL_DA": "1993-06-23T00:00:00", "REMOVAL_DA": "2019-07-21T00:00:00" }, "geometry": { "type": "Point", "coordinates": [ -88.307966837689193, 29.779174465762708 ] } },
{ "type": "Feature", "properties": { "STRUCTURE_": 1, "COMPLEX_ID": 24160, "STRUCTURE1": "2", "INSTALL_DA": "1969-01-01T00:00:00", "REMOVAL_DA": "2004-01-23T00:00:00" }, "geometry": { "type": "Point", "coordinates": [ -88.843076222281951, 29.609874399649559 ] } },
{ "type": "Feature", "properties": { "STRUCTURE_": 1, "COMPLEX_ID": 24164, "STRUCTURE1": "8", "INSTALL_DA": "1975-01-01T00:00:00", "REMOVAL_DA": "2008-10-26T00:00:00" }, "geometry": { "type": "Point", "coordinates": [ -89.011085966764995, 29.416201227567282 ] } },
{ "type": "Feature", "properties": { "STRUCTURE_": 2, "COMPLEX_ID": 21818, "STRUCTURE1": "3-PRD", "INSTALL_DA": "1962-01-01T00:00:00", "REMOVAL_DA": "2017-11-18T00:00:00" }, "geometry": { "type": "Point", "coordinates": [ -89.551850794828837, 29.178223261412111 ] } },
{ "type": "Feature", "properties": { "STRUCTURE_": 3, "COMPLEX_ID": 21818, "STRUCTURE1": "3-PWR", "INSTALL_DA": "1962-01-01T00:00:00", "REMOVAL_DA": "2017-11-20T00:00:00" }, "geometry": { "type": "Point", "coordinates": [ -89.552551904297076, 29.178626109510503 ] } },
{ "type": "Feature", "properties": { "STRUCTURE_": 2, "COMPLEX_ID": 21815, "STRUCTURE1": "N", "INSTALL_DA": "1971-01-01T00:00:00", "REMOVAL_DA": null }, "geometry": { "type": "Point", "coordinates": [ -89.012317992975966, 29.398668763520767 ] } },
{ "type": "Feature", "properties": { "STRUCTURE_": 1, "COMPLEX_ID": 24151, "STRUCTURE1": "A", "INSTALL_DA": "1993-11-11T00:00:00", "REMOVAL_DA": "1999-11-15T00:00:00" }, "geometry": { "type": "Point", "coordinates": [ -88.467621312772962, 29.409182630428461 ] } },
{ "type": "Feature", "properties": { "STRUCTURE_": 1, "COMPLEX_ID": 24165, "STRUCTURE1": "4", "INSTALL_DA": "1993-11-19T00:00:00", "REMOVAL_DA": "1998-10-12T00:00:00" }, "geometry": { "type": "Point", "coordinates": [ -89.648337208586213, 29.178413968945719 ] } },
{ "type": "Feature", "properties": { "STRUCTURE_": 1, "COMPLEX_ID": 23862, "STRUCTURE1": "A", "INSTALL_DA": "1990-01-01T00:00:00", "REMOVAL_DA": "1999-01-03T00:00:00" }, "geometry": { "type": "Point", "coordinates": [ -88.520975009612087, 29.815765309754887 ] } },
{ "type": "Feature", "properties": { "STRUCTURE_": 1, "COMPLEX_ID": 23873, "STRUCTURE1": "BW-CONTROL", "INSTALL_DA": "1991-01-01T00:00:00", "REMOVAL_DA": null }, "geometry": { "type": "Point", "coordinates": [ -88.758086618853383, 29.279533517387289 ] } },
{ "type": "Feature", "properties": { "STRUCTURE_": 1, "COMPLEX_ID": 23810, "STRUCTURE1": "A-1", "INSTALL_DA": "1989-01-01T00:00:00", "REMOVAL_DA": "2006-08-17T00:00:00" }, "geometry": { "type": "Point", "coordinates": [ -88.521963963497527, 29.627354978674337 ] } },
{ "type": "Feature", "properties": { "STRUCTURE_": 1, "COMPLEX_ID": 23814, "STRUCTURE1": "F", "INSTALL_DA": "1989-01-01T00:00:00", "REMOVAL_DA": "1996-11-21T00:00:00" }, "geometry": { "type": "Point", "coordinates": [ -89.740762830465599, 29.156950584593286 ] } },
{ "type": "Feature", "properties": { "STRUCTURE_": 1, "COMPLEX_ID": 23498, "STRUCTURE1": "1-A", "INSTALL_DA": "1988-01-01T00:00:00", "REMOVAL_DA": "2006-09-20T00:00:00" }, "geometry": { "type": "Point", "coordinates": [ -89.058567264454226, 29.287447159134267 ] } },
{ "type": "Feature", "properties": { "STRUCTURE_": 1, "COMPLEX_ID": 23403, "STRUCTURE1": "15", "INSTALL_DA": "1985-01-01T00:00:00", "REMOVAL_DA": null }, "geometry": { "type": "Point", "coordinates": [ -89.060660332049409, 29.301180735573439 ] } },
{ "type": "Feature", "properties": { "STRUCTURE_": 1, "COMPLEX_ID": 23409, "STRUCTURE1": "A", "INSTALL_DA": "1987-01-01T00:00:00", "REMOVAL_DA": null }, "geometry": { "type": "Point", "coordinates": [ -88.950190240160438, 29.468810645086908 ] } },
{ "type": "Feature", "properties": { "STRUCTURE_": 1, "COMPLEX_ID": 23242, "STRUCTURE1": "CD", "INSTALL_DA": "1985-01-01T00:00:00", "REMOVAL_DA": "1993-11-18T00:00:00" }, "geometry": { "type": "Point", "coordinates": [ -88.678734431509696, 29.49821884751832 ] } },
{ "type": "Feature", "properties": { "STRUCTURE_": 1, "COMPLEX_ID": 23005, "STRUCTURE1": "A", "INSTALL_DA": "1983-01-01T00:00:00", "REMOVAL_DA": null }, "geometry": { "type": "Point", "coordinates": [ -88.903120741406056, 29.181061505120212 ] } },
{ "type": "Feature", "properties": { "STRUCTURE_": 1, "COMPLEX_ID": 22912, "STRUCTURE1": "3", "INSTALL_DA": "1982-01-01T00:00:00", "REMOVAL_DA": null }, "geometry": { "type": "Point", "coordinates": [ -89.056927227846018, 29.307067556024805 ] } },
{ "type": "Feature", "properties": { "STRUCTURE_": 1, "COMPLEX_ID": 22917, "STRUCTURE1": "8", "INSTALL_DA": "1983-01-01T00:00:00", "REMOVAL_DA": null }, "geometry": { "type": "Point", "coordinates": [ -89.054337158144079, 29.315991282683804 ] } },
{ "type": "Feature", "properties": { "STRUCTURE_": 1, "COMPLEX_ID": 22922, "STRUCTURE1": "13", "INSTALL_DA": "1984-01-01T00:00:00", "REMOVAL_DA": null }, "geometry": { "type": "Point", "coordinates": [ -89.060502331503329, 29.308595507550177 ] } },
{ "type": "Feature", "properties": { "STRUCTURE_": 1, "COMPLEX_ID": 22564, "STRUCTURE1": "A", "INSTALL_DA": "1977-01-01T00:00:00", "REMOVAL_DA": null }, "geometry": { "type": "Point", "coordinates": [ -89.453222322024985, 28.834318095337348 ] } },
{ "type": "Feature", "properties": { "STRUCTURE_": 1, "COMPLEX_ID": 22593, "STRUCTURE1": "A", "INSTALL_DA": "1982-08-01T00:00:00", "REMOVAL_DA": "2025-07-24T00:00:00" }, "geometry": { "type": "Point", "coordinates": [ -89.511465040049657, 28.912381611325412 ] } },
{ "type": "Feature", "properties": { "STRUCTURE_": 1, "COMPLEX_ID": 22603, "STRUCTURE1": "A", "INSTALL_DA": "1982-01-01T00:00:00", "REMOVAL_DA": null }, "geometry": { "type": "Point", "coordinates": [ -88.934530731149437, 29.354647143452492 ] } },
{ "type": "Feature", "properties": { "STRUCTURE_": 1, "COMPLEX_ID": 22498, "STRUCTURE1": "C", "INSTALL_DA": "1980-01-01T00:00:00", "REMOVAL_DA": "2013-07-21T00:00:00" }, "geometry": { "type": "Point", "coordinates": [ -89.523253438201337, 29.004378724405498 ] } },
{ "type": "Feature", "properties": { "STRUCTURE_": 1, "COMPLEX_ID": 21996, "STRUCTURE1": "KC", "INSTALL_DA": "1976-01-01T00:00:00", "REMOVAL_DA": null }, "geometry": { "type": "Point", "coordinates": [ -89.107135721883992, 29.397153770520017 ] } },
{ "type": "Feature", "properties": { "STRUCTURE_": 1, "COMPLEX_ID": 21831, "STRUCTURE1": "E-QTRS", "INSTALL_DA": "1954-01-01T00:00:00", "REMOVAL_DA": null }, "geometry": { "type": "Point", "coordinates": [ -89.676067978791664, 29.148527881981884 ] } },
{ "type": "Feature", "properties": { "STRUCTURE_": 1, "COMPLEX_ID": 21165, "STRUCTURE1": "6 V", "INSTALL_DA": "1959-01-01T00:00:00", "REMOVAL_DA": null }, "geometry": { "type": "Point", "coordinates": [ -89.262613947626093, 28.975115764697328 ] } },
{ "type": "Feature", "properties": { "STRUCTURE_": 1, "COMPLEX_ID": 21231, "STRUCTURE1": "3", "INSTALL_DA": "1970-01-01T00:00:00", "REMOVAL_DA": "1999-06-24T00:00:00" }, "geometry": { "type": "Point", "coordinates": [ -88.88428632575264, 29.437172636188588 ] } },
{ "type": "Feature", "properties": { "STRUCTURE_": 1, "COMPLEX_ID": 21273, "STRUCTURE1": "A", "INSTALL_DA": "1952-01-01T00:00:00", "REMOVAL_DA": null }, "geometry": { "type": "Point", "coordinates": [ -89.608369972056707, 29.141051424727561 ] } },
{ "type": "Feature", "properties": { "STRUCTURE_": 1, "COMPLEX_ID": 20491, "STRUCTURE1": "A", "INSTALL_DA": "1974-01-01T00:00:00", "REMOVAL_DA": "2024-08-21T00:00:00" }, "geometry": { "type": "Point", "coordinates": [ -89.514749652742125, 28.971850195854191 ] } },
{ "type": "Feature", "properties": { "STRUCTURE_": 1, "COMPLEX_ID": 20431, "STRUCTURE1": "9", "INSTALL_DA": "1969-01-01T00:00:00", "REMOVAL_DA": "1979-12-31T00:00:00" }, "geometry": { "type": "Point", "coordinates": [ -88.842424210049927, 29.623421989921958 ] } },
{ "type": "Feature", "properties": { "STRUCTURE_": 1, "COMPLEX_ID": 20409, "STRUCTURE1": "A", "INSTALL_DA": "1970-01-01T00:00:00", "REMOVAL_DA": "2005-12-12T00:00:00" }, "geometry": { "type": "Point", "coordinates": [ -88.66950406978907, 29.276464641968072 ] } },
{ "type": "Feature", "properties": { "STRUCTURE_": 2, "COMPLEX_ID": 20411, "STRUCTURE1": "6", "INSTALL_DA": "1969-01-01T00:00:00", "REMOVAL_DA": "2004-07-02T00:00:00" }, "geometry": { "type": "Point", "coordinates": [ -88.837342061218152, 29.618925127852904 ] } },
{ "type": "Feature", "properties": { "STRUCTURE_": 1, "COMPLEX_ID": 20281, "STRUCTURE1": "23", "INSTALL_DA": "1960-01-01T00:00:00", "REMOVAL_DA": null }, "geometry": { "type": "Point", "coordinates": [ -89.242053355897497, 28.971156897835151 ] } },
{ "type": "Feature", "properties": { "STRUCTURE_": 1, "COMPLEX_ID": 20297, "STRUCTURE1": "5 Z", "INSTALL_DA": "1959-01-01T00:00:00", "REMOVAL_DA": null }, "geometry": { "type": "Point", "coordinates": [ -89.248131533370184, 28.976705721497414 ] } },
{ "type": "Feature", "properties": { "STRUCTURE_": 1, "COMPLEX_ID": 20309, "STRUCTURE1": "51", "INSTALL_DA": "1958-01-01T00:00:00", "REMOVAL_DA": "2011-11-05T00:00:00" }, "geometry": { "type": "Point", "coordinates": [ -89.250157592527458, 28.9785476629668 ] } },
{ "type": "Feature", "properties": { "STRUCTURE_": 1, "COMPLEX_ID": 20255, "STRUCTURE1": "12(Removed)", "INSTALL_DA": "1967-01-01T00:00:00", "REMOVAL_DA": "1997-09-18T00:00:00" }, "geometry": { "type": "Point", "coordinates": [ -89.55727153044073, 29.178594287735308 ] } },
{ "type": "Feature", "properties": { "STRUCTURE_": 1, "COMPLEX_ID": 20261, "STRUCTURE1": "8", "INSTALL_DA": "1962-01-01T00:00:00", "REMOVAL_DA": "1985-12-31T00:00:00" }, "geometry": { "type": "Point", "coordinates": [ -89.539941033921167, 29.180367241798308 ] } },
{ "type": "Feature", "properties": { "STRUCTURE_": 1, "COMPLEX_ID": 20268, "STRUCTURE1": "2", "INSTALL_DA": "1958-01-01T00:00:00", "REMOVAL_DA": "2017-11-26T00:00:00" }, "geometry": { "type": "Point", "coordinates": [ -89.534020862648333, 29.178495302815232 ] } },
{ "type": "Feature", "properties": { "STRUCTURE_": 1, "COMPLEX_ID": 20171, "STRUCTURE1": "7", "INSTALL_DA": "1958-01-01T00:00:00", "REMOVAL_DA": "2011-08-18T00:00:00" }, "geometry": { "type": "Point", "coordinates": [ -89.635610728829306, 29.104718538655955 ] } },
{ "type": "Feature", "properties": { "STRUCTURE_": 1, "COMPLEX_ID": 20177, "STRUCTURE1": "B", "INSTALL_DA": "1969-01-01T00:00:00", "REMOVAL_DA": "2014-11-10T00:00:00" }, "geometry": { "type": "Point", "coordinates": [ -89.80561061567488, 29.069548269234755 ] } },
{ "type": "Feature", "properties": { "STRUCTURE_": 1, "COMPLEX_ID": 20184, "STRUCTURE1": "CD", "INSTALL_DA": "1963-01-01T00:00:00", "REMOVAL_DA": null }, "geometry": { "type": "Point", "coordinates": [ -89.611868002831571, 29.126122886268906 ] } },
{ "type": "Feature", "properties": { "STRUCTURE_": 1, "COMPLEX_ID": 20150, "STRUCTURE1": "P", "INSTALL_DA": "1958-01-01T00:00:00", "REMOVAL_DA": null }, "geometry": { "type": "Point", "coordinates": [ -89.614011126112331, 29.129599777174999 ] } },
{ "type": "Feature", "properties": { "STRUCTURE_": 1, "COMPLEX_ID": 20156, "STRUCTURE1": "Y", "INSTALL_DA": "1967-01-01T00:00:00", "REMOVAL_DA": "1996-08-01T00:00:00" }, "geometry": { "type": "Point", "coordinates": [ -89.737594699126163, 29.100300348745257 ] } },
{ "type": "Feature", "properties": { "STRUCTURE_": 1, "COMPLEX_ID": 24180, "STRUCTURE1": "A-1", "INSTALL_DA": "1994-09-13T00:00:00", "REMOVAL_DA": "2011-06-18T00:00:00" }, "geometry": { "type": "Point", "coordinates": [ -88.653419400096581, 29.515983985542192 ] } },
{ "type": "Feature", "properties": { "STRUCTURE_": 1, "COMPLEX_ID": 31021, "STRUCTURE1": "AA-EAST", "INSTALL_DA": "1960-01-01T00:00:00", "REMOVAL_DA": "2016-12-10T00:00:00" }, "geometry": { "type": "Point", "coordinates": [ -89.238416246676962, 28.962600167274555 ] } },
{ "type": "Feature", "properties": { "STRUCTURE_": 1, "COMPLEX_ID": 24223, "STRUCTURE1": "A", "INSTALL_DA": "1995-04-20T00:00:00", "REMOVAL_DA": "2000-09-29T00:00:00" }, "geometry": { "type": "Point", "coordinates": [ -88.562085957792405, 29.838744200216475 ] } },
{ "type": "Feature", "properties": { "STRUCTURE_": 1, "COMPLEX_ID": 70018, "STRUCTURE1": "A", "INSTALL_DA": "1996-07-27T00:00:00", "REMOVAL_DA": "2007-07-07T00:00:00" }, "geometry": { "type": "Point", "coordinates": [ -88.234681657237431, 29.835515676227779 ] } },
{ "type": "Feature", "properties": { "STRUCTURE_": 1, "COMPLEX_ID": 70022, "STRUCTURE1": "AA", "INSTALL_DA": "1998-02-07T00:00:00", "REMOVAL_DA": null }, "geometry": { "type": "Point", "coordinates": [ -89.68023212397226, 29.157106163179847 ] } },
{ "type": "Feature", "properties": { "STRUCTURE_": 1, "COMPLEX_ID": 97, "STRUCTURE1": "B", "INSTALL_DA": "1997-11-02T00:00:00", "REMOVAL_DA": "2006-09-28T00:00:00" }, "geometry": { "type": "Point", "coordinates": [ -88.828065553704647, 29.346206122223531 ] } },
{ "type": "Feature", "properties": { "STRUCTURE_": 1, "COMPLEX_ID": 20393, "STRUCTURE1": "CA", "INSTALL_DA": "1959-01-01T00:00:00", "REMOVAL_DA": null }, "geometry": { "type": "Point", "coordinates": [ -89.010279931780445, 29.393893910530018 ] } },
{ "type": "Feature", "properties": { "STRUCTURE_": 1, "COMPLEX_ID": 23452, "STRUCTURE1": "A", "INSTALL_DA": "1987-01-01T00:00:00", "REMOVAL_DA": "1999-11-20T00:00:00" }, "geometry": { "type": "Point", "coordinates": [ -88.450995867254562, 29.498930896295491 ] } },
{ "type": "Feature", "properties": { "STRUCTURE_": 1, "COMPLEX_ID": 23410, "STRUCTURE1": "A", "INSTALL_DA": "1986-01-01T00:00:00", "REMOVAL_DA": "1997-04-13T00:00:00" }, "geometry": { "type": "Point", "coordinates": [ -88.763510964764194, 29.692196941887254 ] } },
{ "type": "Feature", "properties": { "STRUCTURE_": 1, "COMPLEX_ID": 96, "STRUCTURE1": "JA", "INSTALL_DA": "1997-11-20T00:00:00", "REMOVAL_DA": "2007-08-08T00:00:00" }, "geometry": { "type": "Point", "coordinates": [ -88.765001742910712, 29.180254921005297 ] } },
{ "type": "Feature", "properties": { "STRUCTURE_": 2, "COMPLEX_ID": 20478, "STRUCTURE1": "AA East", "INSTALL_DA": "1960-01-01T00:00:00", "REMOVAL_DA": null }, "geometry": { "type": "Point", "coordinates": [ -89.237980234340768, 28.962880129018203 ] } },
{ "type": "Feature", "properties": { "STRUCTURE_": 2, "COMPLEX_ID": 23805, "STRUCTURE1": "2", "INSTALL_DA": "1997-06-22T00:00:00", "REMOVAL_DA": "2006-08-18T00:00:00" }, "geometry": { "type": "Point", "coordinates": [ -88.473302549512709, 29.708919411546439 ] } },
{ "type": "Feature", "properties": { "STRUCTURE_": 3, "COMPLEX_ID": 21831, "STRUCTURE1": "E-DRL", "INSTALL_DA": "1954-01-01T00:00:00", "REMOVAL_DA": null }, "geometry": { "type": "Point", "coordinates": [ -89.675973976264714, 29.148746875227367 ] } },
{ "type": "Feature", "properties": { "STRUCTURE_": 1, "COMPLEX_ID": 174, "STRUCTURE1": "A", "INSTALL_DA": "1999-05-02T00:00:00", "REMOVAL_DA": "2001-04-24T00:00:00" }, "geometry": { "type": "Point", "coordinates": [ -89.556685894888133, 28.987590322644628 ] } },
{ "type": "Feature", "properties": { "STRUCTURE_": 1, "COMPLEX_ID": 217, "STRUCTURE1": "1", "INSTALL_DA": "1998-07-08T00:00:00", "REMOVAL_DA": "2014-08-22T00:00:00" }, "geometry": { "type": "Point", "coordinates": [ -89.737035990507437, 29.09744182874427 ] } },
{ "type": "Feature", "properties": { "STRUCTURE_": 2, "COMPLEX_ID": 23076, "STRUCTURE1": "B", "INSTALL_DA": "1994-01-01T00:00:00", "REMOVAL_DA": "2014-08-10T00:00:00" }, "geometry": { "type": "Point", "coordinates": [ -88.797205759258446, 29.717696132113375 ] } },
{ "type": "Feature", "properties": { "STRUCTURE_": 1, "COMPLEX_ID": 19, "STRUCTURE1": "11\"A\"", "INSTALL_DA": "1996-04-10T00:00:00", "REMOVAL_DA": null }, "geometry": { "type": "Point", "coordinates": [ -89.274740966187579, 28.96021212563015 ] } },
{ "type": "Feature", "properties": { "STRUCTURE_": 1, "COMPLEX_ID": 243, "STRUCTURE1": "TEMP.CAIS.#3", "INSTALL_DA": "1998-06-07T00:00:00", "REMOVAL_DA": "2004-10-14T00:00:00" }, "geometry": { "type": "Point", "coordinates": [ -89.773477034025717, 29.17179263499094 ] } },
{ "type": "Feature", "properties": { "STRUCTURE_": 1, "COMPLEX_ID": 245, "STRUCTURE1": "A", "INSTALL_DA": "1998-06-10T00:00:00", "REMOVAL_DA": "2017-12-02T00:00:00" }, "geometry": { "type": "Point", "coordinates": [ -89.819269107842089, 29.100696440211699 ] } },
{ "type": "Feature", "properties": { "STRUCTURE_": 1, "COMPLEX_ID": 21925, "STRUCTURE1": "220", "INSTALL_DA": "1975-01-01T00:00:00", "REMOVAL_DA": "2014-10-17T00:00:00" }, "geometry": { "type": "Point", "coordinates": [ -89.255677753368715, 28.982970522145262 ] } },
{ "type": "Feature", "properties": { "STRUCTURE_": 1, "COMPLEX_ID": 257, "STRUCTURE1": "A", "INSTALL_DA": "1998-07-05T00:00:00", "REMOVAL_DA": null }, "geometry": { "type": "Point", "coordinates": [ -88.158280371056748, 29.746015347083596 ] } },
{ "type": "Feature", "properties": { "STRUCTURE_": 1, "COMPLEX_ID": 254, "STRUCTURE1": "B", "INSTALL_DA": "1998-11-09T00:00:00", "REMOVAL_DA": "2006-02-22T00:00:00" }, "geometry": { "type": "Point", "coordinates": [ -88.257703834988135, 29.278564665163238 ] } },
{ "type": "Feature", "properties": { "STRUCTURE_": 1, "COMPLEX_ID": 276, "STRUCTURE1": "A", "INSTALL_DA": "1999-01-03T00:00:00", "REMOVAL_DA": null }, "geometry": { "type": "Point", "coordinates": [ -88.1795137190406, 29.285690953014374 ] } },
{ "type": "Feature", "properties": { "STRUCTURE_": 1, "COMPLEX_ID": 289, "STRUCTURE1": "C", "INSTALL_DA": "1998-11-26T00:00:00", "REMOVAL_DA": null }, "geometry": { "type": "Point", "coordinates": [ -88.211823279264991, 29.289091122242727 ] } },
{ "type": "Feature", "properties": { "STRUCTURE_": 1, "COMPLEX_ID": 104, "STRUCTURE1": "A", "INSTALL_DA": "1998-02-10T00:00:00", "REMOVAL_DA": "2002-09-11T00:00:00" }, "geometry": { "type": "Point", "coordinates": [ -88.230700231555332, 29.481423757300217 ] } },
{ "type": "Feature", "properties": { "STRUCTURE_": 1, "COMPLEX_ID": 346, "STRUCTURE1": "AH", "INSTALL_DA": "1998-11-01T00:00:00", "REMOVAL_DA": null }, "geometry": { "type": "Point", "coordinates": [ -89.516392373903216, 29.160138639963826 ] } },
{ "type": "Feature", "properties": { "STRUCTURE_": 1, "COMPLEX_ID": 368, "STRUCTURE1": "B", "INSTALL_DA": "1998-11-28T00:00:00", "REMOVAL_DA": "2017-08-15T00:00:00" }, "geometry": { "type": "Point", "coordinates": [ -89.609846485858981, 29.012686949669952 ] } },
{ "type": "Feature", "properties": { "STRUCTURE_": 1, "COMPLEX_ID": 396, "STRUCTURE1": "A", "INSTALL_DA": "1999-06-13T00:00:00", "REMOVAL_DA": "2011-04-25T00:00:00" }, "geometry": { "type": "Point", "coordinates": [ -88.572999576031563, 29.624747532499157 ] } },
{ "type": "Feature", "properties": { "STRUCTURE_": 1, "COMPLEX_ID": 408, "STRUCTURE1": "A", "INSTALL_DA": "1999-08-15T00:00:00", "REMOVAL_DA": null }, "geometry": { "type": "Point", "coordinates": [ -88.237545122666432, 29.269673573531467 ] } },
{ "type": "Feature", "properties": { "STRUCTURE_": 1, "COMPLEX_ID": 407, "STRUCTURE1": "A", "INSTALL_DA": "1999-08-02T00:00:00", "REMOVAL_DA": null }, "geometry": { "type": "Point", "coordinates": [ -88.190110278450376, 29.269344824335874 ] } },
{ "type": "Feature", "properties": { "STRUCTURE_": 1, "COMPLEX_ID": 406, "STRUCTURE1": "36", "INSTALL_DA": "1999-02-22T00:00:00", "REMOVAL_DA": "2000-04-28T00:00:00" }, "geometry": { "type": "Point", "coordinates": [ -89.584979352730684, 29.157978541744452 ] } },
{ "type": "Feature", "properties": { "STRUCTURE_": 1, "COMPLEX_ID": 410, "STRUCTURE1": "A", "INSTALL_DA": "1999-07-22T00:00:00", "REMOVAL_DA": null }, "geometry": { "type": "Point", "coordinates": [ -89.71547710045931, 28.751181383731879 ] } },
{ "type": "Feature", "properties": { "STRUCTURE_": 2, "COMPLEX_ID": 23846, "STRUCTURE1": "B", "INSTALL_DA": "1999-08-27T00:00:00", "REMOVAL_DA": null }, "geometry": { "type": "Point", "coordinates": [ -89.551521562591304, 28.661325150237442 ] } },
{ "type": "Feature", "properties": { "STRUCTURE_": 2, "COMPLEX_ID": 24242, "STRUCTURE1": "PP-Flare Pile", "INSTALL_DA": "1996-10-01T00:00:00", "REMOVAL_DA": "1999-07-05T00:00:00" }, "geometry": { "type": "Point", "coordinates": [ -89.658540547915962, 29.175794885332309 ] } },
{ "type": "Feature", "properties": { "STRUCTURE_": 1, "COMPLEX_ID": 309, "STRUCTURE1": "CAIS.#1", "INSTALL_DA": "1998-10-25T00:00:00", "REMOVAL_DA": "2006-09-13T00:00:00" }, "geometry": { "type": "Point", "coordinates": [ -88.826742581043845, 29.652769428943181 ] } },
{ "type": "Feature", "properties": { "STRUCTURE_": 1, "COMPLEX_ID": 479, "STRUCTURE1": "B", "INSTALL_DA": "1999-06-22T00:00:00", "REMOVAL_DA": "2015-06-29T00:00:00" }, "geometry": { "type": "Point", "coordinates": [ -89.123930384066057, 29.431648678524507 ] } },
{ "type": "Feature", "properties": { "STRUCTURE_": 1, "COMPLEX_ID": 113, "STRUCTURE1": "A (VIRGO)", "INSTALL_DA": "1999-09-17T00:00:00", "REMOVAL_DA": null }, "geometry": { "type": "Point", "coordinates": [ -88.167773370232723, 29.182188870553144 ] } },
{ "type": "Feature", "properties": { "STRUCTURE_": 1, "COMPLEX_ID": 536, "STRUCTURE1": "1", "INSTALL_DA": "1999-09-06T00:00:00", "REMOVAL_DA": "2014-03-24T00:00:00" }, "geometry": { "type": "Point", "coordinates": [ -88.777916642136518, 29.653125565576058 ] } },
{ "type": "Feature", "properties": { "STRUCTURE_": 1, "COMPLEX_ID": 529, "STRUCTURE1": "1", "INSTALL_DA": "1999-07-26T00:00:00", "REMOVAL_DA": "2003-11-02T00:00:00" }, "geometry": { "type": "Point", "coordinates": [ -88.976541346541012, 29.309510363444538 ] } },
{ "type": "Feature", "properties": { "STRUCTURE_": 1, "COMPLEX_ID": 578, "STRUCTURE1": "1", "INSTALL_DA": "1999-10-02T00:00:00", "REMOVAL_DA": "2006-09-10T00:00:00" }, "geometry": { "type": "Point", "coordinates": [ -88.820862796836138, 29.642127691671114 ] } },
{ "type": "Feature", "properties": { "STRUCTURE_": 1, "COMPLEX_ID": 582, "STRUCTURE1": "A", "INSTALL_DA": "1999-11-11T00:00:00", "REMOVAL_DA": "2019-06-28T00:00:00" }, "geometry": { "type": "Point", "coordinates": [ -89.674665732583193, 29.010955243422824 ] } },
{ "type": "Feature", "properties": { "STRUCTURE_": 1, "COMPLEX_ID": 600, "STRUCTURE1": "1", "INSTALL_DA": "2000-07-16T00:00:00", "REMOVAL_DA": "2017-01-05T00:00:00" }, "geometry": { "type": "Point", "coordinates": [ -89.543824243037946, 29.012933087299956 ] } },
{ "type": "Feature", "properties": { "STRUCTURE_": 1, "COMPLEX_ID": 619, "STRUCTURE1": "A", "INSTALL_DA": "2000-03-02T00:00:00", "REMOVAL_DA": null }, "geometry": { "type": "Point", "coordinates": [ -88.240121925602466, 29.327512103002714 ] } },
{ "type": "Feature", "properties": { "STRUCTURE_": 1, "COMPLEX_ID": 622, "STRUCTURE1": "CAIS.#5", "INSTALL_DA": "1999-12-27T00:00:00", "REMOVAL_DA": null }, "geometry": { "type": "Point", "coordinates": [ -89.013455426605972, 29.418066778929248 ] } },
{ "type": "Feature", "properties": { "STRUCTURE_": 1, "COMPLEX_ID": 627, "STRUCTURE1": "A", "INSTALL_DA": "2000-04-15T00:00:00", "REMOVAL_DA": "2018-08-14T00:00:00" }, "geometry": { "type": "Point", "coordinates": [ -88.352436239255567, 29.364201548983377 ] } },
{ "type": "Feature", "properties": { "STRUCTURE_": 1, "COMPLEX_ID": 641, "STRUCTURE1": "CAIS.#13", "INSTALL_DA": "2000-02-13T00:00:00", "REMOVAL_DA": null }, "geometry": { "type": "Point", "coordinates": [ -89.072193284136162, 29.413324381031103 ] } },
{ "type": "Feature", "properties": { "STRUCTURE_": 1, "COMPLEX_ID": 665, "STRUCTURE1": "A", "INSTALL_DA": "2000-08-24T00:00:00", "REMOVAL_DA": "2018-05-08T00:00:00" }, "geometry": { "type": "Point", "coordinates": [ -88.33520535505798, 29.306598003457829 ] } },
{ "type": "Feature", "properties": { "STRUCTURE_": 1, "COMPLEX_ID": 738, "STRUCTURE1": "A", "INSTALL_DA": "2000-06-12T00:00:00", "REMOVAL_DA": "2015-08-20T00:00:00" }, "geometry": { "type": "Point", "coordinates": [ -88.881795645980219, 29.64190552565173 ] } },
{ "type": "Feature", "properties": { "STRUCTURE_": 1, "COMPLEX_ID": 669, "STRUCTURE1": "A", "INSTALL_DA": "2000-05-16T00:00:00", "REMOVAL_DA": "2009-11-21T00:00:00" }, "geometry": { "type": "Point", "coordinates": [ -89.827884350508, 28.703585691236345 ] } },
{ "type": "Feature", "properties": { "STRUCTURE_": 1, "COMPLEX_ID": 763, "STRUCTURE1": "A", "INSTALL_DA": "1962-01-01T00:00:00", "REMOVAL_DA": "2014-11-16T00:00:00" }, "geometry": { "type": "Point", "coordinates": [ -89.75872488700648, 29.093109960988919 ] } },
{ "type": "Feature", "properties": { "STRUCTURE_": 2, "COMPLEX_ID": 763, "STRUCTURE1": "Qtrs", "INSTALL_DA": "1964-01-01T00:00:00", "REMOVAL_DA": "2014-08-25T00:00:00" }, "geometry": { "type": "Point", "coordinates": [ -89.758546450667538, 29.093107801781354 ] } },
{ "type": "Feature", "properties": { "STRUCTURE_": 2, "COMPLEX_ID": 22087, "STRUCTURE1": "D", "INSTALL_DA": "1977-01-01T00:00:00", "REMOVAL_DA": null }, "geometry": { "type": "Point", "coordinates": [ -88.943751562309927, 29.029215958334969 ] } },
{ "type": "Feature", "properties": { "STRUCTURE_": 1, "COMPLEX_ID": 773, "STRUCTURE1": "E", "INSTALL_DA": "2000-03-07T00:00:00", "REMOVAL_DA": "2015-07-15T00:00:00" }, "geometry": { "type": "Point", "coordinates": [ -89.531582767635555, 29.020918723918882 ] } },
{ "type": "Feature", "properties": { "STRUCTURE_": 1, "COMPLEX_ID": 809, "STRUCTURE1": "B", "INSTALL_DA": "2000-09-24T00:00:00", "REMOVAL_DA": "2014-01-20T00:00:00" }, "geometry": { "type": "Point", "coordinates": [ -88.871450652462272, 29.614192388022747 ] } },
{ "type": "Feature", "properties": { "STRUCTURE_": 1, "COMPLEX_ID": 835, "STRUCTURE1": "TK BAT 3", "INSTALL_DA": null, "REMOVAL_DA": null }, "geometry": { "type": "Point", "coordinates": [ -89.394818741356119, 29.013932009967409 ] } },
{ "type": "Feature", "properties": { "STRUCTURE_": 1, "COMPLEX_ID": 842, "STRUCTURE1": "1", "INSTALL_DA": "2004-11-29T00:00:00", "REMOVAL_DA": "2009-07-09T00:00:00" }, "geometry": { "type": "Point", "coordinates": [ -88.620137108471013, 29.654679651985081 ] } },
{ "type": "Feature", "properties": { "STRUCTURE_": 1, "COMPLEX_ID": 851, "STRUCTURE1": "1", "INSTALL_DA": "2000-12-08T00:00:00", "REMOVAL_DA": "2009-08-14T00:00:00" }, "geometry": { "type": "Point", "coordinates": [ -88.944831273365693, 29.560522606780175 ] } },
{ "type": "Feature", "properties": { "STRUCTURE_": 1, "COMPLEX_ID": 856, "STRUCTURE1": "2", "INSTALL_DA": "2001-03-06T00:00:00", "REMOVAL_DA": "2017-01-10T00:00:00" }, "geometry": { "type": "Point", "coordinates": [ -89.556248513770853, 29.004228302814425 ] } },
{ "type": "Feature", "properties": { "STRUCTURE_": 1, "COMPLEX_ID": 861, "STRUCTURE1": "2", "INSTALL_DA": "2004-12-21T00:00:00", "REMOVAL_DA": "2009-07-11T00:00:00" }, "geometry": { "type": "Point", "coordinates": [ -88.628716221208819, 29.668057385992004 ] } },
{ "type": "Feature", "properties": { "STRUCTURE_": 2, "COMPLEX_ID": 245, "STRUCTURE1": "A-AUX", "INSTALL_DA": "2000-08-19T00:00:00", "REMOVAL_DA": "2017-12-01T00:00:00" }, "geometry": { "type": "Point", "coordinates": [ -89.819438462657772, 29.100679160965299 ] } },
{ "type": "Feature", "properties": { "STRUCTURE_": 1, "COMPLEX_ID": 900, "STRUCTURE1": "A", "INSTALL_DA": "2001-05-19T00:00:00", "REMOVAL_DA": null }, "geometry": { "type": "Point", "coordinates": [ -88.443382509644849, 29.284791824928934 ] } },
{ "type": "Feature", "properties": { "STRUCTURE_": 2, "COMPLEX_ID": 20192, "STRUCTURE1": "16", "INSTALL_DA": "2001-02-28T00:00:00", "REMOVAL_DA": null }, "geometry": { "type": "Point", "coordinates": [ -89.554654586442368, 29.136644980228876 ] } },
{ "type": "Feature", "properties": { "STRUCTURE_": 1, "COMPLEX_ID": 928, "STRUCTURE1": "A", "INSTALL_DA": "2001-05-13T00:00:00", "REMOVAL_DA": null }, "geometry": { "type": "Point", "coordinates": [ -88.920494478402773, 29.316491900343667 ] } },
{ "type": "Feature", "properties": { "STRUCTURE_": 1, "COMPLEX_ID": 949, "STRUCTURE1": "C", "INSTALL_DA": "2001-05-02T00:00:00", "REMOVAL_DA": "2009-08-23T00:00:00" }, "geometry": { "type": "Point", "coordinates": [ -89.064952655174267, 29.430260225607206 ] } },
{ "type": "Feature", "properties": { "STRUCTURE_": 1, "COMPLEX_ID": 948, "STRUCTURE1": "A", "INSTALL_DA": "2001-07-18T00:00:00", "REMOVAL_DA": "2017-07-29T00:00:00" }, "geometry": { "type": "Point", "coordinates": [ -88.487700868901285, 29.636936578875993 ] } },
{ "type": "Feature", "properties": { "STRUCTURE_": 1, "COMPLEX_ID": 972, "STRUCTURE1": "A", "INSTALL_DA": "2001-09-26T00:00:00", "REMOVAL_DA": "2017-08-08T00:00:00" }, "geometry": { "type": "Point", "coordinates": [ -88.472823466664082, 29.576984159113863 ] } },
{ "type": "Feature", "properties": { "STRUCTURE_": 1, "COMPLEX_ID": 1002, "STRUCTURE1": "A", "INSTALL_DA": "2001-12-06T00:00:00", "REMOVAL_DA": "2011-08-27T00:00:00" }, "geometry": { "type": "Point", "coordinates": [ -88.997511649962604, 29.47986749851249 ] } },
{ "type": "Feature", "properties": { "STRUCTURE_": 1, "COMPLEX_ID": 1022, "STRUCTURE1": "3", "INSTALL_DA": "2001-11-15T00:00:00", "REMOVAL_DA": "2006-09-02T00:00:00" }, "geometry": { "type": "Point", "coordinates": [ -89.778585742594856, 29.16159006920293 ] } },
{ "type": "Feature", "properties": { "STRUCTURE_": 1, "COMPLEX_ID": 992, "STRUCTURE1": "A", "INSTALL_DA": "2001-11-21T00:00:00", "REMOVAL_DA": "2012-12-08T00:00:00" }, "geometry": { "type": "Point", "coordinates": [ -89.288407948580939, 28.944431954270417 ] } },
{ "type": "Feature", "properties": { "STRUCTURE_": 2, "COMPLEX_ID": 23829, "STRUCTURE1": "4", "INSTALL_DA": "2002-01-02T00:00:00", "REMOVAL_DA": "2016-06-27T00:00:00" }, "geometry": { "type": "Point", "coordinates": [ -88.755207097798248, 29.633377320381523 ] } },
{ "type": "Feature", "properties": { "STRUCTURE_": 1, "COMPLEX_ID": 1066, "STRUCTURE1": "B", "INSTALL_DA": "2002-01-14T00:00:00", "REMOVAL_DA": null }, "geometry": { "type": "Point", "coordinates": [ -88.920500539554794, 29.297824194798814 ] } },
{ "type": "Feature", "properties": { "STRUCTURE_": 1, "COMPLEX_ID": 1073, "STRUCTURE1": "L", "INSTALL_DA": "2002-08-14T00:00:00", "REMOVAL_DA": null }, "geometry": { "type": "Point", "coordinates": [ -89.626236539797958, 29.177382659254132 ] } },
{ "type": "Feature", "properties": { "STRUCTURE_": 1, "COMPLEX_ID": 1103, "STRUCTURE1": "C", "INSTALL_DA": "2002-11-26T00:00:00", "REMOVAL_DA": null }, "geometry": { "type": "Point", "coordinates": [ -88.921998716555819, 29.306260194071413 ] } },
{ "type": "Feature", "properties": { "STRUCTURE_": 1, "COMPLEX_ID": 1204, "STRUCTURE1": "D", "INSTALL_DA": "2003-05-31T00:00:00", "REMOVAL_DA": null }, "geometry": { "type": "Point", "coordinates": [ -88.877096823763338, 29.326328344202622 ] } },
{ "type": "Feature", "properties": { "STRUCTURE_": 1, "COMPLEX_ID": 1194, "STRUCTURE1": "CAIS.#1", "INSTALL_DA": "2002-11-01T00:00:00", "REMOVAL_DA": null }, "geometry": { "type": "Point", "coordinates": [ -88.71853606373746, 29.555418665270942 ] } },
{ "type": "Feature", "properties": { "STRUCTURE_": 1, "COMPLEX_ID": 1257, "STRUCTURE1": "D", "INSTALL_DA": "2003-03-17T00:00:00", "REMOVAL_DA": "2015-09-05T00:00:00" }, "geometry": { "type": "Point", "coordinates": [ -88.772221359866123, 29.571120459103309 ] } },
{ "type": "Feature", "properties": { "STRUCTURE_": 1, "COMPLEX_ID": 1240, "STRUCTURE1": "C", "INSTALL_DA": "2003-06-28T00:00:00", "REMOVAL_DA": "2012-05-20T00:00:00" }, "geometry": { "type": "Point", "coordinates": [ -89.821385244254841, 28.878586597925366 ] } },
{ "type": "Feature", "properties": { "STRUCTURE_": 1, "COMPLEX_ID": 1254, "STRUCTURE1": "B", "INSTALL_DA": "2003-01-01T00:00:00", "REMOVAL_DA": "2015-09-17T00:00:00" }, "geometry": { "type": "Point", "coordinates": [ -88.732717974898989, 29.580885737764021 ] } },
{ "type": "Feature", "properties": { "STRUCTURE_": 1, "COMPLEX_ID": 1267, "STRUCTURE1": "B", "INSTALL_DA": "2003-07-01T00:00:00", "REMOVAL_DA": "2019-08-07T00:00:00" }, "geometry": { "type": "Point", "coordinates": [ -88.990009801603136, 29.478044647720502 ] } },
{ "type": "Feature", "properties": { "STRUCTURE_": 1, "COMPLEX_ID": 1292, "STRUCTURE1": "A", "INSTALL_DA": "2003-06-13T00:00:00", "REMOVAL_DA": "2017-07-25T00:00:00" }, "geometry": { "type": "Point", "coordinates": [ -88.512001474390175, 29.647268079792788 ] } },
{ "type": "Feature", "properties": { "STRUCTURE_": 1, "COMPLEX_ID": 1311, "STRUCTURE1": "3", "INSTALL_DA": "2003-07-06T00:00:00", "REMOVAL_DA": "2015-01-19T00:00:00" }, "geometry": { "type": "Point", "coordinates": [ -88.754301903239963, 29.70173160784778 ] } },
{ "type": "Feature", "properties": { "STRUCTURE_": 1, "COMPLEX_ID": 1302, "STRUCTURE1": "C", "INSTALL_DA": "2003-09-15T00:00:00", "REMOVAL_DA": "2011-11-08T00:00:00" }, "geometry": { "type": "Point", "coordinates": [ -88.640461806600314, 29.564468876111054 ] } },
{ "type": "Feature", "properties": { "STRUCTURE_": 1, "COMPLEX_ID": 1331, "STRUCTURE1": "1", "INSTALL_DA": "2003-09-01T00:00:00", "REMOVAL_DA": "2014-08-03T00:00:00" }, "geometry": { "type": "Point", "coordinates": [ -88.746020154660201, 29.701675862439835 ] } },
{ "type": "Feature", "properties": { "STRUCTURE_": 1, "COMPLEX_ID": 1088, "STRUCTURE1": "A(Matterhorn Se", "INSTALL_DA": "2003-08-03T00:00:00", "REMOVAL_DA": null }, "geometry": { "type": "Point", "coordinates": [ -88.825681371812877, 28.742549450053776 ] } },
{ "type": "Feature", "properties": { "STRUCTURE_": 1, "COMPLEX_ID": 1305, "STRUCTURE1": "C", "INSTALL_DA": "2003-09-29T00:00:00", "REMOVAL_DA": null }, "geometry": { "type": "Point", "coordinates": [ -89.521785675824177, 29.139212617458703 ] } },
{ "type": "Feature", "properties": { "STRUCTURE_": 1, "COMPLEX_ID": 1350, "STRUCTURE1": "A", "INSTALL_DA": "2003-06-09T00:00:00", "REMOVAL_DA": null }, "geometry": { "type": "Point", "coordinates": [ -88.379424563679692, 29.267203413884697 ] } },
{ "type": "Feature", "properties": { "STRUCTURE_": 1, "COMPLEX_ID": 1328, "STRUCTURE1": "C", "INSTALL_DA": "2003-08-13T00:00:00", "REMOVAL_DA": "2017-06-17T00:00:00" }, "geometry": { "type": "Point", "coordinates": [ -88.637470154454604, 29.549251059335297 ] } },
{ "type": "Feature", "properties": { "STRUCTURE_": 1, "COMPLEX_ID": 1352, "STRUCTURE1": "#2", "INSTALL_DA": "2003-09-11T00:00:00", "REMOVAL_DA": "2014-08-01T00:00:00" }, "geometry": { "type": "Point", "coordinates": [ -88.802333011039778, 29.74507261623005 ] } },
{ "type": "Feature", "properties": { "STRUCTURE_": 1, "COMPLEX_ID": 1406, "STRUCTURE1": "D", "INSTALL_DA": "2004-12-11T00:00:00", "REMOVAL_DA": "2017-07-07T00:00:00" }, "geometry": { "type": "Point", "coordinates": [ -88.618906051956543, 29.556798065896224 ] } },
{ "type": "Feature", "properties": { "STRUCTURE_": 1, "COMPLEX_ID": 1428, "STRUCTURE1": "D", "INSTALL_DA": null, "REMOVAL_DA": null }, "geometry": { "type": "Point", "coordinates": [ -88.752232820697699, 29.760545959947525 ] } },
{ "type": "Feature", "properties": { "STRUCTURE_": 1, "COMPLEX_ID": 90121, "STRUCTURE1": "SSMANIFO", "INSTALL_DA": null, "REMOVAL_DA": null }, "geometry": { "type": "Point", "coordinates": [ -88.234363294795898, 28.784058992086496 ] } },
{ "type": "Feature", "properties": { "STRUCTURE_": 1, "COMPLEX_ID": 90122, "STRUCTURE1": "UTA", "INSTALL_DA": null, "REMOVAL_DA": null }, "geometry": { "type": "Point", "coordinates": [ -88.234363294795898, 28.784058992086496 ] } },
{ "type": "Feature", "properties": { "STRUCTURE_": 1, "COMPLEX_ID": 1480, "STRUCTURE1": "C", "INSTALL_DA": "2004-06-09T00:00:00", "REMOVAL_DA": "2017-01-20T00:00:00" }, "geometry": { "type": "Point", "coordinates": [ -89.630809991657969, 29.003708239357945 ] } },
{ "type": "Feature", "properties": { "STRUCTURE_": 1, "COMPLEX_ID": 1492, "STRUCTURE1": "B", "INSTALL_DA": "2004-05-10T00:00:00", "REMOVAL_DA": "2013-10-01T00:00:00" }, "geometry": { "type": "Point", "coordinates": [ -88.848990286882142, 29.555742608807105 ] } },
{ "type": "Feature", "properties": { "STRUCTURE_": 1, "COMPLEX_ID": 1482, "STRUCTURE1": "B (Simba)", "INSTALL_DA": "2005-01-23T00:00:00", "REMOVAL_DA": null }, "geometry": { "type": "Point", "coordinates": [ -88.912020047719537, 28.937527417060217 ] } },
{ "type": "Feature", "properties": { "STRUCTURE_": 1, "COMPLEX_ID": 1475, "STRUCTURE1": "A", "INSTALL_DA": "2004-07-18T00:00:00", "REMOVAL_DA": "2013-10-10T00:00:00" }, "geometry": { "type": "Point", "coordinates": [ -88.659205407750662, 29.567157758684175 ] } },
{ "type": "Feature", "properties": { "STRUCTURE_": 1, "COMPLEX_ID": 1493, "STRUCTURE1": "A", "INSTALL_DA": "2005-01-01T00:00:00", "REMOVAL_DA": "2009-07-28T00:00:00" }, "geometry": { "type": "Point", "coordinates": [ -88.724575484876539, 29.659345437127083 ] } },
{ "type": "Feature", "properties": { "STRUCTURE_": 2, "COMPLEX_ID": 22750, "STRUCTURE1": "8", "INSTALL_DA": "2004-06-09T00:00:00", "REMOVAL_DA": "2017-06-29T00:00:00" }, "geometry": { "type": "Point", "coordinates": [ -88.830493165778023, 29.457604473006601 ] } },
{ "type": "Feature", "properties": { "STRUCTURE_": 1, "COMPLEX_ID": 1519, "STRUCTURE1": "2", "INSTALL_DA": "2004-07-24T00:00:00", "REMOVAL_DA": "2009-01-21T00:00:00" }, "geometry": { "type": "Point", "coordinates": [ -88.75980164138582, 29.70092362087054 ] } },
{ "type": "Feature", "properties": { "STRUCTURE_": 1, "COMPLEX_ID": 1524, "STRUCTURE1": "#6", "INSTALL_DA": "2005-01-01T00:00:00", "REMOVAL_DA": "2015-08-31T00:00:00" }, "geometry": { "type": "Point", "coordinates": [ -88.731231738357536, 29.594848735424609 ] } },
{ "type": "Feature", "properties": { "STRUCTURE_": 1, "COMPLEX_ID": 1503, "STRUCTURE1": "A", "INSTALL_DA": "2005-02-09T00:00:00", "REMOVAL_DA": "2014-05-12T00:00:00" }, "geometry": { "type": "Point", "coordinates": [ -88.537983620370127, 29.464211978744245 ] } },
{ "type": "Feature", "properties": { "STRUCTURE_": 1, "COMPLEX_ID": 1505, "STRUCTURE1": "#7", "INSTALL_DA": "2004-08-23T00:00:00", "REMOVAL_DA": null }, "geometry": { "type": "Point", "coordinates": [ -88.663463138414528, 29.56005430251275 ] } },
{ "type": "Feature", "properties": { "STRUCTURE_": 1, "COMPLEX_ID": 1549, "STRUCTURE1": "G", "INSTALL_DA": "2004-09-12T00:00:00", "REMOVAL_DA": "2007-06-08T00:00:00" }, "geometry": { "type": "Point", "coordinates": [ -89.686048083316095, 28.879501953770866 ] } },
{ "type": "Feature", "properties": { "STRUCTURE_": 1, "COMPLEX_ID": 1569, "STRUCTURE1": "2", "INSTALL_DA": "2004-08-20T00:00:00", "REMOVAL_DA": "2007-09-28T00:00:00" }, "geometry": { "type": "Point", "coordinates": [ -88.695555237444111, 29.816154182542949 ] } },
{ "type": "Feature", "properties": { "STRUCTURE_": 1, "COMPLEX_ID": 1571, "STRUCTURE1": "C", "INSTALL_DA": "2005-02-20T00:00:00", "REMOVAL_DA": "2009-06-01T00:00:00" }, "geometry": { "type": "Point", "coordinates": [ -88.589693908100358, 29.651785310061111 ] } },
{ "type": "Feature", "properties": { "STRUCTURE_": 1, "COMPLEX_ID": 1511, "STRUCTURE1": "D", "INSTALL_DA": "2004-07-08T00:00:00", "REMOVAL_DA": "2021-04-30T00:00:00" }, "geometry": { "type": "Point", "coordinates": [ -89.635748165537009, 29.007510077321236 ] } },
{ "type": "Feature", "properties": { "STRUCTURE_": 1, "COMPLEX_ID": 1576, "STRUCTURE1": "E", "INSTALL_DA": "2005-01-11T00:00:00", "REMOVAL_DA": "2021-11-24T00:00:00" }, "geometry": { "type": "Point", "coordinates": [ -89.023541454993804, 29.283339629656925 ] } },
{ "type": "Feature", "properties": { "STRUCTURE_": 1, "COMPLEX_ID": 1607, "STRUCTURE1": "G", "INSTALL_DA": "2004-11-27T00:00:00", "REMOVAL_DA": "2016-08-27T00:00:00" }, "geometry": { "type": "Point", "coordinates": [ -88.881958298648442, 29.559160802048343 ] } },
{ "type": "Feature", "properties": { "STRUCTURE_": 1, "COMPLEX_ID": 1602, "STRUCTURE1": "CC", "INSTALL_DA": "2005-02-01T00:00:00", "REMOVAL_DA": null }, "geometry": { "type": "Point", "coordinates": [ -89.618572714733858, 29.154331877683383 ] } },
{ "type": "Feature", "properties": { "STRUCTURE_": 2, "COMPLEX_ID": 257, "STRUCTURE1": "A-Aux.", "INSTALL_DA": "2005-01-01T00:00:00", "REMOVAL_DA": "2023-05-19T00:00:00" }, "geometry": { "type": "Point", "coordinates": [ -88.158893588983332, 29.74671411657588 ] } },
{ "type": "Feature", "properties": { "STRUCTURE_": 1, "COMPLEX_ID": 1613, "STRUCTURE1": "B", "INSTALL_DA": "2005-01-21T00:00:00", "REMOVAL_DA": "2013-04-04T00:00:00" }, "geometry": { "type": "Point", "coordinates": [ -88.723568239809424, 29.599793338295875 ] } },
{ "type": "Feature", "properties": { "STRUCTURE_": 1, "COMPLEX_ID": 1551, "STRUCTURE1": "3", "INSTALL_DA": null, "REMOVAL_DA": null }, "geometry": { "type": "Point", "coordinates": [ -88.805089922431932, 29.706848515222095 ] } },
{ "type": "Feature", "properties": { "STRUCTURE_": 1, "COMPLEX_ID": 1628, "STRUCTURE1": "BB", "INSTALL_DA": "2004-11-04T00:00:00", "REMOVAL_DA": null }, "geometry": { "type": "Point", "coordinates": [ -89.628044864469558, 29.180885288877306 ] } },
{ "type": "Feature", "properties": { "STRUCTURE_": 1, "COMPLEX_ID": 1637, "STRUCTURE1": "C", "INSTALL_DA": "2009-05-08T00:00:00", "REMOVAL_DA": "2009-05-08T00:00:00" }, "geometry": { "type": "Point", "coordinates": [ -88.618699655415938, 29.579156998597501 ] } },
{ "type": "Feature", "properties": { "STRUCTURE_": 1, "COMPLEX_ID": 1677, "STRUCTURE1": "D", "INSTALL_DA": "2005-08-19T00:00:00", "REMOVAL_DA": "2013-10-11T00:00:00" }, "geometry": { "type": "Point", "coordinates": [ -89.738135122026748, 29.110672405077803 ] } },
{ "type": "Feature", "properties": { "STRUCTURE_": 1, "COMPLEX_ID": 1681, "STRUCTURE1": "3", "INSTALL_DA": "2005-04-09T00:00:00", "REMOVAL_DA": "2009-08-14T00:00:00" }, "geometry": { "type": "Point", "coordinates": [ -88.701846365522343, 29.629781327274674 ] } },
{ "type": "Feature", "properties": { "STRUCTURE_": 1, "COMPLEX_ID": 1670, "STRUCTURE1": "2", "INSTALL_DA": "2005-03-19T00:00:00", "REMOVAL_DA": "2013-10-12T00:00:00" }, "geometry": { "type": "Point", "coordinates": [ -88.900115072545532, 29.618963303056791 ] } },
{ "type": "Feature", "properties": { "STRUCTURE_": 1, "COMPLEX_ID": 1685, "STRUCTURE1": "F", "INSTALL_DA": "2005-08-08T00:00:00", "REMOVAL_DA": null }, "geometry": { "type": "Point", "coordinates": [ -89.7019019573561, 28.711646055151647 ] } },
{ "type": "Feature", "properties": { "STRUCTURE_": 1, "COMPLEX_ID": 1739, "STRUCTURE1": "A", "INSTALL_DA": "2005-09-30T00:00:00", "REMOVAL_DA": "2017-06-26T00:00:00" }, "geometry": { "type": "Point", "coordinates": [ -88.40180903967709, 29.611203251938289 ] } },
{ "type": "Feature", "properties": { "STRUCTURE_": 1, "COMPLEX_ID": 1792, "STRUCTURE1": "A", "INSTALL_DA": "2007-12-18T00:00:00", "REMOVAL_DA": "2018-07-30T00:00:00" }, "geometry": { "type": "Point", "coordinates": [ -88.76615141303202, 29.459670283104078 ] } },
{ "type": "Feature", "properties": { "STRUCTURE_": 1, "COMPLEX_ID": 1785, "STRUCTURE1": "1", "INSTALL_DA": "2006-03-09T00:00:00", "REMOVAL_DA": "2011-07-18T00:00:00" }, "geometry": { "type": "Point", "coordinates": [ -88.854279211752655, 29.643052391984384 ] } },
{ "type": "Feature", "properties": { "STRUCTURE_": 1, "COMPLEX_ID": 1815, "STRUCTURE1": "1", "INSTALL_DA": "2006-03-09T00:00:00", "REMOVAL_DA": "2019-08-06T00:00:00" }, "geometry": { "type": "Point", "coordinates": [ -88.877956901386099, 29.472382634258388 ] } },
{ "type": "Feature", "properties": { "STRUCTURE_": 1, "COMPLEX_ID": 1795, "STRUCTURE1": "C", "INSTALL_DA": "2006-03-06T00:00:00", "REMOVAL_DA": "2023-04-23T00:00:00" }, "geometry": { "type": "Point", "coordinates": [ -89.731691481901706, 29.003970890165256 ] } },
{ "type": "Feature", "properties": { "STRUCTURE_": 1, "COMPLEX_ID": 1797, "STRUCTURE1": "D", "INSTALL_DA": "2006-09-25T00:00:00", "REMOVAL_DA": "2015-12-14T00:00:00" }, "geometry": { "type": "Point", "coordinates": [ -89.702787925170128, 28.99880807867606 ] } },
{ "type": "Feature", "properties": { "STRUCTURE_": 1, "COMPLEX_ID": 1866, "STRUCTURE1": "H", "INSTALL_DA": "2006-06-20T00:00:00", "REMOVAL_DA": null }, "geometry": { "type": "Point", "coordinates": [ -89.798557279895576, 28.817472718953908 ] } },
{ "type": "Feature", "properties": { "STRUCTURE_": 1, "COMPLEX_ID": 1856, "STRUCTURE1": "E", "INSTALL_DA": "2006-05-17T00:00:00", "REMOVAL_DA": "2023-04-28T00:00:00" }, "geometry": { "type": "Point", "coordinates": [ -89.694527151310098, 29.030487801328359 ] } },
{ "type": "Feature", "properties": { "STRUCTURE_": 1, "COMPLEX_ID": 1972, "STRUCTURE1": "A", "INSTALL_DA": "2007-08-02T00:00:00", "REMOVAL_DA": "2014-07-30T00:00:00" }, "geometry": { "type": "Point", "coordinates": [ -88.663259999234981, 29.713295650185092 ] } },
{ "type": "Feature", "properties": { "STRUCTURE_": 1, "COMPLEX_ID": 1973, "STRUCTURE1": "A", "INSTALL_DA": "2007-08-02T00:00:00", "REMOVAL_DA": "2014-08-03T00:00:00" }, "geometry": { "type": "Point", "coordinates": [ -88.703569176003157, 29.695768105126003 ] } },
{ "type": "Feature", "properties": { "STRUCTURE_": 1, "COMPLEX_ID": 1948, "STRUCTURE1": "G", "INSTALL_DA": "2006-08-05T00:00:00", "REMOVAL_DA": "2018-03-02T00:00:00" }, "geometry": { "type": "Point", "coordinates": [ -89.835655545366251, 29.127814595840395 ] } },
{ "type": "Feature", "properties": { "STRUCTURE_": 1, "COMPLEX_ID": 1825, "STRUCTURE1": "B", "INSTALL_DA": "2006-02-05T00:00:00", "REMOVAL_DA": "2011-08-15T00:00:00" }, "geometry": { "type": "Point", "coordinates": [ -88.952981555105112, 29.535949190548667 ] } },
{ "type": "Feature", "properties": { "STRUCTURE_": 1, "COMPLEX_ID": 1900, "STRUCTURE1": "1", "INSTALL_DA": "2007-11-08T00:00:00", "REMOVAL_DA": "2010-01-14T00:00:00" }, "geometry": { "type": "Point", "coordinates": [ -88.773904146231871, 29.652285412695196 ] } },
{ "type": "Feature", "properties": { "STRUCTURE_": 1, "COMPLEX_ID": 1907, "STRUCTURE1": "3", "INSTALL_DA": "2007-08-02T00:00:00", "REMOVAL_DA": "2011-08-13T00:00:00" }, "geometry": { "type": "Point", "coordinates": [ -88.928828925480019, 29.550355551396212 ] } },
{ "type": "Feature", "properties": { "STRUCTURE_": 1, "COMPLEX_ID": 2035, "STRUCTURE1": "FF", "INSTALL_DA": "2007-04-23T00:00:00", "REMOVAL_DA": null }, "geometry": { "type": "Point", "coordinates": [ -89.804532206588831, 28.950517875023454 ] } },
{ "type": "Feature", "properties": { "STRUCTURE_": 1, "COMPLEX_ID": 1956, "STRUCTURE1": "A", "INSTALL_DA": "2006-09-01T00:00:00", "REMOVAL_DA": "2018-10-26T00:00:00" }, "geometry": { "type": "Point", "coordinates": [ -89.368114335008656, 28.899606842005031 ] } },
{ "type": "Feature", "properties": { "STRUCTURE_": 1, "COMPLEX_ID": 1914, "STRUCTURE1": "G", "INSTALL_DA": "2006-10-15T00:00:00", "REMOVAL_DA": null }, "geometry": { "type": "Point", "coordinates": [ -88.805406296908714, 29.336184238110292 ] } },
{ "type": "Feature", "properties": { "STRUCTURE_": 1, "COMPLEX_ID": 2041, "STRUCTURE1": "A", "INSTALL_DA": "2007-05-23T00:00:00", "REMOVAL_DA": null }, "geometry": { "type": "Point", "coordinates": [ -88.676816476145774, 29.476512739153183 ] } },
{ "type": "Feature", "properties": { "STRUCTURE_": 1, "COMPLEX_ID": 2067, "STRUCTURE1": "1", "INSTALL_DA": null, "REMOVAL_DA": null }, "geometry": { "type": "Point", "coordinates": [ -88.767994908051023, 29.418328854582899 ] } },
{ "type": "Feature", "properties": { "STRUCTURE_": 1, "COMPLEX_ID": 2077, "STRUCTURE1": "3", "INSTALL_DA": null, "REMOVAL_DA": null }, "geometry": { "type": "Point", "coordinates": [ -88.648724254710189, 29.51809954304326 ] } },
{ "type": "Feature", "properties": { "STRUCTURE_": 1, "COMPLEX_ID": 2070, "STRUCTURE1": "A", "INSTALL_DA": "2007-10-15T00:00:00", "REMOVAL_DA": "2019-06-19T00:00:00" }, "geometry": { "type": "Point", "coordinates": [ -89.840921167409633, 29.050729027111114 ] } },
{ "type": "Feature", "properties": { "STRUCTURE_": 1, "COMPLEX_ID": 2081, "STRUCTURE1": "1", "INSTALL_DA": "2007-08-15T00:00:00", "REMOVAL_DA": "2017-07-03T00:00:00" }, "geometry": { "type": "Point", "coordinates": [ -88.809685050375194, 29.50650674022561 ] } },
{ "type": "Feature", "properties": { "STRUCTURE_": 1, "COMPLEX_ID": 2107, "STRUCTURE1": "37", "INSTALL_DA": "2007-09-01T00:00:00", "REMOVAL_DA": null }, "geometry": { "type": "Point", "coordinates": [ -89.611373672486039, 29.148068425756218 ] } },
{ "type": "Feature", "properties": { "STRUCTURE_": 1, "COMPLEX_ID": 2129, "STRUCTURE1": "18", "INSTALL_DA": "2008-04-20T00:00:00", "REMOVAL_DA": null }, "geometry": { "type": "Point", "coordinates": [ -89.55460760540592, 29.136644619326894 ] } },
{ "type": "Feature", "properties": { "STRUCTURE_": 1, "COMPLEX_ID": 2160, "STRUCTURE1": "B", "INSTALL_DA": "2008-09-23T00:00:00", "REMOVAL_DA": "2018-06-23T00:00:00" }, "geometry": { "type": "Point", "coordinates": [ -88.766833844692485, 29.421221746228941 ] } },
{ "type": "Feature", "properties": { "STRUCTURE_": 2, "COMPLEX_ID": 1607, "STRUCTURE1": "G-AUX", "INSTALL_DA": "2008-05-28T00:00:00", "REMOVAL_DA": "2016-08-27T00:00:00" }, "geometry": { "type": "Point", "coordinates": [ -88.881921237935828, 29.558618248218796 ] } },
{ "type": "Feature", "properties": { "STRUCTURE_": 1, "COMPLEX_ID": 2226, "STRUCTURE1": "E", "INSTALL_DA": "2008-10-14T00:00:00", "REMOVAL_DA": null }, "geometry": { "type": "Point", "coordinates": [ -88.684828331171275, 29.552948272031642 ] } },
{ "type": "Feature", "properties": { "STRUCTURE_": 1, "COMPLEX_ID": 2233, "STRUCTURE1": "E", "INSTALL_DA": "2009-06-13T00:00:00", "REMOVAL_DA": null }, "geometry": { "type": "Point", "coordinates": [ -88.593142772926527, 29.420142587152409 ] } },
{ "type": "Feature", "properties": { "STRUCTURE_": 1, "COMPLEX_ID": 2234, "STRUCTURE1": "D", "INSTALL_DA": "2009-06-13T00:00:00", "REMOVAL_DA": null }, "geometry": { "type": "Point", "coordinates": [ -88.575790858620977, 29.434398197536961 ] } },
{ "type": "Feature", "properties": { "STRUCTURE_": 1, "COMPLEX_ID": 2257, "STRUCTURE1": "A", "INSTALL_DA": "2008-12-24T00:00:00", "REMOVAL_DA": "2022-09-10T00:00:00" }, "geometry": { "type": "Point", "coordinates": [ -88.885459418190891, 29.35319851604158 ] } },
{ "type": "Feature", "properties": { "STRUCTURE_": 1, "COMPLEX_ID": 2333, "STRUCTURE1": "F", "INSTALL_DA": "1982-01-01T00:00:00", "REMOVAL_DA": null }, "geometry": { "type": "Point", "coordinates": [ -88.955372183640691, 29.064285110782418 ] } },
{ "type": "Feature", "properties": { "STRUCTURE_": 1, "COMPLEX_ID": 2343, "STRUCTURE1": "A", "INSTALL_DA": "2010-02-26T00:00:00", "REMOVAL_DA": null }, "geometry": { "type": "Point", "coordinates": [ -88.383371466612601, 29.719995103492 ] } },
{ "type": "Feature", "properties": { "STRUCTURE_": 1, "COMPLEX_ID": 2369, "STRUCTURE1": "(NO INSTALL)", "INSTALL_DA": null, "REMOVAL_DA": null }, "geometry": { "type": "Point", "coordinates": [ -88.926444406930472, 29.569210709691447 ] } },
{ "type": "Feature", "properties": { "STRUCTURE_": 1, "COMPLEX_ID": 2374, "STRUCTURE1": "B-Newfield", "INSTALL_DA": "2010-05-13T00:00:00", "REMOVAL_DA": null }, "geometry": { "type": "Point", "coordinates": [ -89.752056287356453, 28.956780398627462 ] } },
{ "type": "Feature", "properties": { "STRUCTURE_": 1, "COMPLEX_ID": 2395, "STRUCTURE1": "A", "INSTALL_DA": "2010-09-30T00:00:00", "REMOVAL_DA": null }, "geometry": { "type": "Point", "coordinates": [ -88.600996193603464, 29.576473035641769 ] } },
{ "type": "Feature", "properties": { "STRUCTURE_": 1, "COMPLEX_ID": 2400, "STRUCTURE1": "I", "INSTALL_DA": "2010-12-21T00:00:00", "REMOVAL_DA": null }, "geometry": { "type": "Point", "coordinates": [ -88.934618226771192, 29.359552702306519 ] } },
{ "type": "Feature", "properties": { "STRUCTURE_": 1, "COMPLEX_ID": 2418, "STRUCTURE1": "A", "INSTALL_DA": null, "REMOVAL_DA": null }, "geometry": { "type": "Point", "coordinates": [ -88.603098867070401, 29.171883363619536 ] } },
{ "type": "Feature", "properties": { "STRUCTURE_": 1, "COMPLEX_ID": 2431, "STRUCTURE1": "#8", "INSTALL_DA": "2011-11-04T00:00:00", "REMOVAL_DA": null }, "geometry": { "type": "Point", "coordinates": [ -88.642219023967115, 29.555980583153627 ] } },
{ "type": "Feature", "properties": { "STRUCTURE_": 1, "COMPLEX_ID": 2430, "STRUCTURE1": "A", "INSTALL_DA": "2011-09-30T00:00:00", "REMOVAL_DA": null }, "geometry": { "type": "Point", "coordinates": [ -88.603098867070401, 29.171883363619536 ] } },
{ "type": "Feature", "properties": { "STRUCTURE_": 1, "COMPLEX_ID": 2443, "STRUCTURE1": "D", "INSTALL_DA": "2011-10-19T00:00:00", "REMOVAL_DA": "2022-06-19T00:00:00" }, "geometry": { "type": "Point", "coordinates": [ -89.621676782176692, 28.920402832311844 ] } },
{ "type": "Feature", "properties": { "STRUCTURE_": 1, "COMPLEX_ID": 2468, "STRUCTURE1": "B", "INSTALL_DA": "2012-11-01T00:00:00", "REMOVAL_DA": null }, "geometry": { "type": "Point", "coordinates": [ -89.542380573218651, 29.134400715600172 ] } },
{ "type": "Feature", "properties": { "STRUCTURE_": 1, "COMPLEX_ID": 90245, "STRUCTURE1": "SSMANIFO N1 SLE", "INSTALL_DA": null, "REMOVAL_DA": null }, "geometry": { "type": "Point", "coordinates": [ -88.435531918114663, 28.59814782733751 ] } },
{ "type": "Feature", "properties": { "STRUCTURE_": 1, "COMPLEX_ID": 90246, "STRUCTURE1": "SSMANIFO N2 Sle", "INSTALL_DA": null, "REMOVAL_DA": null }, "geometry": { "type": "Point", "coordinates": [ -88.435498756373718, 28.59855854550888 ] } },
{ "type": "Feature", "properties": { "STRUCTURE_": 1, "COMPLEX_ID": 90247, "STRUCTURE1": "SSMANIFO Sled N", "INSTALL_DA": null, "REMOVAL_DA": null }, "geometry": { "type": "Point", "coordinates": [ -88.339081061751742, 28.569246585261443 ] } },
{ "type": "Feature", "properties": { "STRUCTURE_": 1, "COMPLEX_ID": 90251, "STRUCTURE1": "East Plet", "INSTALL_DA": null, "REMOVAL_DA": null }, "geometry": { "type": "Point", "coordinates": [ -88.595886041541419, 28.702048128163533 ] } },
{ "type": "Feature", "properties": { "STRUCTURE_": 1, "COMPLEX_ID": 90257, "STRUCTURE1": "PLET", "INSTALL_DA": null, "REMOVAL_DA": null }, "geometry": { "type": "Point", "coordinates": [ -88.221123642701315, 29.177395436500223 ] } },
{ "type": "Feature", "properties": { "STRUCTURE_": 1, "COMPLEX_ID": 90258, "STRUCTURE1": "PLET", "INSTALL_DA": null, "REMOVAL_DA": null }, "geometry": { "type": "Point", "coordinates": [ -88.396016979386118, 29.123076926387029 ] } },
{ "type": "Feature", "properties": { "STRUCTURE_": 1, "COMPLEX_ID": 90279, "STRUCTURE1": "well#1 PLET", "INSTALL_DA": null, "REMOVAL_DA": null }, "geometry": { "type": "Point", "coordinates": [ -88.929706967662781, 28.74112548648414 ] } },
{ "type": "Feature", "properties": { "STRUCTURE_": 1, "COMPLEX_ID": 90280, "STRUCTURE1": "West Plet", "INSTALL_DA": null, "REMOVAL_DA": null }, "geometry": { "type": "Point", "coordinates": [ -88.595906851516517, 28.702060318395613 ] } },
{ "type": "Feature", "properties": { "STRUCTURE_": 1, "COMPLEX_ID": 90314, "STRUCTURE1": "PLEM #3", "INSTALL_DA": null, "REMOVAL_DA": null }, "geometry": { "type": "Point", "coordinates": [ -88.366925682347741, 28.733425480475461 ] } },
{ "type": "Feature", "properties": { "STRUCTURE_": 1, "COMPLEX_ID": 2511, "STRUCTURE1": "10", "INSTALL_DA": "2012-12-14T00:00:00", "REMOVAL_DA": "2017-06-28T00:00:00" }, "geometry": { "type": "Point", "coordinates": [ -88.830527996464085, 29.457594142059101 ] } },
{ "type": "Feature", "properties": { "STRUCTURE_": 1, "COMPLEX_ID": 2525, "STRUCTURE1": "A", "INSTALL_DA": "2013-03-27T00:00:00", "REMOVAL_DA": "2019-07-04T00:00:00" }, "geometry": { "type": "Point", "coordinates": [ -88.339099359971712, 29.552810059083999 ] } },
{ "type": "Feature", "properties": { "STRUCTURE_": 1, "COMPLEX_ID": 2532, "STRUCTURE1": "A", "INSTALL_DA": "2013-07-10T00:00:00", "REMOVAL_DA": null }, "geometry": { "type": "Point", "coordinates": [ -88.989764959383919, 29.542036320626817 ] } },
{ "type": "Feature", "properties": { "STRUCTURE_": 2, "COMPLEX_ID": 22103, "STRUCTURE1": "Heater Plf #1", "INSTALL_DA": "1978-01-01T00:00:00", "REMOVAL_DA": "2020-06-13T00:00:00" }, "geometry": { "type": "Point", "coordinates": [ -89.135529057122341, 29.428843229581933 ] } },
{ "type": "Feature", "properties": { "STRUCTURE_": 3, "COMPLEX_ID": 22103, "STRUCTURE1": "Heater Plf #2", "INSTALL_DA": "2005-01-01T00:00:00", "REMOVAL_DA": "2020-06-05T00:00:00" }, "geometry": { "type": "Point", "coordinates": [ -89.135369011964571, 29.428978064592389 ] } },
{ "type": "Feature", "properties": { "STRUCTURE_": 4, "COMPLEX_ID": 22103, "STRUCTURE1": "Flare Structure", "INSTALL_DA": "1978-01-01T00:00:00", "REMOVAL_DA": "2020-06-16T00:00:00" }, "geometry": { "type": "Point", "coordinates": [ -89.135271779553747, 29.429113951106011 ] } },
{ "type": "Feature", "properties": { "STRUCTURE_": 1, "COMPLEX_ID": 2535, "STRUCTURE1": "19", "INSTALL_DA": "2014-04-02T00:00:00", "REMOVAL_DA": null }, "geometry": { "type": "Point", "coordinates": [ -89.572642779386641, 29.145879593718774 ] } },
{ "type": "Feature", "properties": { "STRUCTURE_": 3, "COMPLEX_ID": 23846, "STRUCTURE1": "C", "INSTALL_DA": "2013-06-20T00:00:00", "REMOVAL_DA": null }, "geometry": { "type": "Point", "coordinates": [ -89.552135280494952, 28.661883561865412 ] } },
{ "type": "Feature", "properties": { "STRUCTURE_": 1, "COMPLEX_ID": 2537, "STRUCTURE1": "DD", "INSTALL_DA": "2013-12-24T00:00:00", "REMOVAL_DA": null }, "geometry": { "type": "Point", "coordinates": [ -89.561203044122976, 29.119490298526699 ] } },
{ "type": "Feature", "properties": { "STRUCTURE_": 1, "COMPLEX_ID": 2561, "STRUCTURE1": "A", "INSTALL_DA": "2014-01-18T00:00:00", "REMOVAL_DA": "2017-01-15T00:00:00" }, "geometry": { "type": "Point", "coordinates": [ -89.561048467045978, 29.011284559594319 ] } },
{ "type": "Feature", "properties": { "STRUCTURE_": 1, "COMPLEX_ID": 2569, "STRUCTURE1": "J", "INSTALL_DA": "2014-03-06T00:00:00", "REMOVAL_DA": null }, "geometry": { "type": "Point", "coordinates": [ -89.610714726683071, 29.136239152511415 ] } },
{ "type": "Feature", "properties": { "STRUCTURE_": 1, "COMPLEX_ID": 2570, "STRUCTURE1": "C", "INSTALL_DA": "2014-12-14T00:00:00", "REMOVAL_DA": null }, "geometry": { "type": "Point", "coordinates": [ -88.265222837402135, 29.358135247675477 ] } },
{ "type": "Feature", "properties": { "STRUCTURE_": 1, "COMPLEX_ID": 2513, "STRUCTURE1": "A (Delta House)", "INSTALL_DA": "2014-10-08T00:00:00", "REMOVAL_DA": null }, "geometry": { "type": "Point", "coordinates": [ -88.267348369177924, 28.754762069377485 ] } },
{ "type": "Feature", "properties": { "STRUCTURE_": 1, "COMPLEX_ID": 2704, "STRUCTURE1": "316", "INSTALL_DA": "1955-01-01T00:00:00", "REMOVAL_DA": null }, "geometry": { "type": "Point", "coordinates": [ -89.262178277248239, 28.996311022458364 ] } },
{ "type": "Feature", "properties": { "STRUCTURE_": 2, "COMPLEX_ID": 1093, "STRUCTURE1": "E-AUX", "INSTALL_DA": "2018-10-14T00:00:00", "REMOVAL_DA": null }, "geometry": { "type": "Point", "coordinates": [ -89.395865254841027, 28.696917476605375 ] } },
{ "type": "Feature", "properties": { "STRUCTURE_": 1, "COMPLEX_ID": 2644, "STRUCTURE1": "B", "INSTALL_DA": "2017-11-02T00:00:00", "REMOVAL_DA": null }, "geometry": { "type": "Point", "coordinates": [ -88.539478788766971, 29.322575084793868 ] } },
{ "type": "Feature", "properties": { "STRUCTURE_": 1, "COMPLEX_ID": 2201, "STRUCTURE1": "D", "INSTALL_DA": "2008-07-31T00:00:00", "REMOVAL_DA": "2025-10-16T00:00:00" }, "geometry": { "type": "Point", "coordinates": [ -88.687158889803342, 29.554758535038083 ] } },
{ "type": "Feature", "properties": { "STRUCTURE_": 1, "COMPLEX_ID": 2206, "STRUCTURE1": "E", "INSTALL_DA": "2009-01-15T00:00:00", "REMOVAL_DA": "2025-10-29T00:00:00" }, "geometry": { "type": "Point", "coordinates": [ -88.690130690914231, 29.54717442526562 ] } },
{ "type": "Feature", "properties": { "STRUCTURE_": 2, "COMPLEX_ID": 20319, "STRUCTURE1": "E", "INSTALL_DA": "1980-01-01T00:00:00", "REMOVAL_DA": null }, "geometry": { "type": "Point", "coordinates": [ -88.966920714319016, 29.044320268944105 ] } },
{ "type": "Feature", "properties": { "STRUCTURE_": 1, "COMPLEX_ID": 20300, "STRUCTURE1": "9 Z", "INSTALL_DA": "1959-01-01T00:00:00", "REMOVAL_DA": null }, "geometry": { "type": "Point", "coordinates": [ -89.246105474208591, 28.974852780376551 ] } },
{ "type": "Feature", "properties": { "STRUCTURE_": 1, "COMPLEX_ID": 20359, "STRUCTURE1": "66", "INSTALL_DA": "1962-01-01T00:00:00", "REMOVAL_DA": null }, "geometry": { "type": "Point", "coordinates": [ -89.263110954836606, 28.963105140342972 ] } },
{ "type": "Feature", "properties": { "STRUCTURE_": 1, "COMPLEX_ID": 20400, "STRUCTURE1": "79", "INSTALL_DA": "1964-01-01T00:00:00", "REMOVAL_DA": null }, "geometry": { "type": "Point", "coordinates": [ -89.26255594227753, 28.96882496156509 ] } },
{ "type": "Feature", "properties": { "STRUCTURE_": 1, "COMPLEX_ID": 20682, "STRUCTURE1": "122", "INSTALL_DA": "1962-01-01T00:00:00", "REMOVAL_DA": null }, "geometry": { "type": "Point", "coordinates": [ -89.242331366759132, 28.976139741809959 ] } },
{ "type": "Feature", "properties": { "STRUCTURE_": 1, "COMPLEX_ID": 21166, "STRUCTURE1": "3", "INSTALL_DA": "1973-01-01T00:00:00", "REMOVAL_DA": null }, "geometry": { "type": "Point", "coordinates": [ -89.244004144689768, 28.976634116218293 ] } },
{ "type": "Feature", "properties": { "STRUCTURE_": 1, "COMPLEX_ID": 2721, "STRUCTURE1": "BG", "INSTALL_DA": "2023-02-21T00:00:00", "REMOVAL_DA": null }, "geometry": { "type": "Point", "coordinates": [ -88.883127402982993, 29.417476568312924 ] } },
{ "type": "Feature", "properties": { "STRUCTURE_": 1, "COMPLEX_ID": 20313, "STRUCTURE1": "10", "INSTALL_DA": "1961-01-01T00:00:00", "REMOVAL_DA": null }, "geometry": { "type": "Point", "coordinates": [ -89.241966355496288, 28.974763785020038 ] } },
{ "type": "Feature", "properties": { "STRUCTURE_": 1, "COMPLEX_ID": 20318, "STRUCTURE1": "18", "INSTALL_DA": "1960-01-01T00:00:00", "REMOVAL_DA": null }, "geometry": { "type": "Point", "coordinates": [ -89.262762947645072, 28.967857991733663 ] } },
{ "type": "Feature", "properties": { "STRUCTURE_": 1, "COMPLEX_ID": 21229, "STRUCTURE1": "V", "INSTALL_DA": "1960-01-01T00:00:00", "REMOVAL_DA": null }, "geometry": { "type": "Point", "coordinates": [ -89.264199990667564, 28.970976893478216 ] } }
]
}
