{
  "type": "FeatureCollection",
  "metadata": {
    "module": "Oil Spill Backtracking & Origin Identification",
    "generated_at": "2026-09-24T17:30:06.719870Z",
    "total_backtrack_hours": 24,
    "warning": null
  },
  "features": [
    {
      "type": "Feature",
      "geometry": {
        "type": "Polygon",
        "coordinates": [
          [
            [
              41.87,
              15.052
            ],
            [
              41.845,
              15.11
            ],
            [
              41.815,
              15.18
            ],
            [
              41.785,
              15.245
            ],
            [
              41.752,
              15.305
            ],
            [
              41.745,
              15.295
            ],
            [
              41.775,
              15.23
            ],
            [
              41.805,
              15.165
            ],
            [
              41.835,
              15.098
            ],
            [
              41.865,
              15.048
            ],
            [
              41.87,
              15.052
            ]
          ]
        ]
      },
      "properties": {
        "layer": "detection_footprint",
        "timestamp": "2024-08-23T03:30:00+00:00",
        "hours_prior": 0.0,
        "incident_name": "Oil Spill Detection"
      }
    },
    {
      "type": "Feature",
      "geometry": {
        "type": "Polygon",
        "coordinates": [
          [
            [
              41.81858866015249,
              15.080292227907298
            ],
            [
              41.81807933575488,
              15.08030649456495
            ],
            [
              41.817574107874066,
              15.080372522346785
            ],
            [
              41.81707822309707,
              15.080489625581022
            ],
            [
              41.816596830986555,
              15.080656588197977
            ],
            [
              41.81613493060471,
              15.080871676358463
            ],
            [
              41.81569731860003,
              15.081132656459006
            ],
            [
              41.81528853939601,
              15.08143681832691
            ],
            [
              41.81491283799921,
              15.08178100336431
            ],
            [
              41.81457411591654,
              15.08216163734892
            ],
            [
              41.8070439035142,
              15.091545792622357
            ],
            [
              41.80673821549284,
              15.091970491740346
            ],
            [
              41.80647858732144,
              15.092424812904108
            ],
            [
              41.80626786259841,
              15.092903780124619
            ],
            [
              41.77118409184646,
              15.185516046665146
            ],
            [
              41.771177245896304,
              15.185534224746561
            ],
            [
              41.73681063823029,
              15.277328238723612
            ],
            [
              41.73667000644996,
              15.2777635578704
            ],
            [
              41.72444008701637,
              15.322526169259561
            ],
            [
              41.724327282129586,
              15.323046665791075
            ],
            [
              41.72427047970373,
              15.323576208108756
            ],
            [
              41.7242703242,
              15.324108788203782
            ],
            [
              41.72432681738268,
              15.324638363601728
            ],
            [
              41.72443931829915,
              15.325158925918453
            ],
            [
              41.726674730896804,
              15.33335957136523
            ],
            [
              41.72683621995688,
              15.333850455686319
            ],
            [
              41.7270475131027,
              15.334322050151666
            ],
            [
              41.727306353333546,
              15.334769317262134
            ],
            [
              41.72760997575812,
              15.335187479379634
            ],
            [
              41.727955137128646,
              15.335572069761097
            ],
            [
              41.72833815048474,
              15.33591898027156
            ],
            [
              41.735429672701535,
              15.34170396867488
            ],
            [
              41.73581759771398,
              15.34199041333199
            ],
            [
              41.73623131233633,
              15.342238156279679
            ],
            [
              41.73666696842093,
              15.342444893148247
            ],
            [
              41.73712051373263,
              15.342608700984163
            ],
            [
              41.73758772964045,
              15.342728056136332
            ],
            [
              41.73806427035699,
              15.342801848428262
            ],
            [
              41.73854570336057,
              15.342829391484328
            ],
            [
              41.739027550624115,
              15.34281042911405
            ],
            [
              41.75212722103427,
              15.341660297888463
            ],
            [
              41.75262582962558,
              15.341591083208655
            ],
            [
              41.75311495169967,
              15.34147208406639
            ],
            [
              41.75358962949174,
              15.341304506642688
            ],
            [
              41.75404505164493,
              15.341090049510347
            ],
            [
              41.75447660197844,
              15.340830886417153
            ],
            [
              41.75487990627738,
              15.34052964425265
            ],
            [
              41.75525087663005,
              15.340189376421865
            ],
            [
              41.75558575286315,
              15.339813531895855
            ],
            [
              41.755881140655106,
              15.339405920252764
            ],
            [
              41.75613404594111,
              15.338970673063757
            ],
            [
              41.75634190526104,
              15.338512202015226
            ],
            [
              41.802644700671195,
              15.220983286609952
            ],
            [
              41.8027770276287,
              15.22060321985019
            ],
            [
              41.83482048465995,
              15.115069619996675
            ],
            [
              41.834955369223486,
              15.114512160304173
            ],
            [
              41.83647743343247,
              15.10614843654929
            ],
            [
              41.83653617451495,
              15.105722307981358
            ],
            [
              41.83655807160738,
              15.105292707482615
            ],
            [
              41.83668014191988,
              15.089836507836619
            ],
            [
              41.83666084179839,
              15.089356359098291
            ],
            [
              41.8365955383238,
              15.08888028057345
            ],
            [
              41.83648483467898,
              15.08841266961482
            ],
            [
              41.83632975339056,
              15.087957845363498
            ],
            [
              41.836131726884275,
              15.087520008854723
            ],
            [
              41.835892584254175,
              15.087103204214543
            ],
            [
              41.83561453436799,
              15.086711281305794
            ],
            [
              41.835300145464714,
              15.086347860168406
            ],
            [
              41.834952321432716,
              15.086016297582498
            ],
            [
              41.83457427498771,
              15.085719656063103
            ],
            [
              41.83416949799812,
              15.08546067557291
            ],
            [
              41.83374172923202,
              15.085241748214278
            ],
            [
              41.83329491982363,
              15.085064896134323
            ],
            [
              41.820088437890035,
              15.080558784989304
            ],
            [
              41.81959845437217,
              15.080419031521576
            ],
            [
              41.819096791939224,
              15.080329870527297
            ],
            [
              41.81858866015249,
              15.080292227907298
            ]
          ]
        ]
      },
      "properties": {
        "layer": "primary_origin_candidate",
        "timestamp": "2024-08-22T23:51:05.855602+00:00 to 2024-08-23T01:18:39.513361+00:00",
        "hours_prior": 2.9,
        "centroid_latitude": 15.157045459747316,
        "centroid_longitude": 41.79927749633789,
        "solver_method": "morphology_diffusion_correlated",
        "confidence_level": "high",
        "description": "High-confidence origin search area for AIS vessel matching"
      }
    },
    {
      "type": "Feature",
      "geometry": {
        "type": "Polygon",
        "coordinates": [
          [
            [
              41.86921537286892,
              15.045721147935458
            ],
            [
              41.86883086096299,
              15.04539070067185
            ],
            [
              41.86841486180581,
              15.045100891249891
            ],
            [
              41.86797165261419,
              15.044854699429772
            ],
            [
              41.867505790372846,
              15.04465465650458
            ],
            [
              41.86702206498044,
              15.044502819274062
            ],
            [
              41.866525450000836,
              15.044400748897038
            ],
            [
              41.86602105152596,
              15.044349494839894
            ],
            [
              41.86551405567601,
              15.044349584086184
            ],
            [
              41.86500967527686,
              15.044401015718297
            ],
            [
              41.864513096262854,
              15.044503260926888
            ],
            [
              41.864029424356126,
              15.04465526844799
            ],
            [
              41.86356363257061,
              15.044855475371891
            ],
            [
              41.86312051008056,
              15.045101823212645
            ],
            [
              41.86270461297925,
              15.045391779072993
            ],
            [
              41.86232021743416,
              15.04572236168709
            ],
            [
              41.85947826797127,
              15.048428889397051
            ],
            [
              41.85916722031115,
              15.048752980523258
            ],
            [
              41.858886515271145,
              15.049103680374222
            ],
            [
              41.85863841854183,
              15.049478158301282
            ],
            [
              41.83592189632503,
              15.087359055823255
            ],
            [
              41.835783340726245,
              15.08760566156943
            ],
            [
              41.83009944180046,
              15.098427957712008
            ],
            [
              41.82726002271919,
              15.103841552797304
            ],
            [
              41.82714138858023,
              15.104083356996512
            ],
            [
              41.750382050201324,
              15.27181654944036
            ],
            [
              41.7502102486999,
              15.272242702505915
            ],
            [
              41.747364484539744,
              15.280358470938532
            ],
            [
              41.74722805114053,
              15.280816622765105
            ],
            [
              41.74713599370571,
              15.28128570974777
            ],
            [
              41.74708915370344,
              15.281761444109364
            ],
            [
              41.747087959283526,
              15.282239477311112
            ],
            [
              41.74713242136378,
              15.282715439801265
            ],
            [
              41.74722213353025,
              15.283184980955797
            ],
            [
              41.74735627575213,
              15.283643808846103
            ],
            [
              41.747533621877395,
              15.284087729470164
            ],
            [
              41.74775255084066,
              15.28451268508862
            ],
            [
              41.748011061480845,
              15.284914791315282
            ],
            [
              41.74830679083319,
              15.285290372623091
            ],
            [
              41.74863703572831,
              15.28563599594097
            ],
            [
              41.751482799888464,
              15.28834252365093
            ],
            [
              41.75184208805666,
              15.288653105777223
            ],
            [
              41.75222922254196,
              15.28892819873474
            ],
            [
              41.75264071062872,
              15.289165320643122
            ],
            [
              41.753072839883856,
              15.289362332195676
            ],
            [
              41.753521711650265,
              15.289517455960125
            ],
            [
              41.753983276220445,
              15.28962929241455
            ],
            [
              41.75445336937277,
              15.289696832573835
            ],
            [
              41.754927749941025,
              15.289719467092706
            ],
            [
              41.760611648866806,
              15.289720420767022
            ],
            [
              41.761086026759294,
              15.289697946412161
            ],
            [
              41.76155613258246,
              15.289630566915806
            ],
            [
              41.762017725239374,
              15.289518890147425
            ],
            [
              41.76246664043528,
              15.289363923607835
            ],
            [
              41.76289882824616,
              15.289167065339957
            ],
            [
              41.76331038965543,
              15.288930091316256
            ],
            [
              41.76369761172921,
              15.288655139416672
            ],
            [
              41.76405700111287,
              15.288344690141557
            ],
            [
              41.766902765273024,
              15.285640069780229
            ],
            [
              41.76719026119335,
              15.285343278053896
            ],
            [
              41.76745226909786,
              15.28502376108878
            ],
            [
              41.76768699958541,
              15.284683701048145
            ],
            [
              41.77622047736861,
              15.271157738218555
            ],
            [
              41.776416896013785,
              15.270817476668507
            ],
            [
              41.77926266017394,
              15.265407282271534
            ],
            [
              41.79063881454771,
              15.243763214439559
            ],
            [
              41.793481490816724,
              15.238350683035062
            ],
            [
              41.79359773849366,
              15.238114434513898
            ],
            [
              41.813499014128425,
              15.194828110966535
            ],
            [
              41.81351541862256,
              15.194792054681947
            ],
            [
              41.82204126701123,
              15.175853990106752
            ],
            [
              41.82207415514335,
              15.175779315394719
            ],
            [
              41.867522458366004,
              15.07026002065595
            ],
            [
              41.867540454314494,
              15.07021770413867
            ],
            [
              41.87322053854301,
              15.056688880286131
            ],
            [
              41.87338982558258,
              15.05622194909652
            ],
            [
              41.873511952354725,
              15.055740526320653
            ],
            [
              41.87358571379632,
              15.055249362307993
            ],
            [
              41.87361038208008,
              15.054753303527832
            ],
            [
              41.87361038208008,
              15.052047729492188
            ],
            [
              41.87358476543314,
              15.051542249268229
            ],
            [
              41.87350817797735,
              15.051041948527642
            ],
            [
              41.87338140447825,
              15.050551953681403
            ],
            [
              41.87320574394062,
              15.050077285539503
            ],
            [
              41.87298299629805,
              15.049622807864425
            ],
            [
              41.872715443969625,
              15.049193177533828
            ],
            [
              41.872405828472765,
              15.048792796823108
            ],
            [
              41.87205732233181,
              15.048425768296786
            ],
            [
              41.86921537286892,
              15.045721147935458
            ]
          ]
        ]
      },
      "properties": {
        "layer": "hourly_backtrack_corridor",
        "step_index": 0,
        "timestamp": "2024-08-23T03:30:00Z",
        "hours_prior": 0,
        "active_particles": 500,
        "centroid_latitude": 15.054429378509521,
        "centroid_longitude": 41.866166000366206
      }
    },
    {
      "type": "Feature",
      "geometry": {
        "type": "Polygon",
        "coordinates": [
          [
            [
              41.851012949983605,
              15.073726237219475
            ],
            [
              41.850522021608086,
              15.073560101237971
            ],
            [
              41.85001653284347,
              15.073445676839007
            ],
            [
              41.84950191490031,
              15.073384193452492
            ],
            [
              41.8489836970774,
              15.073376311685033
            ],
            [
              41.84846744735234,
              15.073422116222071
            ],
            [
              41.847958712556554,
              15.073521114917979
            ],
            [
              41.8474629587775,
              15.073672244083902
            ],
            [
              41.8404935068732,
              15.076198527348062
            ],
            [
              41.83999180286816,
              15.076412005480034
            ],
            [
              41.839516326260565,
              15.07667884216628
            ],
            [
              41.834362670254706,
              15.079952806094502
            ],
            [
              41.83394401162674,
              15.080249996384454
            ],
            [
              41.83355803641121,
              15.08058855250714
            ],
            [
              41.833208814286245,
              15.080964904765864
            ],
            [
              41.832900027409636,
              15.08137508494584
            ],
            [
              41.83263493159458,
              15.081814768154585
            ],
            [
              41.824646955520365,
              15.096747400600874
            ],
            [
              41.824594267428566,
              15.096848657331314
            ],
            [
              41.8215386949188,
              15.102888276777115
            ],
            [
              41.821525702035444,
              15.102914144017653
            ],
            [
              41.807209143197554,
              15.131623555638747
            ],
            [
              41.80459982211472,
              15.136856503287593
            ],
            [
              41.80448514057423,
              15.137103065984014
            ],
            [
              41.76705533100392,
              15.223656639592413
            ],
            [
              41.76701033276118,
              15.223764114849557
            ],
            [
              41.733700396237744,
              15.305999451153268
            ],
            [
              41.73354945243506,
              15.306426818269578
            ],
            [
              41.73343782897038,
              15.30686609823248
            ],
            [
              41.73336644306123,
              15.30731368144893
            ],
            [
              41.73333588129043,
              15.307765890097496
            ],
            [
              41.73334639478612,
              15.30821900834926
            ],
            [
              41.733397897158184,
              15.30866931290103
            ],
            [
              41.734843667421856,
              15.317672952122221
            ],
            [
              41.734937968972815,
              15.318125460929956
            ],
            [
              41.73507365551833,
              15.31856732761229
            ],
            [
              41.73524956744316,
              15.318994775852769
            ],
            [
              41.73546420135473,
              15.319404152558986
            ],
            [
              41.7357157229315,
              15.319791959082924
            ],
            [
              41.73600198259962,
              15.320154881121388
            ],
            [
              41.73632053390375,
              15.320489817040965
            ],
            [
              41.740413704069766,
              15.32441323317866
            ],
            [
              41.7408011327702,
              15.32474825486804
            ],
            [
              41.74122080273796,
              15.325041883287021
            ],
            [
              41.74166831011537,
              15.3252910372102
            ],
            [
              41.74213895892953,
              15.325493102110682
            ],
            [
              41.74262781037005,
              15.325645957595945
            ],
            [
              41.751153658758724,
              15.32783940852368
            ],
            [
              41.75162892317036,
              15.327937366144273
            ],
            [
              41.75211144502934,
              15.32798879193546
            ],
            [
              41.752596679521034,
              15.327993201523975
            ],
            [
              41.75308005628083,
              15.32795055337644
            ],
            [
              41.753557022441875,
              15.327861249190562
            ],
            [
              41.75402308551797,
              15.327726130111598
            ],
            [
              41.75447385571774,
              15.327546468809702
            ],
            [
              41.754905087291554,
              15.327323957492805
            ],
            [
              41.75531271852171,
              15.32706069196791
            ],
            [
              41.75569290997929,
              15.326759151900946
            ],
            [
              41.75604208068722,
              15.326422177461092
            ],
            [
              41.75635694184914,
              15.326052942569573
            ],
            [
              41.75663452782609,
              15.325654925004882
            ],
            [
              41.756872224069525,
              15.325231873645999
            ],
            [
              41.780710267282416,
              15.277521454944827
            ],
            [
              41.78081144194287,
              15.277306313931334
            ],
            [
              41.789547098681155,
              15.257522340237486
            ],
            [
              41.789632755185686,
              15.257315992990916
            ],
            [
              41.856885867978654,
              15.084495901743358
            ],
            [
              41.85705156960332,
              15.0839927093288
            ],
            [
              41.85716310041276,
              15.083474809229331
            ],
            [
              41.85721920831914,
              15.082948015591057
            ],
            [
              41.857264984686324,
              15.082086847683343
            ],
            [
              41.857267806922096,
              15.081615894022077
            ],
            [
              41.857226305595454,
              15.081146764023078
            ],
            [
              41.85714084891498,
              15.080683619907454
            ],
            [
              41.857012195070524,
              15.080230570788284
            ],
            [
              41.85684148550636,
              15.07979163621369
            ],
            [
              41.85663023479402,
              15.079370710504554
            ],
            [
              41.85638031719476,
              15.078971528203272
            ],
            [
              41.854259345515075,
              15.075914048344874
            ],
            [
              41.85396178890642,
              15.075526932207016
            ],
            [
              41.85362789338298,
              15.07517068423302
            ],
            [
              41.85326084295698,
              15.074848701587037
            ],
            [
              41.852864137804225,
              15.074564054680627
            ],
            [
              41.85244156088666,
              15.074319457893479
            ],
            [
              41.85199714187814,
              15.074117243689201
            ],
            [
              41.851012949983605,
              15.073726237219475
            ]
          ]
        ]
      },
      "properties": {
        "layer": "hourly_backtrack_corridor",
        "step_index": 1,
        "timestamp": "2024-08-23T02:30:00Z",
        "hours_prior": 1,
        "active_particles": 500,
        "centroid_latitude": 15.244983291625976,
        "centroid_longitude": 41.77814079284668
      }
    },
    {
      "type": "Feature",
      "geometry": {
        "type": "Polygon",
        "coordinates": [
          [
            [
              41.83110463506901,
              15.088714464994009
            ],
            [
              41.830621903489366,
              15.088618278749442
            ],
            [
              41.83013205354774,
              15.088570023114308
            ],
            [
              41.8296398325087,
              15.088570165746654
            ],
            [
              41.82915001061569,
              15.088618705264192
            ],
            [
              41.82866733486146,
              15.0887151712577
            ],
            [
              41.82394855434388,
              15.089902495781626
            ],
            [
              41.823509761834025,
              15.090034555722843
            ],
            [
              41.82308490223188,
              15.090206232783759
            ],
            [
              41.82267754399603,
              15.090416085023366
            ],
            [
              41.82229110858851,
              15.09066234986169
            ],
            [
              41.82192884173742,
              15.090942958883957
            ],
            [
              41.82159378617557,
              15.09125555521352
            ],
            [
              41.82128875608415,
              15.091597513307606
            ],
            [
              41.81281249875993,
              15.102024988283192
            ],
            [
              41.812553284545636,
              15.102373816400588
            ],
            [
              41.81232534066772,
              15.102743836201274
            ],
            [
              41.81213038922453,
              15.103132252214303
            ],
            [
              41.79245036603117,
              15.147000317094674
            ],
            [
              41.79236348892732,
              15.14720616840389
            ],
            [
              41.75719198013826,
              15.236033301582601
            ],
            [
              41.75712818610912,
              15.236203378839432
            ],
            [
              41.72775120246654,
              15.31907100121492
            ],
            [
              41.727589431685224,
              15.319628021526023
            ],
            [
              41.72749325897186,
              15.32020002871293
            ],
            [
              41.72546384002655,
              15.338824334438028
            ],
            [
              41.72543483996415,
              15.33930098057786
            ],
            [
              41.725451442559624,
              15.339778219407021
            ],
            [
              41.72551349637568,
              15.340251697886098
            ],
            [
              41.72562043540074,
              15.340717097274961
            ],
            [
              41.725771284211675,
              15.341170172525306
            ],
            [
              41.725964666870944,
              15.341606791001013
            ],
            [
              41.72619881947694,
              15.342022970173174
            ],
            [
              41.72647160625307,
              15.342414913945934
            ],
            [
              41.7267805390288,
              15.342779047281834
            ],
            [
              41.72712279993504,
              15.343112048810804
            ],
            [
              41.72749526710675,
              15.343410881125383
            ],
            [
              41.72789454315842,
              15.343672818485826
            ],
            [
              41.72831698617267,
              15.343895471682405
            ],
            [
              41.7357937928133,
              15.347390688052034
            ],
            [
              41.73581945994603,
              15.347402598399444
            ],
            [
              41.7450891743015,
              15.351672198313995
            ],
            [
              41.74553142221167,
              15.351850849104308
            ],
            [
              41.74598868067713,
              15.351986547352968
            ],
            [
              41.746456788658314,
              15.352078058209614
            ],
            [
              41.746931486385336,
              15.352124548927938
            ],
            [
              41.74740845412181,
              15.352125596443674
            ],
            [
              41.747883351474336,
              15.352081191224455
            ],
            [
              41.74835185688994,
              15.351991737356567
            ],
            [
              41.7488097069821,
              15.35185804886777
            ],
            [
              41.74925273532745,
              15.351681342319672
            ],
            [
              41.74967691038013,
              15.351463225737046
            ],
            [
              41.750078372158704,
              15.35120568397485
            ],
            [
              41.750453467371926,
              15.350911060656106
            ],
            [
              41.75079878266357,
              15.350582036844985
            ],
            [
              41.7511111756739,
              15.350221606649209
            ],
            [
              41.75138780363502,
              15.349833049973737
            ],
            [
              41.75162614924003,
              15.349419902673734
            ],
            [
              41.75182404355042,
              15.348985924378372
            ],
            [
              41.79544129208558,
              15.239819779053665
            ],
            [
              41.7954467589366,
              15.23980603755852
            ],
            [
              41.80975187368269,
              15.203693252219164
            ],
            [
              41.80983187870293,
              15.20347682552071
            ],
            [
              41.84525897220879,
              15.100386539265827
            ],
            [
              41.845388978360035,
              15.099942309424351
            ],
            [
              41.84547734805929,
              15.099487960937317
            ],
            [
              41.845523324007395,
              15.099027387421346
            ],
            [
              41.845526512205645,
              15.09856453583951
            ],
            [
              41.84548688533223,
              15.098103372677144
            ],
            [
              41.845404782976374,
              15.0976478499504
            ],
            [
              41.845280908728185,
              15.097201871338745
            ],
            [
              41.84455230155045,
              15.094982671204468
            ],
            [
              41.84437259296316,
              15.094515601134685
            ],
            [
              41.84414709412336,
              15.094068835088885
            ],
            [
              41.84387806407504,
              15.09364684876264
            ],
            [
              41.84356819795723,
              15.09325386960866
            ],
            [
              41.84322060000405,
              15.092893834486235
            ],
            [
              41.84283875244661,
              15.092570350221845
            ],
            [
              41.84242648062803,
              15.092286657476016
            ],
            [
              41.84198791468122,
              15.092045598278437
            ],
            [
              41.8415274481533,
              15.091849587556545
            ],
            [
              41.83733128116111,
              15.0903065425126
            ],
            [
              41.83682286627018,
              15.0901497448402
            ],
            [
              41.83110463506901,
              15.088714464994009
            ]
          ]
        ]
      },
      "properties": {
        "layer": "hourly_backtrack_corridor",
        "step_index": 2,
        "timestamp": "2024-08-23T01:30:00Z",
        "hours_prior": 2,
        "active_particles": 500,
        "centroid_latitude": 15.30900239944458,
        "centroid_longitude": 41.74639579772949
      }
    },
    {
      "type": "Feature",
      "geometry": {
        "type": "Polygon",
        "coordinates": [
          [
            [
              41.820088437890035,
              15.080558784989304
            ],
            [
              41.81959845437217,
              15.080419031521576
            ],
            [
              41.819096791939224,
              15.080329870527297
            ],
            [
              41.81858866015249,
              15.080292227907298
            ],
            [
              41.81807933575488,
              15.08030649456495
            ],
            [
              41.817574107874066,
              15.080372522346785
            ],
            [
              41.81707822309707,
              15.080489625581022
            ],
            [
              41.816596830986555,
              15.080656588197977
            ],
            [
              41.81613493060471,
              15.080871676358463
            ],
            [
              41.81569731860003,
              15.081132656459006
            ],
            [
              41.81528853939601,
              15.08143681832691
            ],
            [
              41.81491283799921,
              15.08178100336431
            ],
            [
              41.81457411591654,
              15.08216163734892
            ],
            [
              41.8070439035142,
              15.091545792622357
            ],
            [
              41.80673821549284,
              15.091970491740346
            ],
            [
              41.80647858732144,
              15.092424812904108
            ],
            [
              41.80626786259841,
              15.092903780124619
            ],
            [
              41.77118409184646,
              15.185516046665146
            ],
            [
              41.771177245896304,
              15.185534224746561
            ],
            [
              41.73681063823029,
              15.277328238723612
            ],
            [
              41.73667000644996,
              15.2777635578704
            ],
            [
              41.72444008701637,
              15.322526169259561
            ],
            [
              41.724327282129586,
              15.323046665791075
            ],
            [
              41.72427047970373,
              15.323576208108756
            ],
            [
              41.7242703242,
              15.324108788203782
            ],
            [
              41.72432681738268,
              15.324638363601728
            ],
            [
              41.72443931829915,
              15.325158925918453
            ],
            [
              41.726674730896804,
              15.33335957136523
            ],
            [
              41.72683621995688,
              15.333850455686319
            ],
            [
              41.7270475131027,
              15.334322050151666
            ],
            [
              41.727306353333546,
              15.334769317262134
            ],
            [
              41.72760997575812,
              15.335187479379634
            ],
            [
              41.727955137128646,
              15.335572069761097
            ],
            [
              41.72833815048474,
              15.33591898027156
            ],
            [
              41.735429672701535,
              15.34170396867488
            ],
            [
              41.73581759771398,
              15.34199041333199
            ],
            [
              41.73623131233633,
              15.342238156279679
            ],
            [
              41.73666696842093,
              15.342444893148247
            ],
            [
              41.73712051373263,
              15.342608700984163
            ],
            [
              41.73758772964045,
              15.342728056136332
            ],
            [
              41.73806427035699,
              15.342801848428262
            ],
            [
              41.73854570336057,
              15.342829391484328
            ],
            [
              41.739027550624115,
              15.34281042911405
            ],
            [
              41.75212722103427,
              15.341660297888463
            ],
            [
              41.75262582962558,
              15.341591083208655
            ],
            [
              41.75311495169967,
              15.34147208406639
            ],
            [
              41.75358962949174,
              15.341304506642688
            ],
            [
              41.75404505164493,
              15.341090049510347
            ],
            [
              41.75447660197844,
              15.340830886417153
            ],
            [
              41.75487990627738,
              15.34052964425265
            ],
            [
              41.75525087663005,
              15.340189376421865
            ],
            [
              41.75558575286315,
              15.339813531895855
            ],
            [
              41.755881140655106,
              15.339405920252764
            ],
            [
              41.75613404594111,
              15.338970673063757
            ],
            [
              41.75634190526104,
              15.338512202015226
            ],
            [
              41.802644700671195,
              15.220983286609952
            ],
            [
              41.8027770276287,
              15.22060321985019
            ],
            [
              41.83482048465995,
              15.115069619996675
            ],
            [
              41.834955369223486,
              15.114512160304173
            ],
            [
              41.83647743343247,
              15.10614843654929
            ],
            [
              41.83653617451495,
              15.105722307981358
            ],
            [
              41.83655807160738,
              15.105292707482615
            ],
            [
              41.83668014191988,
              15.089836507836619
            ],
            [
              41.83666084179839,
              15.089356359098291
            ],
            [
              41.8365955383238,
              15.08888028057345
            ],
            [
              41.83648483467898,
              15.08841266961482
            ],
            [
              41.83632975339056,
              15.087957845363498
            ],
            [
              41.836131726884275,
              15.087520008854723
            ],
            [
              41.835892584254175,
              15.087103204214543
            ],
            [
              41.83561453436799,
              15.086711281305794
            ],
            [
              41.835300145464714,
              15.086347860168406
            ],
            [
              41.834952321432716,
              15.086016297582498
            ],
            [
              41.83457427498771,
              15.085719656063103
            ],
            [
              41.83416949799812,
              15.08546067557291
            ],
            [
              41.83374172923202,
              15.085241748214278
            ],
            [
              41.83329491982363,
              15.085064896134323
            ],
            [
              41.820088437890035,
              15.080558784989304
            ]
          ]
        ]
      },
      "properties": {
        "layer": "hourly_backtrack_corridor",
        "step_index": 3,
        "timestamp": "2024-08-23T00:30:00Z",
        "hours_prior": 3,
        "active_particles": 500,
        "centroid_latitude": 15.157045459747316,
        "centroid_longitude": 41.79927749633789
      }
    },
    {
      "type": "Feature",
      "geometry": {
        "type": "Polygon",
        "coordinates": [
          [
            [
              41.79858332097403,
              15.106079425624074
            ],
            [
              41.79807678331738,
              15.10604979879575
            ],
            [
              41.79756985122813,
              15.106071662086016
            ],
            [
              41.79706774525815,
              15.106144790339584
            ],
            [
              41.79657563625831,
              15.106268430457867
            ],
            [
              41.79609859212747,
              15.10644130915464
            ],
            [
              41.795641525621534,
              15.106661646068744
            ],
            [
              41.79520914376032,
              15.106927172098844
            ],
            [
              41.79480589935313,
              15.107235152771354
            ],
            [
              41.794435945142276,
              15.107582416400948
            ],
            [
              41.79410309103678,
              15.10796538675361
            ],
            [
              41.793810764876675,
              15.108380119875854
            ],
            [
              41.793561977132015,
              15.108822344710836
            ],
            [
              41.786672633870296,
              15.122668742110738
            ],
            [
              41.78652198396287,
              15.12300146972529
            ],
            [
              41.770519328933574,
              15.162084950560251
            ],
            [
              41.7704845734145,
              15.162172160367824
            ],
            [
              41.74187052922505,
              15.235978923063136
            ],
            [
              41.74173078452382,
              15.23639198212251
            ],
            [
              41.71540174399647,
              15.327062567754835
            ],
            [
              41.715347853828945,
              15.327263700259712
            ],
            [
              41.708424178291835,
              15.355439054263618
            ],
            [
              41.70832397711252,
              15.35596847699785
            ],
            [
              41.70828132775823,
              15.3565056080251
            ],
            [
              41.70829672552223,
              15.357044209563087
            ],
            [
              41.70836999158801,
              15.357578026752265
            ],
            [
              41.708500275105884,
              15.358100860294444
            ],
            [
              41.71308935591643,
              15.373035400089366
            ],
            [
              41.71326027951514,
              15.373506229468832
            ],
            [
              41.71347745338662,
              15.373957594831603
            ],
            [
              41.71373869801577,
              15.374384966361902
            ],
            [
              41.714041391601825,
              15.374784055041427
            ],
            [
              41.71438249637031,
              15.375150855693116
            ],
            [
              41.71475858905952,
              15.375481687176332
            ],
            [
              41.71516589527572,
              15.375773229330077
            ],
            [
              41.71560032737223,
              15.376022556293492
            ],
            [
              41.71605752547227,
              15.376227165869231
            ],
            [
              41.716532901223836,
              15.376385004635033
            ],
            [
              41.73168106406563,
              15.380584986324486
            ],
            [
              41.73215391440423,
              15.380691704798052
            ],
            [
              41.73263487662547,
              15.380752133409247
            ],
            [
              41.7331194301409,
              15.380765704186473
            ],
            [
              41.73360302060732,
              15.3807322895773
            ],
            [
              41.73408110273325,
              15.380652203647347
            ],
            [
              41.73454918300041,
              15.38052619912835
            ],
            [
              41.73500286189849,
              15.380355460343218
            ],
            [
              41.73543787527638,
              15.380141592074494
            ],
            [
              41.74120951223927,
              15.37694773678885
            ],
            [
              41.741653376987784,
              15.37667083492419
            ],
            [
              41.742065879291694,
              15.37634907040332
            ],
            [
              41.74244250323159,
              15.375985965782688
            ],
            [
              41.74277912567081,
              15.375585496194537
            ],
            [
              41.743072061394045,
              15.375152045828662
            ],
            [
              41.74331810345163,
              15.374690359935958
            ],
            [
              41.743514558268046,
              15.374205492879199
            ],
            [
              41.79235412735984,
              15.232827090169238
            ],
            [
              41.79239642599289,
              15.232699079583245
            ],
            [
              41.826816439420625,
              15.123616857598382
            ],
            [
              41.82694238907065,
              15.123135401041845
            ],
            [
              41.827019854069576,
              15.122643808828606
            ],
            [
              41.827048067006565,
              15.122146950941115
            ],
            [
              41.827026748388775,
              15.121649749526483
            ],
            [
              41.82695610941015,
              15.121157130134993
            ],
            [
              41.82683684985919,
              15.120673972924884
            ],
            [
              41.82667015118651,
              15.120205064316833
            ],
            [
              41.82645766480073,
              15.119755049577039
            ],
            [
              41.826201495708666,
              15.119328386798667
            ],
            [
              41.82590418166205,
              15.118929302737525
            ],
            [
              41.8255686680171,
              15.118561750939504
            ],
            [
              41.82519827855626,
              15.118229372574575
            ],
            [
              41.81587515843907,
              15.110665781571157
            ],
            [
              41.81568183041858,
              15.11051661782644
            ],
            [
              41.81265296078968,
              15.10829551034353
            ],
            [
              41.81221533925092,
              15.108008556710727
            ],
            [
              41.811750122529844,
              15.10776891447531
            ],
            [
              41.81126240670343,
              15.10757920872624
            ],
            [
              41.81075753430835,
              15.107441517538222
            ],
            [
              41.81024103581778,
              15.107357349208058
            ],
            [
              41.79858332097403,
              15.106079425624074
            ]
          ]
        ]
      },
      "properties": {
        "layer": "hourly_backtrack_corridor",
        "step_index": 4,
        "timestamp": "2024-08-22T23:30:00Z",
        "hours_prior": 4,
        "active_particles": 500,
        "centroid_latitude": 15.291474151611329,
        "centroid_longitude": 41.750261001586914
      }
    },
    {
      "type": "Feature",
      "geometry": {
        "type": "Polygon",
        "coordinates": [
          [
            [
              41.811445039826474,
              15.098737412241833
            ],
            [
              41.81134085593693,
              15.09825346305446
            ],
            [
              41.811189326922964,
              15.097782188127562
            ],
            [
              41.81099193813923,
              15.097328207107195
            ],
            [
              41.810750624478224,
              15.096895970116865
            ],
            [
              41.810467751403586,
              15.096489714135444
            ],
            [
              41.81014609176276,
              15.096113421464421
            ],
            [
              41.80978879860637,
              15.095770780691613
            ],
            [
              41.80939937428054,
              15.09546515053399
            ],
            [
              41.808981636095396,
              15.095199526914044
            ],
            [
              41.808539678906094,
              15.09497651359242
            ],
            [
              41.808077834973204,
              15.094798296644704
            ],
            [
              41.807600631496,
              15.094666623032538
            ],
            [
              41.807112746234814,
              15.094582783479126
            ],
            [
              41.80661896165758,
              15.09454759981699
            ],
            [
              41.806124118059934,
              15.094561416932004
            ],
            [
              41.80563306611851,
              15.094624099382678
            ],
            [
              41.79256391328648,
              15.096954879411975
            ],
            [
              41.79204316069952,
              15.097076807839304
            ],
            [
              41.79153841101705,
              15.097253662458293
            ],
            [
              41.79039400183736,
              15.097724777570598
            ],
            [
              41.790206505612055,
              15.097806487238028
            ],
            [
              41.78289373095385,
              15.101172957574942
            ],
            [
              41.78245255273046,
              15.101403325575637
            ],
            [
              41.782036462692545,
              15.10167641296253
            ],
            [
              41.78164958358736,
              15.101989513902328
            ],
            [
              41.78129574873131,
              15.10233952609523
            ],
            [
              41.7809784640283,
              15.10272298151346
            ],
            [
              41.78070087323213,
              15.10313608076354
            ],
            [
              41.780465726797246,
              15.10357473073185
            ],
            [
              41.7802753546264,
              15.104034585140441
            ],
            [
              41.75222207093499,
              15.182661217830871
            ],
            [
              41.75214633653799,
              15.182890886810284
            ],
            [
              41.732149693471584,
              15.248854631927472
            ],
            [
              41.7321080534421,
              15.24899985929485
            ],
            [
              41.71170323776827,
              15.32444980283733
            ],
            [
              41.711632388017314,
              15.32474769516628
            ],
            [
              41.70872940339817,
              15.33886016770046
            ],
            [
              41.70865084022386,
              15.339378499289781
            ],
            [
              41.708626981399796,
              15.339902207763421
            ],
            [
              41.70865808922016,
              15.340425535683906
            ],
            [
              41.70874382169827,
              15.34094272979741
            ],
            [
              41.71155143888577,
              15.353694309082078
            ],
            [
              41.71164493452059,
              15.354054533807906
            ],
            [
              41.713743018016686,
              15.361055456964644
            ],
            [
              41.71391120369813,
              15.361528770563357
            ],
            [
              41.71412603038281,
              15.361982820870834
            ],
            [
              41.71438532993509,
              15.36241302539005
            ],
            [
              41.71468648537751,
              15.362815042287291
            ],
            [
              41.71502645730255,
              15.36318481421207
            ],
            [
              41.71540181454782,
              15.363518609245881
            ],
            [
              41.71580876882503,
              15.363813058566532
            ],
            [
              41.71624321295324,
              15.364065190447949
            ],
            [
              41.71670076231055,
              15.36427246025229
            ],
            [
              41.71717679908582,
              15.36443277611165
            ],
            [
              41.727102641370976,
              15.367228949207353
            ],
            [
              41.727553241289364,
              15.367333652827122
            ],
            [
              41.72801158951867,
              15.367396263011063
            ],
            [
              41.72847376254059,
              15.36741624380815
            ],
            [
              41.72893580409611,
              15.367393424180253
            ],
            [
              41.72939375905158,
              15.367327999466251
            ],
            [
              41.72984370725517,
              15.367220529709899
            ],
            [
              41.73028179709384,
              15.367071934865782
            ],
            [
              41.73070427846364,
              15.366883486924397
            ],
            [
              41.73626229237966,
              15.364089221177327
            ],
            [
              41.73669287471985,
              15.363845339412467
            ],
            [
              41.73709724069273,
              15.363560089299593
            ],
            [
              41.73747142946134,
              15.363236264914525
            ],
            [
              41.73781177577983,
              15.362877038174975
            ],
            [
              41.738114945895205,
              15.362485927771043
            ],
            [
              41.73837797020201,
              15.362066764699021
            ],
            [
              41.74667112205748,
              15.347271461354294
            ],
            [
              41.746862551885734,
              15.346893182949625
            ],
            [
              41.747021247610306,
              15.34650004735268
            ],
            [
              41.78370719121382,
              15.243202813771138
            ],
            [
              41.78379253577072,
              15.242939635394148
            ],
            [
              41.816400567997285,
              15.132015868304304
            ],
            [
              41.816507591825214,
              15.131580549385996
            ],
            [
              41.81657519562744,
              15.131137394349572
            ],
            [
              41.816602835986586,
              15.13068996539328
            ],
            [
              41.816590290722075,
              15.13024185907027
            ],
            [
              41.81653766067608,
              15.129796677378552
            ],
            [
              41.811445039826474,
              15.098737412241833
            ]
          ]
        ]
      },
      "properties": {
        "layer": "hourly_backtrack_corridor",
        "step_index": 5,
        "timestamp": "2024-08-22T22:30:00Z",
        "hours_prior": 5,
        "active_particles": 500,
        "centroid_latitude": 15.207774982452392,
        "centroid_longitude": 41.76726501464844
      }
    },
    {
      "type": "Feature",
      "geometry": {
        "type": "Polygon",
        "coordinates": [
          [
            [
              41.772241383746675,
              15.116650994719526
            ],
            [
              41.77174556770675,
              15.116604793637297
            ],
            [
              41.77124761501173,
              15.116608140123738
            ],
            [
              41.77075246471668,
              15.116661000985975
            ],
            [
              41.77026502808042,
              15.116762851911734
            ],
            [
              41.769790139852134,
              15.116912682669852
            ],
            [
              41.76933251031681,
              15.117109007130484
            ],
            [
              41.76889667857523,
              15.117349878005603
            ],
            [
              41.76848696752191,
              15.117632906163617
            ],
            [
              41.768107440967455,
              15.117955284326511
            ],
            [
              41.7677618633308,
              15.118313814914448
            ],
            [
              41.76745366230093,
              15.11870494176169
            ],
            [
              41.767185894838626,
              15.11912478538922
            ],
            [
              41.766961216855286,
              15.119569181484215
            ],
            [
              41.76678185686968,
              15.120033722204722
            ],
            [
              41.74385934100054,
              15.189518432898081
            ],
            [
              41.74380490085747,
              15.189694271962448
            ],
            [
              41.73487850925591,
              15.220523701588913
            ],
            [
              41.73487190769722,
              15.22054670762849
            ],
            [
              41.72457222508003,
              15.256767258165599
            ],
            [
              41.72454775390347,
              15.256856442038846
            ],
            [
              41.712756524655425,
              15.301440716330838
            ],
            [
              41.69467444337118,
              15.369901802052757
            ],
            [
              41.69456890902158,
              15.370404811020666
            ],
            [
              41.69451556924554,
              15.370915996299246
            ],
            [
              41.69451498764292,
              15.371429956591955
            ],
            [
              41.695476291353856,
              15.39053014580094
            ],
            [
              41.69552770713747,
              15.39103646445788
            ],
            [
              41.69563032519966,
              15.39153493381349
            ],
            [
              41.69578308240841,
              15.392020389682077
            ],
            [
              41.695984396185814,
              15.392487802698797
            ],
            [
              41.69623218090369,
              15.392932330424317
            ],
            [
              41.69652386949092,
              15.393349367512899
            ],
            [
              41.69685644002846,
              15.39373459342419
            ],
            [
              41.69722644705675,
              15.394084017184383
            ],
            [
              41.69763005727093,
              15.39439401873306
            ],
            [
              41.69806308923422,
              15.394661386427332
            ],
            [
              41.69852105669798,
              15.394883350314727
            ],
            [
              41.70975534014524,
              15.399638370456328
            ],
            [
              41.71031257354443,
              15.399836255035686
            ],
            [
              41.710889271955395,
              15.399966969651192
            ],
            [
              41.725903920392895,
              15.402447476548165
            ],
            [
              41.72638166190553,
              15.402502957169625
            ],
            [
              41.726862523772,
              15.402512280131615
            ],
            [
              41.727342056768805,
              15.40247535917248
            ],
            [
              41.72781582396793,
              15.402392535907158
            ],
            [
              41.72827944179001,
              15.402264576666369
            ],
            [
              41.7287286205638,
              15.402092665406053
            ],
            [
              41.72915920421685,
              15.401878392752698
            ],
            [
              41.72956720872994,
              15.401623741285901
            ],
            [
              41.72994885899968,
              15.401331067194356
            ],
            [
              41.73030062376796,
              15.401003078474977
            ],
            [
              41.730619248295376,
              15.40064280987687
            ],
            [
              41.73090178447594,
              15.400253594822024
            ],
            [
              41.73114561811481,
              15.399839034562465
            ],
            [
              41.731348493116336,
              15.399402964859318
            ],
            [
              41.731508532358866,
              15.39894942049203
            ],
            [
              41.809694567515116,
              15.13800028566537
            ],
            [
              41.80981529078615,
              15.13750777567555
            ],
            [
              41.80988550809099,
              15.137005570808647
            ],
            [
              41.809904497201984,
              15.136498836547021
            ],
            [
              41.809872062804565,
              15.135992784960614
            ],
            [
              41.80978853850624,
              15.135492621097635
            ],
            [
              41.80965478340519,
              15.135003489447477
            ],
            [
              41.80947217325395,
              15.134530421026524
            ],
            [
              41.80924258630893,
              15.134078281631075
            ],
            [
              41.808968384011436,
              15.133651721789679
            ],
            [
              41.808652386698796,
              15.133255128929628
            ],
            [
              41.808297844595465,
              15.132892582249587
            ],
            [
              41.795263024038825,
              15.120850536656326
            ],
            [
              41.79487736006212,
              15.120528605257649
            ],
            [
              41.79446133778474,
              15.120246999161996
            ],
            [
              41.794019156977015,
              15.120008561200114
            ],
            [
              41.79355528148123,
              15.119815698417808
            ],
            [
              41.79307439414889,
              15.119670357776654
            ],
            [
              41.79258134956699,
              15.119574006499311
            ],
            [
              41.772241383746675,
              15.116650994719526
            ]
          ]
        ]
      },
      "properties": {
        "layer": "hourly_backtrack_corridor",
        "step_index": 6,
        "timestamp": "2024-08-22T21:30:00Z",
        "hours_prior": 6,
        "active_particles": 500,
        "centroid_latitude": 15.321894912719728,
        "centroid_longitude": 41.72691169738769
      }
    },
    {
      "type": "Feature",
      "geometry": {
        "type": "Polygon",
        "coordinates": [
          [
            [
              41.791392216113515,
              15.107271989715809
            ],
            [
              41.790934888656665,
              15.107093152720394
            ],
            [
              41.79046222428879,
              15.106960038224349
            ],
            [
              41.78997878197255,
              15.106873930149327
            ],
            [
              41.78948922462653,
              15.106835659028633
            ],
            [
              41.78899827415028,
              15.106845593996525
            ],
            [
              41.788510665880416,
              15.106903639227822
            ],
            [
              41.774430618272994,
              15.109285917670205
            ],
            [
              41.773909821763205,
              15.109402931071962
            ],
            [
              41.77340446704729,
              15.109574796577242
            ],
            [
              41.77292031357495,
              15.10979955546141
            ],
            [
              41.77246287916855,
              15.110074646182161
            ],
            [
              41.77203737713742,
              15.110396933573014
            ],
            [
              41.76779543377805,
              15.113981795328385
            ],
            [
              41.7674815568986,
              15.114270893729094
            ],
            [
              41.767193473925026,
              15.114585702847577
            ],
            [
              41.76693328321431,
              15.114923929657271
            ],
            [
              41.75997909009907,
              15.124809717621138
            ],
            [
              41.75974436642026,
              15.125176326542789
            ],
            [
              41.75954241999278,
              15.125561962312997
            ],
            [
              41.75937478154883,
              15.125963701854165
            ],
            [
              41.73507134526953,
              15.192179216990883
            ],
            [
              41.73487764754709,
              15.192847429849191
            ],
            [
              41.72038179793771,
              15.26002901706843
            ],
            [
              41.7095862004772,
              15.310062605864028
            ],
            [
              41.709533966123594,
              15.310343357977874
            ],
            [
              41.700657165586485,
              15.367009732184417
            ],
            [
              41.70060428472515,
              15.367512336589002
            ],
            [
              41.70060241017727,
              15.368017711755659
            ],
            [
              41.700651561093785,
              15.368520694618596
            ],
            [
              41.70075123533404,
              15.369016146552523
            ],
            [
              41.70090041459581,
              15.3694990058704
            ],
            [
              41.70109757481856,
              15.369964339535167
            ],
            [
              41.701340701753736,
              15.37040739355715
            ],
            [
              41.70162731154292,
              15.370823641562245
            ],
            [
              41.709153709248,
              15.380651255392811
            ],
            [
              41.70953194989029,
              15.381089960318919
            ],
            [
              41.70995839076174,
              15.381481975852827
            ],
            [
              41.71139653163088,
              15.382657856284956
            ],
            [
              41.71177685964172,
              15.38293986956143
            ],
            [
              41.71218215784089,
              15.383184643444196
            ],
            [
              41.71260879182405,
              15.383389982988241
            ],
            [
              41.713052935863864,
              15.383554046865545
            ],
            [
              41.71351060721619,
              15.383675363876703
            ],
            [
              41.71906480643494,
              15.384869364120844
            ],
            [
              41.71954577501169,
              15.384948457713069
            ],
            [
              41.72003215948459,
              15.384980343645285
            ],
            [
              41.72051933751693,
              15.384964718890725
            ],
            [
              41.72100267923044,
              15.38490173193866
            ],
            [
              41.721477591205165,
              15.384791981383241
            ],
            [
              41.721939560132846,
              15.384636510234783
            ],
            [
              41.72238419570901,
              15.384436796007547
            ],
            [
              41.72280727235603,
              15.38419473667825
            ],
            [
              41.72320476938075,
              15.383912632648702
            ],
            [
              41.7280379908163,
              15.380115101520772
            ],
            [
              41.72816226779081,
              15.380014196259951
            ],
            [
              41.74014041720487,
              15.369966283662295
            ],
            [
              41.74050752429928,
              15.369625594115178
            ],
            [
              41.740838706602496,
              15.369249887756016
            ],
            [
              41.741130641203696,
              15.368842934226846
            ],
            [
              41.741380398983054,
              15.368408816687541
            ],
            [
              41.74158547400102,
              15.367951890847511
            ],
            [
              41.741743808641615,
              15.367476741262783
            ],
            [
              41.80358386601466,
              15.145375529714931
            ],
            [
              41.80368903523823,
              15.144914416097551
            ],
            [
              41.803750165584994,
              15.144445428449076
            ],
            [
              41.803766710094024,
              15.143972763014611
            ],
            [
              41.803522569469024,
              15.124164947462853
            ],
            [
              41.803491499005915,
              15.1236666478022
            ],
            [
              41.80341088853887,
              15.123173930968624
            ],
            [
              41.80328154181207,
              15.122691709702243
            ],
            [
              41.8031047485051,
              15.122224792094846
            ],
            [
              41.80288227137401,
              15.121777833649768
            ],
            [
              41.79666812952831,
              15.110715211579455
            ],
            [
              41.79638404749673,
              15.110266981035739
            ],
            [
              41.79605405980525,
              15.109851383460605
            ],
            [
              41.79568188360973,
              15.109473100364921
            ],
            [
              41.79527171129968,
              15.10913639292953
            ],
            [
              41.79482816327288,
              15.10884505400505
            ],
            [
              41.794356235888905,
              15.108602365387195
            ],
            [
              41.791392216113515,
              15.107271989715809
            ]
          ]
        ]
      },
      "properties": {
        "layer": "hourly_backtrack_corridor",
        "step_index": 7,
        "timestamp": "2024-08-22T20:30:00Z",
        "hours_prior": 7,
        "active_particles": 500,
        "centroid_latitude": 15.212030487060547,
        "centroid_longitude": 41.75990081787109
      }
    },
    {
      "type": "Feature",
      "geometry": {
        "type": "Polygon",
        "coordinates": [
          [
            [
              41.76824210796195,
              15.130628031230845
            ],
            [
              41.76780272808241,
              15.130520058486914
            ],
            [
              41.76735538664605,
              15.130452246752695
            ],
            [
              41.76690374671345,
              15.130425151305367
            ],
            [
              41.76645150654348,
              15.130438994016314
            ],
            [
              41.76600236931005,
              15.13049366153434
            ],
            [
              41.75697298088232,
              15.132010003697426
            ],
            [
              41.756480721220676,
              15.132118434336311
            ],
            [
              41.756001880214356,
              15.132275876607004
            ],
            [
              41.75554132435857,
              15.132480730412512
            ],
            [
              41.75510373431523,
              15.13273091380904
            ],
            [
              41.75469355734306,
              15.133023884164936
            ],
            [
              41.754314962099805,
              15.133356664001642
            ],
            [
              41.75397179627585,
              15.133725871254008
            ],
            [
              41.75366754748986,
              15.13412775364247
            ],
            [
              41.7534053078439,
              15.134558226807737
            ],
            [
              41.743319248273586,
              15.15316536639514
            ],
            [
              41.74314836279445,
              15.153511957672453
            ],
            [
              41.74300475424866,
              15.153870710994479
            ],
            [
              41.72571654624085,
              15.202417502071139
            ],
            [
              41.72554442250125,
              15.203016692032293
            ],
            [
              41.68595167958133,
              15.382303648819402
            ],
            [
              41.685869884750524,
              15.382784257635524
            ],
            [
              41.685835284240476,
              15.383270547706557
            ],
            [
              41.68584820699856,
              15.383757895868351
            ],
            [
              41.685908530167985,
              15.384241668897479
            ],
            [
              41.6892807225508,
              15.403559295850604
            ],
            [
              41.689387233931164,
              15.404032587836648
            ],
            [
              41.68953911140968,
              15.404493329857432
            ],
            [
              41.6897349252119,
              15.40493718448798
            ],
            [
              41.68997283194687,
              15.405359973281186
            ],
            [
              41.69025059196077,
              15.405757716103718
            ],
            [
              41.70309467765413,
              15.422370722695515
            ],
            [
              41.70342189573663,
              15.42275260967688
            ],
            [
              41.703785820349836,
              15.423099694991977
            ],
            [
              41.70418276989639,
              15.423408467396087
            ],
            [
              41.70460872868639,
              15.423675803232209
            ],
            [
              41.70505938756157,
              15.42389899803115
            ],
            [
              41.70553018748838,
              15.424075793870939
            ],
            [
              41.70601636567887,
              15.424204402218805
            ],
            [
              41.706513003772834,
              15.424283522024657
            ],
            [
              41.70701507759376,
              15.424312352882978
            ],
            [
              41.707517507975304,
              15.424290603130034
            ],
            [
              41.70801521214401,
              15.424218492794452
            ],
            [
              41.70850315513858,
              15.424096751371327
            ],
            [
              41.70897640074537,
              15.423926610442377
            ],
            [
              41.70943016143502,
              15.423709791216805
            ],
            [
              41.70985984679488,
              15.423448487118902
            ],
            [
              41.715982435906206,
              15.419289513425054
            ],
            [
              41.71634401729345,
              15.419019262723504
            ],
            [
              41.71667975081081,
              15.418717501979522
            ],
            [
              41.716986899873696,
              15.41838669086354
            ],
            [
              41.717262960891155,
              15.418029525837358
            ],
            [
              41.71750568367282,
              15.417648918175123
            ],
            [
              41.71771308977033,
              15.417247970233358
            ],
            [
              41.73800346452619,
              15.373264510760702
            ],
            [
              41.738235999035375,
              15.372660420811028
            ],
            [
              41.757210303234594,
              15.31189801541552
            ],
            [
              41.75731436854583,
              15.311510836700473
            ],
            [
              41.79393927699309,
              15.149607455352816
            ],
            [
              41.79403113751284,
              15.149063400534414
            ],
            [
              41.79445838360659,
              15.145266823080801
            ],
            [
              41.79448944442117,
              15.144762603648985
            ],
            [
              41.794469467913316,
              15.144257823549578
            ],
            [
              41.79439865800484,
              15.14375763561841
            ],
            [
              41.794277737528965,
              15.143267145814095
            ],
            [
              41.794107940851646,
              15.142791361095977
            ],
            [
              41.793891001271,
              15.142335138312708
            ],
            [
              41.79362913332371,
              15.141903134623133
            ],
            [
              41.79332501017884,
              15.141499759955641
            ],
            [
              41.79298173634989,
              15.141129131991264
            ],
            [
              41.79260281600369,
              15.140795034130054
            ],
            [
              41.792192117189614,
              15.140500876869835
            ],
            [
              41.79175383235416,
              15.140249662991568
            ],
            [
              41.77951246882877,
              15.134032660122916
            ],
            [
              41.77909403720426,
              15.133843789861139
            ],
            [
              41.778660046194375,
              15.133694094158091
            ],
            [
              41.76824210796195,
              15.130628031230845
            ]
          ]
        ]
      },
      "properties": {
        "layer": "hourly_backtrack_corridor",
        "step_index": 8,
        "timestamp": "2024-08-22T19:30:00Z",
        "hours_prior": 8,
        "active_particles": 500,
        "centroid_latitude": 15.388895988464355,
        "centroid_longitude": 41.713532791137695
      }
    },
    {
      "type": "Feature",
      "geometry": {
        "type": "Polygon",
        "coordinates": [
          [
            [
              41.760238076705456,
              15.134401317751022
            ],
            [
              41.75975784811455,
              15.13435417473813
            ],
            [
              41.75927531152117,
              15.134353542888599
            ],
            [
              41.758794961116024,
              15.134399428087274
            ],
            [
              41.75832127072836,
              15.134491402974165
            ],
            [
              41.75785865215818,
              15.134628610924745
            ],
            [
              41.75741141408611,
              15.134809774028268
            ],
            [
              41.75698372194379,
              15.135033204989828
            ],
            [
              41.75657955911834,
              15.135296822845275
            ],
            [
              41.74512402322967,
              15.143583298980529
            ],
            [
              41.74472351493814,
              15.14390563116179
            ],
            [
              41.744358222523566,
              15.144267385745062
            ],
            [
              41.74403200792934,
              15.1446647381896
            ],
            [
              41.74374831996045,
              15.145093487607058
            ],
            [
              41.73712982020459,
              15.156309651242312
            ],
            [
              41.73688643858569,
              15.156776676435213
            ],
            [
              41.73669352933269,
              15.157266710274177
            ],
            [
              41.7207900564323,
              15.204882715218025
            ],
            [
              41.72065370305726,
              15.205372585822381
            ],
            [
              41.679546525322884,
              15.38868023352746
            ],
            [
              41.67946558884313,
              15.389141290480616
            ],
            [
              41.67942812455181,
              15.389607895939957
            ],
            [
              41.67943446082229,
              15.390075960123042
            ],
            [
              41.67948454211736,
              15.390541380461762
            ],
            [
              41.67957792947599,
              15.391000077561227
            ],
            [
              41.679713804360894,
              15.391448030955525
            ],
            [
              41.68817480289605,
              15.415266047007771
            ],
            [
              41.68834900047331,
              15.415692918537017
            ],
            [
              41.68856177717661,
              15.416101929750722
            ],
            [
              41.688811323858424,
              15.416489603004893
            ],
            [
              41.701235792852565,
              15.43396473117872
            ],
            [
              41.70154587040322,
              15.434357625240969
            ],
            [
              41.70189367484721,
              15.434717550094673
            ],
            [
              41.70227572099158,
              15.435040899093666
            ],
            [
              41.70268818052258,
              15.435324432102082
            ],
            [
              41.70312692036751,
              15.435565307962305
            ],
            [
              41.7035875441104,
              15.43576111296495
            ],
            [
              41.704065436046484,
              15.435909885035562
            ],
            [
              41.70455580743418,
              15.436010133395678
            ],
            [
              41.705053744480864,
              15.436060853501269
            ],
            [
              41.705554257581845,
              15.436061537108815
            ],
            [
              41.706052331318936,
              15.43601217736819
            ],
            [
              41.70654297471772,
              15.435913268891301
            ],
            [
              41.70702127125989,
              15.435765802795816
            ],
            [
              41.707482428149476,
              15.435571256773592
            ],
            [
              41.707921824339294,
              15.43533158028341
            ],
            [
              41.708335056836425,
              15.435049175016307
            ],
            [
              41.70871798482262,
              15.434726870829302
            ],
            [
              41.7090667711476,
              15.434367897388666
            ],
            [
              41.70937792077941,
              15.433975851806885
            ],
            [
              41.709648315826605,
              15.43355466259759
            ],
            [
              41.72253054849262,
              15.411088956726008
            ],
            [
              41.72255171994531,
              15.411051665538698
            ],
            [
              41.733950035374995,
              15.390772734874636
            ],
            [
              41.73415337370616,
              15.39036931958428
            ],
            [
              41.734319469592684,
              15.38994919754262
            ],
            [
              41.734446967091735,
              15.389515798464233
            ],
            [
              41.79158731743353,
              15.156944196596557
            ],
            [
              41.79167997117929,
              15.156468730929532
            ],
            [
              41.79172618018058,
              15.15598653071663
            ],
            [
              41.79172551071543,
              15.155502121933743
            ],
            [
              41.79167796906749,
              15.155020051286604
            ],
            [
              41.7915840014671,
              15.154544843534985
            ],
            [
              41.791444489902844,
              15.15408095902289
            ],
            [
              41.7912607438432,
              15.153632751813344
            ],
            [
              41.79103448794573,
              15.153204428820757
            ],
            [
              41.79076784586923,
              15.15280001032444
            ],
            [
              41.79046332034097,
              15.152423292233877
            ],
            [
              41.79012376966576,
              15.152077810459987
            ],
            [
              41.78384859266381,
              15.146283285313503
            ],
            [
              41.78360336006643,
              15.14607114760752
            ],
            [
              41.772247006306664,
              15.136873912500098
            ],
            [
              41.771814378020075,
              15.136560280169297
            ],
            [
              41.77135075017172,
              15.13629460801888
            ],
            [
              41.77086141799385,
              15.136079930369888
            ],
            [
              41.770351970295536,
              15.13591869911993
            ],
            [
              41.76982822563124,
              15.135812755739304
            ],
            [
              41.760238076705456,
              15.134401317751022
            ]
          ]
        ]
      },
      "properties": {
        "layer": "hourly_backtrack_corridor",
        "step_index": 9,
        "timestamp": "2024-08-22T18:30:00Z",
        "hours_prior": 9,
        "active_particles": 500,
        "centroid_latitude": 15.325095672607421,
        "centroid_longitude": 41.72739402770996
      }
    },
    {
      "type": "Feature",
      "geometry": {
        "type": "Polygon",
        "coordinates": [
          [
            [
              41.76381479729259,
              15.140069951589346
            ],
            [
              41.763375608526445,
              15.139951894329148
            ],
            [
              41.76292750956689,
              15.139874230879293
            ],
            [
              41.76247420752389,
              15.139837603747297
            ],
            [
              41.76201945255233,
              15.139842315948378
            ],
            [
              41.75373011539413,
              15.140305801666152
            ],
            [
              41.75324819002201,
              15.140356264321055
            ],
            [
              41.75277341245108,
              15.140453139508594
            ],
            [
              41.74338925717764,
              15.142846862042774
            ],
            [
              41.74290378583535,
              15.142997357011515
            ],
            [
              41.742436101169154,
              15.143196360058743
            ],
            [
              41.74199103587994,
              15.143441814836939
            ],
            [
              41.74157318893701,
              15.1437311850014
            ],
            [
              41.74118687805577,
              15.14406148041892
            ],
            [
              41.74083609508174,
              15.144429288065565
            ],
            [
              41.740524464741824,
              15.144830807294301
            ],
            [
              41.733043843403934,
              15.155552967633657
            ],
            [
              41.73276435917312,
              15.156002533200414
            ],
            [
              41.73253397084205,
              15.15647912721107
            ],
            [
              41.732355260793284,
              15.156977407606588
            ],
            [
              41.71543707842024,
              15.213382475050436
            ],
            [
              41.715344413947975,
              15.213738534510162
            ],
            [
              41.67507646961204,
              15.395689103662994
            ],
            [
              41.674992983426975,
              15.396181986994474
            ],
            [
              41.67495913176014,
              15.39668074343423
            ],
            [
              41.6749752529981,
              15.397180387334656
            ],
            [
              41.67504118599044,
              15.397675924176948
            ],
            [
              41.67515627166061,
              15.398162400497098
            ],
            [
              41.67531935959421,
              15.398634953401501
            ],
            [
              41.68356673508249,
              15.419144673250134
            ],
            [
              41.683782653777065,
              15.41961087253183
            ],
            [
              41.684045273432794,
              15.420052453293808
            ],
            [
              41.68435182117843,
              15.420464753102888
            ],
            [
              41.700800795787806,
              15.440365075063337
            ],
            [
              41.7011278183186,
              15.44072373680317
            ],
            [
              41.701488075579796,
              15.441049000826723
            ],
            [
              41.701878172766655,
              15.441337802080298
            ],
            [
              41.70229443388448,
              15.441587419109057
            ],
            [
              41.702732936388564,
              15.441795499702051
            ],
            [
              41.70318954814738,
              15.441960083057765
            ],
            [
              41.70365996638085,
              15.442079618261289
            ],
            [
              41.70413975820664,
              15.442152978899031
            ],
            [
              41.70462440241243,
              15.44217947367322
            ],
            [
              41.705109332060566,
              15.442158852916203
            ],
            [
              41.7055899775236,
              15.44209131094313
            ],
            [
              41.706061809545155,
              15.441977484220871
            ],
            [
              41.70652038192036,
              15.441818445370403
            ],
            [
              41.70696137339372,
              15.441615693059216
            ],
            [
              41.707380628379454,
              15.441371137878939
            ],
            [
              41.707774196120795,
              15.44108708434131
            ],
            [
              41.70813836791904,
              15.440766209162112
            ],
            [
              41.70846971208167,
              15.440411536037738
            ],
            [
              41.708765106260145,
              15.440026407152052
            ],
            [
              41.73639877325233,
              15.400127534776564
            ],
            [
              41.73665246855977,
              15.399720890111396
            ],
            [
              41.736866062743744,
              15.39929182284709
            ],
            [
              41.737037593119815,
              15.398844275617394
            ],
            [
              41.73716548352149,
              15.398382360865643
            ],
            [
              41.79075435070899,
              15.161142523219159
            ],
            [
              41.79083868349812,
              15.1606604981991
            ],
            [
              41.79087549345219,
              15.160172537989077
            ],
            [
              41.79086442799053,
              15.159683316469883
            ],
            [
              41.79080559310261,
              15.15919751960364
            ],
            [
              41.79069955233287,
              15.158719800549765
            ],
            [
              41.79054732138279,
              15.1582547350951
            ],
            [
              41.790350358382156,
              15.15780677782519
            ],
            [
              41.79011054992247,
              15.157380219456442
            ],
            [
              41.78983019298642,
              15.156979145737912
            ],
            [
              41.78951197294644,
              15.156607398316343
            ],
            [
              41.78915893784315,
              15.156268537939308
            ],
            [
              41.77519714585096,
              15.144122541845558
            ],
            [
              41.77479611626828,
              15.143808090420583
            ],
            [
              41.774365161666935,
              15.143536093074209
            ],
            [
              41.77390875887961,
              15.143309375363009
            ],
            [
              41.77343164909923,
              15.143130292470694
            ],
            [
              41.76381479729259,
              15.140069951589346
            ]
          ]
        ]
      },
      "properties": {
        "layer": "hourly_backtrack_corridor",
        "step_index": 10,
        "timestamp": "2024-08-22T17:30:00Z",
        "hours_prior": 10,
        "active_particles": 500,
        "centroid_latitude": 15.354208507537841,
        "centroid_longitude": 41.711734008789065
      }
    },
    {
      "type": "Feature",
      "geometry": {
        "type": "Polygon",
        "coordinates": [
          [
            [
              41.75551886706401,
              15.141765149326412
            ],
            [
              41.75506092852258,
              15.141748800509067
            ],
            [
              41.754603416363196,
              15.141774444525414
            ],
            [
              41.73731902305265,
              15.143540649359398
            ],
            [
              41.73682379995259,
              15.143616484090899
            ],
            [
              41.736338651875876,
              15.143741496766213
            ],
            [
              41.73586844964758,
              15.143914432273954
            ],
            [
              41.73541791403837,
              15.144133554363588
            ],
            [
              41.73499156836855,
              15.14439666307716
            ],
            [
              41.7345936930945,
              15.144701116836595
            ],
            [
              41.734228282833456,
              15.145043858964812
            ],
            [
              41.733899006258035,
              15.145421448374364
            ],
            [
              41.73360916926323,
              15.145830094115533
            ],
            [
              41.73336168177567,
              15.146265693436968
            ],
            [
              41.73315902853831,
              15.146723872976796
            ],
            [
              41.72854705954417,
              15.158745891409414
            ],
            [
              41.72852933891455,
              15.15879278540148
            ],
            [
              41.70806348808447,
              15.213783553834098
            ],
            [
              41.707939431383416,
              15.214162462783195
            ],
            [
              41.70784595929885,
              15.214550051516506
            ],
            [
              41.67109516584182,
              15.39890960199258
            ],
            [
              41.67102215553745,
              15.39940321804147
            ],
            [
              41.670998708967424,
              15.399901653159237
            ],
            [
              41.67102505964768,
              15.400399943185143
            ],
            [
              41.671100945138825,
              15.400893125403499
            ],
            [
              41.67122560965988,
              15.401376287969782
            ],
            [
              41.67139781161551,
              15.40184461883012
            ],
            [
              41.67161583596166,
              15.4022934536469
            ],
            [
              41.68273567849096,
              15.42254663510442
            ],
            [
              41.68310455638497,
              15.423121543598237
            ],
            [
              41.699290316883015,
              15.444913955402436
            ],
            [
              41.69960790968507,
              15.445299689785454
            ],
            [
              41.699962415465684,
              15.445651800355696
            ],
            [
              41.70035029404217,
              15.445966770849653
            ],
            [
              41.70076767196284,
              15.446241455893833
            ],
            [
              41.70121038118824,
              15.44647311241524
            ],
            [
              41.7016740007142,
              15.44665942703438
            ],
            [
              41.70215390072113,
              15.446798539167242
            ],
            [
              41.7026452888085,
              15.446889059605558
            ],
            [
              41.70314325785296,
              15.446930084389775
            ],
            [
              41.7036428350121,
              15.446921203836217
            ],
            [
              41.70413903138446,
              15.446862506628296
            ],
            [
              41.70462689182997,
              15.446754578930893
            ],
            [
              41.70510154445319,
              15.44659849853677
            ],
            [
              41.70555824925527,
              15.446395824103464
            ],
            [
              41.70599244546876,
              15.446148579588145
            ],
            [
              41.70639979710254,
              15.445859234035883
            ],
            [
              41.70677623624215,
              15.445530676923145
            ],
            [
              41.707118003672946,
              15.445166189302768
            ],
            [
              41.70742168642058,
              15.444769411038555
            ],
            [
              41.73504390932097,
              15.404676942776836
            ],
            [
              41.73529348313805,
              15.404275282379059
            ],
            [
              41.735503995607125,
              15.403851840924217
            ],
            [
              41.735673563751725,
              15.403410405980365
            ],
            [
              41.73580067083113,
              15.40295492606239
            ],
            [
              41.752180980889726,
              15.331331123877332
            ],
            [
              41.75220778075288,
              15.331206670500833
            ],
            [
              41.78602125731538,
              15.163858762480814
            ],
            [
              41.786095308574694,
              15.163367791851522
            ],
            [
              41.78612029913851,
              15.162871897488223
            ],
            [
              41.78609598256415,
              15.162375969618424
            ],
            [
              41.7860225986478,
              15.161884898800055
            ],
            [
              41.7859008710598,
              15.161403527693574
            ],
            [
              41.78573200020825,
              15.16093660330641
            ],
            [
              41.7855176514012,
              15.160488730180685
            ],
            [
              41.785259938424396,
              15.160064324985832
            ],
            [
              41.78496140269629,
              15.15966757296394
            ],
            [
              41.78462498820604,
              15.159302386657263
            ],
            [
              41.78425401248157,
              15.158972367324973
            ],
            [
              41.76488679446399,
              15.143395051040793
            ],
            [
              41.76448507824865,
              15.143103559085215
            ],
            [
              41.76405644165772,
              15.142853330887847
            ],
            [
              41.76360510836436,
              15.142646832132066
            ],
            [
              41.76313552568909,
              15.142486097602735
            ],
            [
              41.76265232077707,
              15.142372711135975
            ],
            [
              41.762160255003465,
              15.142307790012447
            ],
            [
              41.75551886706401,
              15.141765149326412
            ]
          ]
        ]
      },
      "properties": {
        "layer": "hourly_backtrack_corridor",
        "step_index": 11,
        "timestamp": "2024-08-22T16:30:00Z",
        "hours_prior": 11,
        "active_particles": 500,
        "centroid_latitude": 15.356961116790771,
        "centroid_longitude": 41.715944900512696
      }
    },
    {
      "type": "Feature",
      "geometry": {
        "type": "Polygon",
        "coordinates": [
          [
            [
              41.74687326530297,
              15.142146537746074
            ],
            [
              41.74636419914367,
              15.142062330630479
            ],
            [
              41.74584916532726,
              15.142031035889442
            ],
            [
              41.74533364874124,
              15.142052986798427
            ],
            [
              41.74482313941441,
              15.142127949589742
            ],
            [
              41.744323074050406,
              15.142255125942063
            ],
            [
              41.74383877812919,
              15.142433161482217
            ],
            [
              41.734748354545204,
              15.146318430647256
            ],
            [
              41.734337344319826,
              15.146516745661513
            ],
            [
              41.733946127500886,
              15.146751708745477
            ],
            [
              41.7335779630536,
              15.147021362579117
            ],
            [
              41.733235917909305,
              15.147323460857015
            ],
            [
              41.73292284141693,
              15.147655487000815
            ],
            [
              41.73264134160698,
              15.148014675123173
            ],
            [
              41.722643020073775,
              15.162047039014775
            ],
            [
              41.722346748611656,
              15.162515849219847
            ],
            [
              41.72210421816958,
              15.163014586397441
            ],
            [
              41.72191841245199,
              15.163537114887536
            ],
            [
              41.70683509946371,
              15.214799970417321
            ],
            [
              41.70674128390424,
              15.215170599123889
            ],
            [
              41.66758723116987,
              15.399161077639514
            ],
            [
              41.66750824619682,
              15.399650155779012
            ],
            [
              41.667478048766384,
              15.400144649629022
            ],
            [
              41.66749693534009,
              15.400639704524803
            ],
            [
              41.66756472050009,
              15.401130460293578
            ],
            [
              41.6676807387695,
              15.401612098969004
            ],
            [
              41.667843851145676,
              15.402079892091269
            ],
            [
              41.66805245628232,
              15.402529247128484
            ],
            [
              41.678752682112396,
              15.422873981320379
            ],
            [
              41.67896503525407,
              15.423239367767998
            ],
            [
              41.67920748563193,
              15.423585516474713
            ],
            [
              41.679478301169674,
              15.423909954538754
            ],
            [
              41.6957441703103,
              15.441801838388852
            ],
            [
              41.69609822172372,
              15.44215419153236
            ],
            [
              41.69648566286738,
              15.442469460467215
            ],
            [
              41.696902626999,
              15.442744498744611
            ],
            [
              41.69734495273079,
              15.442976561425981
            ],
            [
              41.69780822556098,
              15.443163332478042
            ],
            [
              41.69828782193148,
              15.443302947887288
            ],
            [
              41.69877895537186,
              15.443394014263221
            ],
            [
              41.699276724269396,
              15.443435622744683
            ],
            [
              41.69977616078813,
              15.443427358070474
            ],
            [
              41.70027228044891,
              15.443369302723742
            ],
            [
              41.70076013187547,
              15.443262036108784
            ],
            [
              41.70123484621027,
              15.443106628768476
            ],
            [
              41.70169168570662,
              15.442904631700035
            ],
            [
              41.70212609101241,
              15.442658060875743
            ],
            [
              41.702533726673344,
              15.44236937712313
            ],
            [
              41.7029105244017,
              15.442041461565415
            ],
            [
              41.703252723678666,
              15.441677586867296
            ],
            [
              41.72920792387398,
              15.411157147719347
            ],
            [
              41.72950941999911,
              15.410764832527946
            ],
            [
              41.72977066523256,
              15.410344639654529
            ],
            [
              41.72998910134478,
              15.409900683814662
            ],
            [
              41.730162589312165,
              15.409437312421453
            ],
            [
              41.730289430263355,
              15.408959063013745
            ],
            [
              41.747535676601245,
              15.327946337183667
            ],
            [
              41.74753974451476,
              15.32792704176018
            ],
            [
              41.781906352180776,
              15.163307595959399
            ],
            [
              41.781982068112434,
              15.16283091393239
            ],
            [
              41.782011470029424,
              15.162349152389242
            ],
            [
              41.78199428395452,
              15.16186680055084
            ],
            [
              41.781930670033496,
              15.161388353138648
            ],
            [
              41.78182122104292,
              15.160918268491333
            ],
            [
              41.78166695686637,
              15.160460927020424
            ],
            [
              41.78146931499087,
              15.160020590392117
            ],
            [
              41.781230137111855,
              15.159601361815596
            ],
            [
              41.78095165197163,
              15.159207147807914
            ],
            [
              41.78063645459116,
              15.158841621791703
            ],
            [
              41.77053132153452,
              15.148207199489457
            ],
            [
              41.77017229719487,
              15.147865074880642
            ],
            [
              41.769781146583874,
              15.147560199621013
            ],
            [
              41.76936171780563,
              15.147295573045628
            ],
            [
              41.76891813716229,
              15.147073798526646
            ],
            [
              41.768454768559835,
              15.1468970578616
            ],
            [
              41.76797617057641,
              15.146767089809062
            ],
            [
              41.74687326530297,
              15.142146537746074
            ]
          ]
        ]
      },
      "properties": {
        "layer": "hourly_backtrack_corridor",
        "step_index": 12,
        "timestamp": "2024-08-22T15:30:00Z",
        "hours_prior": 12,
        "active_particles": 500,
        "centroid_latitude": 15.294921188354493,
        "centroid_longitude": 41.71642532348633
      }
    },
    {
      "type": "Feature",
      "geometry": {
        "type": "Polygon",
        "coordinates": [
          [
            [
              41.741237904270896,
              15.144677468412704
            ],
            [
              41.740676194465735,
              15.144620325033852
            ],
            [
              41.740111623495004,
              15.144626874077511
            ],
            [
              41.73955139038994,
              15.14469703203466
            ],
            [
              41.730602110604785,
              15.146335444510246
            ],
            [
              41.73010963187453,
              15.146451635432866
            ],
            [
              41.72963141843655,
              15.14661700634323
            ],
            [
              41.729172367878014,
              15.14682986360753
            ],
            [
              41.72873718153088,
              15.147088027264012
            ],
            [
              41.72833031632358,
              15.147388853348893
            ],
            [
              41.727955939135704,
              15.147729260974327
            ],
            [
              41.72761788412321,
              15.148105763881077
            ],
            [
              41.72731961345125,
              15.14851450614278
            ],
            [
              41.72706418183658,
              15.148951301656133
            ],
            [
              41.72012524751041,
              15.162327537618047
            ],
            [
              41.719878456875186,
              15.162883669711986
            ],
            [
              41.70207145003925,
              15.210658938266674
            ],
            [
              41.7019340664928,
              15.211084882959328
            ],
            [
              41.70183532162094,
              15.211521406235134
            ],
            [
              41.667773889736175,
              15.401186246933376
            ],
            [
              41.667713635848415,
              15.401640606298713
            ],
            [
              41.667695241301644,
              15.402098574206443
            ],
            [
              41.66771886066373,
              15.40255630238953
            ],
            [
              41.667784295463115,
              15.40300994459534
            ],
            [
              41.66789099585649,
              15.403455688905359
            ],
            [
              41.66803806524914,
              15.403889789766454
            ],
            [
              41.66822426782895,
              15.404308599464448
            ],
            [
              41.6785277651434,
              15.424886983863862
            ],
            [
              41.67889445564708,
              15.425504218622422
            ],
            [
              41.69805949470958,
              15.45304728655455
            ],
            [
              41.69835164566038,
              15.453426968402878
            ],
            [
              41.69867879283458,
              15.45377694727427
            ],
            [
              41.69903793288392,
              15.454094010215917
            ],
            [
              41.69942576875213,
              15.454375246457053
            ],
            [
              41.69983873994332,
              15.454618074131044
            ],
            [
              41.70027305520875,
              15.454820263978014
            ],
            [
              41.70072472735215,
              15.454979959810373
            ],
            [
              41.70118960983385,
              15.455095695553414
            ],
            [
              41.70166343483769,
              15.455166408704477
            ],
            [
              41.702141852451454,
              15.455191450087183
            ],
            [
              41.702620470600806,
              15.455170589811136
            ],
            [
              41.70309489537042,
              15.455104019382421
            ],
            [
              41.703560771341955,
              15.454992349945487
            ],
            [
              41.704013821578634,
              15.454836606672599
            ],
            [
              41.704449886889286,
              15.45463821935231
            ],
            [
              41.704864964011485,
              15.454399009263419
            ],
            [
              41.705255242363194,
              15.454121172454855
            ],
            [
              41.70561713902547,
              15.453807259585037
            ],
            [
              41.70594733163519,
              15.45346015250575
            ],
            [
              41.706242788885724,
              15.453083037805547
            ],
            [
              41.70650079835561,
              15.452679377555521
            ],
            [
              41.72953394044546,
              15.412525874137552
            ],
            [
              41.729777994739926,
              15.412041243344802
            ],
            [
              41.7299680959306,
              15.41153301992815
            ],
            [
              41.745955492170836,
              15.3605104903261
            ],
            [
              41.746113838152084,
              15.359851532368491
            ],
            [
              41.779751838640365,
              15.161515884785484
            ],
            [
              41.779810572860434,
              15.161021118330499
            ],
            [
              41.77981977417289,
              15.160522962843292
            ],
            [
              41.779779351211076,
              15.160026364879398
            ],
            [
              41.779689705364575,
              15.159536255528549
            ],
            [
              41.77955172679353,
              15.159057501450217
            ],
            [
              41.77936678558957,
              15.158594856548955
            ],
            [
              41.77913671817117,
              15.158152914769333
            ],
            [
              41.77886380904846,
              15.157736064479268
            ],
            [
              41.778550768138665,
              15.157348444894648
            ],
            [
              41.7782007038573,
              15.156993904978004
            ],
            [
              41.777817092252405,
              15.156675965219282
            ],
            [
              41.7774037424883,
              15.156397782678308
            ],
            [
              41.764906794246116,
              15.148863755578699
            ],
            [
              41.76448966346774,
              15.148638521090762
            ],
            [
              41.76405307679115,
              15.148453803103962
            ],
            [
              41.763600958757905,
              15.148311262075332
            ],
            [
              41.76313737352322,
              15.148212179327052
            ],
            [
              41.75420335252713,
              15.146741613531153
            ],
            [
              41.754177357395896,
              15.146737404936141
            ],
            [
              41.741237904270896,
              15.144677468412704
            ]
          ]
        ]
      },
      "properties": {
        "layer": "hourly_backtrack_corridor",
        "step_index": 13,
        "timestamp": "2024-08-22T14:30:00Z",
        "hours_prior": 13,
        "active_particles": 500,
        "centroid_latitude": 15.390021781921387,
        "centroid_longitude": 41.70807075500488
      }
    },
    {
      "type": "Feature",
      "geometry": {
        "type": "Polygon",
        "coordinates": [
          [
            [
              41.73753111688917,
              15.132720251482066
            ],
            [
              41.73705743835929,
              15.13269914837515
            ],
            [
              41.73658389069617,
              15.132723008415946
            ],
            [
              41.73611473235655,
              15.13279161703904
            ],
            [
              41.73565418232545,
              15.132904357269885
            ],
            [
              41.73520638217622,
              15.133060215273058
            ],
            [
              41.73477535882679,
              15.133257789469342
            ],
            [
              41.73436498832686,
              15.133495303139652
            ],
            [
              41.73397896100195,
              15.133770620402494
            ],
            [
              41.73362074826749,
              15.134081265421232
            ],
            [
              41.733293571411544,
              15.13442444466846
            ],
            [
              41.733000372626826,
              15.134797072047267
            ],
            [
              41.721918677070185,
              15.150344824427638
            ],
            [
              41.72160814960325,
              15.150839225506349
            ],
            [
              41.72135737001853,
              15.151366453478145
            ],
            [
              41.69682886660056,
              15.211798887560176
            ],
            [
              41.696653589213035,
              15.212307750305486
            ],
            [
              41.696534022250894,
              15.212832504722055
            ],
            [
              41.66404806033683,
              15.401875549766
            ],
            [
              41.66398720009304,
              15.402385355926313
            ],
            [
              41.66397894121902,
              15.402898715528703
            ],
            [
              41.664023370798425,
              15.403410215580356
            ],
            [
              41.66412002035458,
              15.403914462696024
            ],
            [
              41.664267870790255,
              15.404406139967248
            ],
            [
              41.66446536313325,
              15.404880063025162
            ],
            [
              41.66471041497462,
              15.4053312347058
            ],
            [
              41.66500044242608,
              15.40575489774144
            ],
            [
              41.665332387365204,
              15.406146584922434
            ],
            [
              41.68353612271677,
              15.425515710288645
            ],
            [
              41.68387403442287,
              15.425842945753354
            ],
            [
              41.68424120237514,
              15.426136978175576
            ],
            [
              41.68463437688207,
              15.426395205164072
            ],
            [
              41.685050078076095,
              15.426615341230576
            ],
            [
              41.68548462671281,
              15.426795438017942
            ],
            [
              41.68593417673484,
              15.42693390154447
            ],
            [
              41.68639474931214,
              15.427029506311738
            ],
            [
              41.70949655595277,
              15.430701152429902
            ],
            [
              41.71000050386145,
              15.430755235259925
            ],
            [
              41.71050733784206,
              15.430758021525145
            ],
            [
              41.711011849902825,
              15.430709482595189
            ],
            [
              41.711508855910935,
              15.43061011723367
            ],
            [
              41.71199324886234,
              15.430460946473126
            ],
            [
              41.71246005135892,
              15.43026350312336
            ],
            [
              41.71290446675391,
              15.43001981602099
            ],
            [
              41.71332192844011,
              15.42973238918207
            ],
            [
              41.71370814677413,
              15.429404176071973
            ],
            [
              41.71405915315485,
              15.429038549256948
            ],
            [
              41.727402964190006,
              15.413648153138784
            ],
            [
              41.727694013893,
              15.413278696220715
            ],
            [
              41.72794906122319,
              15.41288352637965
            ],
            [
              41.72816584943667,
              15.412466140210235
            ],
            [
              41.72834246031897,
              15.412030230884598
            ],
            [
              41.73232500426428,
              15.40069581163411
            ],
            [
              41.73245754617065,
              15.400254560890048
            ],
            [
              41.755402950223385,
              15.308759046974032
            ],
            [
              41.755498555056235,
              15.308279538256715
            ],
            [
              41.778142598024985,
              15.15627911101062
            ],
            [
              41.77819019328506,
              15.155806493214651
            ],
            [
              41.778192724970985,
              15.155331491656323
            ],
            [
              41.77815017023348,
              15.154858393374605
            ],
            [
              41.77806291314248,
              15.154391468230799
            ],
            [
              41.777931741220776,
              15.153934930371683
            ],
            [
              41.77594046924812,
              15.148069833325785
            ],
            [
              41.775769643985775,
              15.14763466553811
            ],
            [
              41.775558922076804,
              15.147217354442207
            ],
            [
              41.7753101456713,
              15.14682154820963
            ],
            [
              41.775025489595215,
              15.146450707014463
            ],
            [
              41.77470744233786,
              15.146108072784157
            ],
            [
              41.77435878429729,
              15.14579664085832
            ],
            [
              41.77398256347381,
              15.145519133803168
            ],
            [
              41.758639851071464,
              15.135273810622015
            ],
            [
              41.758213675740535,
              15.135018880197112
            ],
            [
              41.75776431381117,
              15.134807482962811
            ],
            [
              41.75729619805787,
              15.134641704267718
            ],
            [
              41.75681394625407,
              15.13452317945191
            ],
            [
              41.75632231561964,
              15.134453077714976
            ],
            [
              41.73753111688917,
              15.132720251482066
            ]
          ]
        ]
      },
      "properties": {
        "layer": "hourly_backtrack_corridor",
        "step_index": 14,
        "timestamp": "2024-08-22T13:30:00Z",
        "hours_prior": 14,
        "active_particles": 500,
        "centroid_latitude": 15.282092571258545,
        "centroid_longitude": 41.729424209594725
      }
    },
    {
      "type": "Feature",
      "geometry": {
        "type": "Polygon",
        "coordinates": [
          [
            [
              41.73287215679648,
              15.145032330260646
            ],
            [
              41.73235809559171,
              15.145053295376238
            ],
            [
              41.73184891021643,
              15.145126975169484
            ],
            [
              41.73134999189401,
              15.14525258952328
            ],
            [
              41.73086662314087,
              15.145428808440592
            ],
            [
              41.73040392183557,
              15.14565376612639
            ],
            [
              41.72996678703099,
              15.145925080742572
            ],
            [
              41.729559847083486,
              15.146239879626709
            ],
            [
              41.71610159513036,
              15.157805088061767
            ],
            [
              41.71575557961465,
              15.158132339309642
            ],
            [
              41.715442269490644,
              15.158491027032518
            ],
            [
              41.715164507359894,
              15.158877896926757
            ],
            [
              41.71492481330396,
              15.15928943899738
            ],
            [
              41.71472536202017,
              15.159721919403575
            ],
            [
              41.71456796309107,
              15.160171414335098
            ],
            [
              41.699435059038336,
              15.211034680326309
            ],
            [
              41.69930263793734,
              15.211596659865249
            ],
            [
              41.66590114867953,
              15.402016810622085
            ],
            [
              41.66583875385865,
              15.402523188096037
            ],
            [
              41.66582828805611,
              15.40303328781842
            ],
            [
              41.66586986024656,
              15.40354179840118
            ],
            [
              41.66596303756163,
              15.404043425003103
            ],
            [
              41.666106849797146,
              15.404532944462076
            ],
            [
              41.66629979951534,
              15.40500525968102
            ],
            [
              41.66653987763685,
              15.405455452701148
            ],
            [
              41.68329784272474,
              15.433351380130347
            ],
            [
              41.68361182716366,
              15.433813445088823
            ],
            [
              41.683975397702724,
              15.434237599208059
            ],
            [
              41.68438401566905,
              15.434618547513384
            ],
            [
              41.70570435868663,
              15.452375963284869
            ],
            [
              41.7060931387981,
              15.45266893165204
            ],
            [
              41.70650856619932,
              15.452922704214691
            ],
            [
              41.70694670296357,
              15.453134875407482
            ],
            [
              41.70740339589713,
              15.453303434013518
            ],
            [
              41.707874315908334,
              15.4534267822291
            ],
            [
              41.70835499904393,
              15.453503750809652
            ],
            [
              41.70884088880389,
              15.453533610153256
            ],
            [
              41.70932737933347,
              15.453516077216696
            ],
            [
              41.7098098590831,
              15.453451318198493
            ],
            [
              41.710283754522244,
              15.45333994696347
            ],
            [
              41.710744573492946,
              15.453183019223793
            ],
            [
              41.71118794779191,
              15.452982022531652
            ],
            [
              41.71160967457771,
              15.452738862178421
            ],
            [
              41.71200575621036,
              15.452455843133992
            ],
            [
              41.71237243814591,
              15.452135648197466
            ],
            [
              41.712706244526515,
              15.451781312566307
            ],
            [
              41.71300401112885,
              15.451396195065058
            ],
            [
              41.71326291535853,
              15.450983946306305
            ],
            [
              41.71348050300601,
              15.450548474085721
            ],
            [
              41.72913220588687,
              15.414992634547147
            ],
            [
              41.729278291755506,
              15.414621239569076
            ],
            [
              41.72939429164868,
              15.414239376589025
            ],
            [
              41.75676474452954,
              15.30923888067838
            ],
            [
              41.756863743789374,
              15.308766887849098
            ],
            [
              41.78047290516633,
              15.161067531769996
            ],
            [
              41.78052577420138,
              15.160591364598346
            ],
            [
              41.780532827235604,
              15.160112323300615
            ],
            [
              41.780493999513595,
              15.159634806056708
            ],
            [
              41.78040964752092,
              15.159163197053871
            ],
            [
              41.78028054571113,
              15.158701826234536
            ],
            [
              41.78010787939538,
              15.15825492954219
            ],
            [
              41.77989323385978,
              15.157826610030293
            ],
            [
              41.77963857981059,
              15.157420800191263
            ],
            [
              41.779346255280714,
              15.15704122585143
            ],
            [
              41.77901894416377,
              15.15669137196343
            ],
            [
              41.77865965157264,
              15.156374450610123
            ],
            [
              41.77827167624891,
              15.156093371513771
            ],
            [
              41.77785858027645,
              15.155850715321263
            ],
            [
              41.77742415637713,
              15.15564870991064
            ],
            [
              41.75278121204119,
              15.145596028941402
            ],
            [
              41.752337594653355,
              15.145438980422608
            ],
            [
              41.7518811772357,
              15.14532433416268
            ],
            [
              41.75141600292769,
              15.145253105746912
            ],
            [
              41.75094619244101,
              15.145225926146876
            ],
            [
              41.73287215679648,
              15.145032330260646
            ]
          ]
        ]
      },
      "properties": {
        "layer": "hourly_backtrack_corridor",
        "step_index": 15,
        "timestamp": "2024-08-22T12:30:00Z",
        "hours_prior": 15,
        "active_particles": 500,
        "centroid_latitude": 15.387729663848877,
        "centroid_longitude": 41.70642723083496
      }
    },
    {
      "type": "Feature",
      "geometry": {
        "type": "Polygon",
        "coordinates": [
          [
            [
              41.75178647019777,
              15.142129621806234
            ],
            [
              41.75132994409408,
              15.142020463017388
            ],
            [
              41.75086519331048,
              15.141954596230041
            ],
            [
              41.75039631382063,
              15.141932601945909
            ],
            [
              41.749927437985605,
              15.141954674006529
            ],
            [
              41.749462698134245,
              15.1420206178849
            ],
            [
              41.73553523841745,
              15.14466897146156
            ],
            [
              41.735078841496524,
              15.144778173820033
            ],
            [
              41.734634692755414,
              15.144929683556654
            ],
            [
              41.73420670467025,
              15.145122166032424
            ],
            [
              41.733798647359045,
              15.145353925682272
            ],
            [
              41.7243267540485,
              15.151338232017721
            ],
            [
              41.72395025674604,
              15.151601038414888
            ],
            [
              41.72359945487219,
              15.151897273906437
            ],
            [
              41.72327730663281,
              15.152224440428272
            ],
            [
              41.72298652860633,
              15.152579779084293
            ],
            [
              41.722729572835696,
              15.15296029341134
            ],
            [
              41.718544849935306,
              15.159816258071984
            ],
            [
              41.71830323947731,
              15.160261320624324
            ],
            [
              41.71810788771337,
              15.16072854003449
            ],
            [
              41.700598427264154,
              15.209395494075018
            ],
            [
              41.70046617913839,
              15.209821963643078
            ],
            [
              41.700372504422745,
              15.21025853082794
            ],
            [
              41.66863040847548,
              15.39890484735626
            ],
            [
              41.66857435013433,
              15.399370678760947
            ],
            [
              41.66856220337054,
              15.399839713825026
            ],
            [
              41.66859407514435,
              15.40030782238641
            ],
            [
              41.66866968480384,
              15.400770882441476
            ],
            [
              41.66878836655625,
              15.40122481644202
            ],
            [
              41.66894907533073,
              15.40166562720075
            ],
            [
              41.67988962708854,
              15.427794396121648
            ],
            [
              41.680103180567755,
              15.428240971753963
            ],
            [
              41.68035984516473,
              15.428664242552061
            ],
            [
              41.681210522654965,
              15.429922138975401
            ],
            [
              41.68148684068263,
              15.430292601771493
            ],
            [
              41.68179618453624,
              15.430635968508279
            ],
            [
              41.68213591125201,
              15.430949305538155
            ],
            [
              41.70666441466998,
              15.451558207515694
            ],
            [
              41.707045768236256,
              15.451848611620704
            ],
            [
              41.70745317772052,
              15.452101163791268
            ],
            [
              41.70788289878374,
              15.45231354292053
            ],
            [
              41.70833098203002,
              15.452483797116129
            ],
            [
              41.708793309303935,
              15.452610361639264
            ],
            [
              41.70926563153883,
              15.452692073285592
            ],
            [
              41.709743607808335,
              15.45272818107577
            ],
            [
              41.710222845222084,
              15.452718353157419
            ],
            [
              41.71069893929905,
              15.452662679855036
            ],
            [
              41.711167514447354,
              15.45256167283987
            ],
            [
              41.71162426417861,
              15.452416260427343
            ],
            [
              41.71206499068716,
              15.452227779045279
            ],
            [
              41.71248564343042,
              15.451997960951322
            ],
            [
              41.71288235635583,
              15.451728918312444
            ],
            [
              41.713251483432195,
              15.451423123792853
            ],
            [
              41.713589632158936,
              15.451083387828723
            ],
            [
              41.71389369474519,
              15.450712832798585
            ],
            [
              41.714160876672295,
              15.450314864326781
            ],
            [
              41.71438872237711,
              15.449893139983734
            ],
            [
              41.74215208907633,
              15.392033719207367
            ],
            [
              41.74231655664201,
              15.391650823912187
            ],
            [
              41.742448568420066,
              15.391255562887437
            ],
            [
              41.7425472074124,
              15.3908506817488
            ],
            [
              41.75977438026396,
              15.304665226426534
            ],
            [
              41.75979140361463,
              15.304575836129347
            ],
            [
              41.78653243144666,
              15.156855499215284
            ],
            [
              41.78659592019843,
              15.156370423762734
            ],
            [
              41.78661170087474,
              15.155881465700604
            ],
            [
              41.786579622404645,
              15.155393305902972
            ],
            [
              41.78649999188049,
              15.154910617602004
            ],
            [
              41.78637357161807,
              15.154438021650353
            ],
            [
              41.786201571858875,
              15.153980042284983
            ],
            [
              41.78598563918423,
              15.153541063815934
            ],
            [
              41.785727840752315,
              15.153125288654614
            ],
            [
              41.78543064450894,
              15.152736697083437
            ],
            [
              41.78509689556149,
              15.15237900915194
            ],
            [
              41.784729788942236,
              15.152055649064152
            ],
            [
              41.78433283902184,
              15.151769712398147
            ],
            [
              41.78390984586566,
              15.15152393647156
            ],
            [
              41.783464858855126,
              15.151320674136823
            ],
            [
              41.78300213792238,
              15.151161871256917
            ],
            [
              41.75178647019777,
              15.142129621806234
            ]
          ]
        ]
      },
      "properties": {
        "layer": "hourly_backtrack_corridor",
        "step_index": 16,
        "timestamp": "2024-08-22T11:30:00Z",
        "hours_prior": 16,
        "active_particles": 500,
        "centroid_latitude": 15.343831729888915,
        "centroid_longitude": 41.71462059020996
      }
    },
    {
      "type": "Feature",
      "geometry": {
        "type": "Polygon",
        "coordinates": [
          [
            [
              41.746291131907284,
              15.13789543921542
            ],
            [
              41.74583000047294,
              15.13784466433141
            ],
            [
              41.74536614792708,
              15.137836847408906
            ],
            [
              41.74490356748884,
              15.13787205574232
            ],
            [
              41.74444624142605,
              15.137949986229748
            ],
            [
              41.74399810677258,
              15.138069967982307
            ],
            [
              41.73502593880383,
              15.140924315211311
            ],
            [
              41.734718683144365,
              15.141033214838382
            ],
            [
              41.721710565468584,
              15.146126789362308
            ],
            [
              41.721250886591946,
              15.146334093170491
            ],
            [
              41.72081442591669,
              15.14658664339812
            ],
            [
              41.7204056227636,
              15.14688187131098
            ],
            [
              41.720028635143734,
              15.147216774092374
            ],
            [
              41.71968729746663,
              15.147587945385315
            ],
            [
              41.71938508153976,
              15.147991609939199
            ],
            [
              41.719125061256186,
              15.148423662008566
            ],
            [
              41.71890988132942,
              15.148879707113384
            ],
            [
              41.71874173039354,
              15.1493551067361
            ],
            [
              41.70090802067674,
              15.209221058274187
            ],
            [
              41.70075937259535,
              15.209879781274172
            ],
            [
              41.672103366735975,
              15.394042874841066
            ],
            [
              41.67205267105441,
              15.394515850055694
            ],
            [
              41.672047151240875,
              15.394991502384018
            ],
            [
              41.67208685725535,
              15.395465526685289
            ],
            [
              41.67217142971773,
              15.395933632554073
            ],
            [
              41.67230010316061,
              15.396391583152804
            ],
            [
              41.6822106866567,
              15.426148129173312
            ],
            [
              41.68239907958762,
              15.426629282874424
            ],
            [
              41.68263612453251,
              15.427088423892648
            ],
            [
              41.68291928984396,
              15.427520648587572
            ],
            [
              41.68324555130761,
              15.427921340785964
            ],
            [
              41.683611424440834,
              15.428286221082631
            ],
            [
              41.70981457995841,
              15.451846745069448
            ],
            [
              41.71020123370357,
              15.452161017228343
            ],
            [
              41.710617246841835,
              15.452435245558936
            ],
            [
              41.7110584880614,
              15.45266670677527
            ],
            [
              41.71152057551733,
              15.452853102299812
            ],
            [
              41.71199892034651,
              15.452992581089987
            ],
            [
              41.712488772238274,
              15.453083758020378
            ],
            [
              41.712985266608534,
              15.453125727638028
            ],
            [
              41.71348347290856,
              15.453118073154227
            ],
            [
              41.713978443588914,
              15.453060870583549
            ],
            [
              41.71446526323222,
              15.452954687988951
            ],
            [
              41.7149390973668,
              15.452800579840511
            ],
            [
              41.715395240476475,
              15.45260007654377
            ],
            [
              41.71582916272976,
              15.452355169241699
            ],
            [
              41.716236554964375,
              15.4520682900412
            ],
            [
              41.71661337148035,
              15.451742287860535
            ],
            [
              41.71695587021672,
              15.451380400137493
            ],
            [
              41.71726064991296,
              15.450986220679296
            ],
            [
              41.71752468388592,
              15.45056366397348
            ],
            [
              41.71774535008699,
              15.450116926314212
            ],
            [
              41.7431016428116,
              15.391609007002689
            ],
            [
              41.74329619543315,
              15.391080265600092
            ],
            [
              41.74343002914245,
              15.390532993518192
            ],
            [
              41.787398229826046,
              15.153580211840946
            ],
            [
              41.78746339922919,
              15.153100582657283
            ],
            [
              41.78748188609089,
              15.152616899454275
            ],
            [
              41.78745351715878,
              15.15213369514074
            ],
            [
              41.78737855829652,
              15.151655498137513
            ],
            [
              41.78725771199219,
              15.151186789938675
            ],
            [
              41.78709211077484,
              15.150731963112575
            ],
            [
              41.78688330660083,
              15.150295280136216
            ],
            [
              41.78663325630941,
              15.149880833448826
            ],
            [
              41.78634430328395,
              15.149492507098957
            ],
            [
              41.78601915549054,
              15.149133940344544
            ],
            [
              41.785660860099924,
              15.148808493547067
            ],
            [
              41.78527277493044,
              15.148519216679416
            ],
            [
              41.78485853697978,
              15.148268820742627
            ],
            [
              41.78442202834028,
              15.148059652359333
            ],
            [
              41.78396733981735,
              15.14789367178203
            ],
            [
              41.775410973850555,
              15.14523196676494
            ],
            [
              41.775385631218136,
              15.145224156854873
            ],
            [
              41.76084019054431,
              15.140783849237685
            ],
            [
              41.7607549382664,
              15.140758650448884
            ],
            [
              41.7564824773289,
              15.139536993649568
            ],
            [
              41.75588509553033,
              15.139405105658291
            ],
            [
              41.746291131907284,
              15.13789543921542
            ]
          ]
        ]
      },
      "properties": {
        "layer": "hourly_backtrack_corridor",
        "step_index": 17,
        "timestamp": "2024-08-22T10:30:00Z",
        "hours_prior": 17,
        "active_particles": 500,
        "centroid_latitude": 15.329195365905761,
        "centroid_longitude": 41.71711044311523
      }
    },
    {
      "type": "Feature",
      "geometry": {
        "type": "Polygon",
        "coordinates": [
          [
            [
              41.74815613964634,
              15.131891078659947
            ],
            [
              41.74764812442444,
              15.13175440191604
            ],
            [
              41.74712856050609,
              15.131671859001392
            ],
            [
              41.746603199671654,
              15.131644363699078
            ],
            [
              41.746077857875676,
              15.131672220393092
            ],
            [
              41.74555835086192,
              15.13175512069869
            ],
            [
              41.7450504297808,
              15.131892146876336
            ],
            [
              41.72089576669486,
              15.139793338587761
            ],
            [
              41.720427924093784,
              15.139972790933756
            ],
            [
              41.71998039216737,
              15.140198168436415
            ],
            [
              41.71955766556547,
              15.140467207585809
            ],
            [
              41.71916398981324,
              15.140777206369634
            ],
            [
              41.71880331867255,
              15.141125051410043
            ],
            [
              41.71847927443354,
              15.141507249231896
            ],
            [
              41.71819511153529,
              15.141919961348416
            ],
            [
              41.71795368388084,
              15.14235904281185
            ],
            [
              41.71775741617491,
              15.142820083841992
            ],
            [
              41.7176082795721,
              15.143298454114442
            ],
            [
              41.70195657669124,
              15.204067535230164
            ],
            [
              41.701877254265796,
              15.204430999328673
            ],
            [
              41.70048870446111,
              15.212164344360412
            ],
            [
              41.70046179756147,
              15.212330167647377
            ],
            [
              41.67457907661421,
              15.390751188155189
            ],
            [
              41.67453020228068,
              15.391298159344151
            ],
            [
              41.674541605965864,
              15.391847191345038
            ],
            [
              41.67461315011113,
              15.392391661378475
            ],
            [
              41.674743971704686,
              15.392925001694495
            ],
            [
              41.68280824172422,
              15.41941807420426
            ],
            [
              41.68300479656239,
              15.419952468165123
            ],
            [
              41.68326083441954,
              15.420461049845409
            ],
            [
              41.68357303488705,
              15.420937223740017
            ],
            [
              41.68494632590267,
              15.422792120285427
            ],
            [
              41.685050748796314,
              15.422928218274937
            ],
            [
              41.690265439958424,
              15.429488543897495
            ],
            [
              41.690571708851856,
              15.429839028834714
            ],
            [
              41.69090924176988,
              15.430159515738577
            ],
            [
              41.691275113782844,
              15.43044722739359
            ],
            [
              41.69166615438545,
              15.430699670601877
            ],
            [
              41.70763066244209,
              15.439982736397775
            ],
            [
              41.70805309091451,
              15.440202159190552
            ],
            [
              41.70849447112199,
              15.440380416557149
            ],
            [
              41.70895080253245,
              15.440515892828582
            ],
            [
              41.70941794910081,
              15.44060736009032
            ],
            [
              41.709891676756754,
              15.44065398931173
            ],
            [
              41.71036769178107,
              15.440655357860141
            ],
            [
              41.71084167972254,
              15.44061145333146
            ],
            [
              41.7113093445028,
              15.440522673662592
            ],
            [
              41.711766447354634,
              15.440389823524672
            ],
            [
              41.71220884524084,
              15.44021410702978
            ],
            [
              41.71263252840543,
              15.43999711681723
            ],
            [
              41.71303365671678,
              15.439740819618404
            ],
            [
              41.71340859447343,
              15.439447538430905
            ],
            [
              41.71375394335687,
              15.439119931463635
            ],
            [
              41.7238934086889,
              15.428539868597424
            ],
            [
              41.724174895815366,
              15.428219901774451
            ],
            [
              41.73357812457513,
              15.41656504795365
            ],
            [
              41.733903727008204,
              15.416111892239776
            ],
            [
              41.73417680817325,
              15.41562527768724
            ],
            [
              41.73439396693126,
              15.415111264925468
            ],
            [
              41.743106735485945,
              15.390783033113944
            ],
            [
              41.74322423388314,
              15.390409462631906
            ],
            [
              41.743312135317026,
              15.39002784224944
            ],
            [
              41.788829103090464,
              15.149751505579518
            ],
            [
              41.788895764027245,
              15.149275481008978
            ],
            [
              41.788916407739755,
              15.148795255114855
            ],
            [
              41.78889084344453,
              15.14831526601179
            ],
            [
              41.788819307399685,
              15.147839949626064
            ],
            [
              41.78870246072154,
              15.1473736987
            ],
            [
              41.788541383274705,
              15.146920822195447
            ],
            [
              41.788337563692316,
              15.146485505471572
            ],
            [
              41.78809288561847,
              15.146071771604904
            ],
            [
              41.78780961030012,
              15.145683444209185
            ],
            [
              41.78749035568926,
              15.145324112098601
            ],
            [
              41.78713807224854,
              15.144997096120942
            ],
            [
              41.78675601568389,
              15.144705418467256
            ],
            [
              41.78634771685621,
              15.144451774741588
            ],
            [
              41.785916949150135,
              15.144238509048966
            ],
            [
              41.78546769360142,
              15.144067592331822
            ],
            [
              41.74815613964634,
              15.131891078659947
            ]
          ]
        ]
      },
      "properties": {
        "layer": "hourly_backtrack_corridor",
        "step_index": 18,
        "timestamp": "2024-08-22T09:30:00Z",
        "hours_prior": 18,
        "active_particles": 500,
        "centroid_latitude": 15.285150814056397,
        "centroid_longitude": 41.719195175170896
      }
    },
    {
      "type": "Feature",
      "geometry": {
        "type": "Polygon",
        "coordinates": [
          [
            [
              41.77069474704535,
              15.088964619421834
            ],
            [
              41.77051248290803,
              15.0885072745586
            ],
            [
              41.77028612441909,
              15.088070071660443
            ],
            [
              41.77001786621043,
              15.087657249576289
            ],
            [
              41.76971030914777,
              15.08727281077377
            ],
            [
              41.76936643511417,
              15.086920482533776
            ],
            [
              41.76898957809963,
              15.086603680813036
            ],
            [
              41.76858339187669,
              15.086325477125122
            ],
            [
              41.76815181457578,
              15.086088568760944
            ],
            [
              41.76769903050352,
              15.085895252637497
            ],
            [
              41.767229429574265,
              15.085747403028362
            ],
            [
              41.76674756474822,
              15.08564645339192
            ],
            [
              41.76625810788875,
              15.085593382473416
            ],
            [
              41.765765804466874,
              15.085588704815654
            ],
            [
              41.76527542755212,
              15.085632465770315
            ],
            [
              41.7647917315358,
              15.085724241058243
            ],
            [
              41.76431940603537,
              15.085863140883
            ],
            [
              41.763863030426776,
              15.086047818557784
            ],
            [
              41.76342702944571,
              15.086276483562067
            ],
            [
              41.763015630288045,
              15.086546918901377
            ],
            [
              41.735454442543904,
              15.106675169023447
            ],
            [
              41.735028001550816,
              15.107024208072719
            ],
            [
              41.73464256125389,
              15.107418055703166
            ],
            [
              41.73430280367626,
              15.107851927766037
            ],
            [
              41.73401285592358,
              15.108320553927513
            ],
            [
              41.72853495065014,
              15.118373234896751
            ],
            [
              41.72839796110738,
              15.118643856424528
            ],
            [
              41.71771680876363,
              15.141434765238005
            ],
            [
              41.71751323129774,
              15.141938774736523
            ],
            [
              41.717365568824455,
              15.142461904885916
            ],
            [
              41.70159942502563,
              15.212726721170096
            ],
            [
              41.70153466758801,
              15.213071551705491
            ],
            [
              41.675606170273554,
              15.384005275155198
            ],
            [
              41.675557050404166,
              15.384482677184138
            ],
            [
              41.67555392718466,
              15.384962589368088
            ],
            [
              41.67559682938931,
              15.385440590267292
            ],
            [
              41.67568536175934,
              15.385912276050691
            ],
            [
              41.67581870864438,
              15.38637330106851
            ],
            [
              41.67599564151714,
              15.386819417888795
            ],
            [
              41.67621453029181,
              15.387246516429096
            ],
            [
              41.67647335834209,
              15.387650661822722
            ],
            [
              41.67676974108042,
              15.388028130670744
            ],
            [
              41.67710094792717,
              15.38837544534574
            ],
            [
              41.6774639274676,
              15.388689406031235
            ],
            [
              41.70203439255549,
              15.407960302942856
            ],
            [
              41.702423978462505,
              15.408236850955232
            ],
            [
              41.702838180482594,
              15.40847495317835
            ],
            [
              41.70327321685219,
              15.408672435681934
            ],
            [
              41.70372511558515,
              15.408827495403477
            ],
            [
              41.70418975073791,
              15.408938716610614
            ],
            [
              41.70466288008034,
              15.40900508382711
            ],
            [
              41.72102030195534,
              15.41050712087545
            ],
            [
              41.7215914970352,
              15.410526769036018
            ],
            [
              41.722161202742036,
              15.410481104202036
            ],
            [
              41.72272197530406,
              15.41037072302999
            ],
            [
              41.738980215050155,
              15.406192675849814
            ],
            [
              41.73943556709266,
              15.40605221404674
            ],
            [
              41.73987547968095,
              15.405869042227376
            ],
            [
              41.740295957088954,
              15.40564482414136
            ],
            [
              41.74069318012037,
              15.405381596361574
            ],
            [
              41.74106354079839,
              15.405081749785952
            ],
            [
              41.74140367513697,
              15.404748007920945
            ],
            [
              41.741710493695905,
              15.404383402143928
            ],
            [
              41.741981209642205,
              15.40399124416918
            ],
            [
              41.74221336406293,
              15.4035750959676
            ],
            [
              41.74240484829946,
              15.403138737413315
            ],
            [
              41.74255392310048,
              15.402686131951086
            ],
            [
              41.74265923441956,
              15.402221390596338
            ],
            [
              41.788538598433234,
              15.142989823213526
            ],
            [
              41.78860137749283,
              15.142488804453379
            ],
            [
              41.788613304424416,
              15.141984008696022
            ],
            [
              41.7885742575919,
              15.141480584070866
            ],
            [
              41.78848463521206,
              15.140983664723915
            ],
            [
              41.788345351293394,
              15.140498318457478
            ],
            [
              41.77069474704535,
              15.088964619421834
            ]
          ]
        ]
      },
      "properties": {
        "layer": "hourly_backtrack_corridor",
        "step_index": 19,
        "timestamp": "2024-08-22T08:30:00Z",
        "hours_prior": 19,
        "active_particles": 500,
        "centroid_latitude": 15.194709682464598,
        "centroid_longitude": 41.74032760620118
      }
    },
    {
      "type": "Feature",
      "geometry": {
        "type": "Polygon",
        "coordinates": [
          [
            [
              41.75657935872638,
              15.126224402109596
            ],
            [
              41.75603821204029,
              15.126079354684203
            ],
            [
              41.7554842354436,
              15.125995757903155
            ],
            [
              41.754924384189856,
              15.125974661335716
            ],
            [
              41.73682746036173,
              15.126307493672142
            ],
            [
              41.73632897890537,
              15.126341630701702
            ],
            [
              41.7358363934035,
              15.126425348217632
            ],
            [
              41.7353546227972,
              15.126557810219829
            ],
            [
              41.73488847803038,
              15.126737693947513
            ],
            [
              41.734442614007875,
              15.126963203088264
            ],
            [
              41.73402148311176,
              15.127232085715928
            ],
            [
              41.72125750606098,
              15.136310111533799
            ],
            [
              41.72084154433396,
              15.136640586982576
            ],
            [
              41.7204629947645,
              15.137013331404479
            ],
            [
              41.720126130998295,
              15.13742413669121
            ],
            [
              41.71983475606799,
              15.137868365045302
            ],
            [
              41.719592159458784,
              15.138341001338656
            ],
            [
              41.71940107997172,
              15.138836709730974
            ],
            [
              41.701197344620155,
              15.194746820204607
            ],
            [
              41.70106861014375,
              15.195219831273981
            ],
            [
              41.700986814188546,
              15.195703175311781
            ],
            [
              41.67905611960847,
              15.379748966937758
            ],
            [
              41.67902177143208,
              15.380252526287153
            ],
            [
              41.679038365718064,
              15.380756982871269
            ],
            [
              41.679105733369425,
              15.381257196240878
            ],
            [
              41.685716603730754,
              15.41670717793033
            ],
            [
              41.685836120341186,
              15.417205061028913
            ],
            [
              41.686005929327266,
              15.417688110413831
            ],
            [
              41.68622424992388,
              15.418151260408017
            ],
            [
              41.6864887926309,
              15.418589654016763
            ],
            [
              41.68679678322279,
              15.41899869386241
            ],
            [
              41.687144991841656,
              15.41937409039645
            ],
            [
              41.69570135780845,
              15.427699667178677
            ],
            [
              41.69607437504587,
              15.42802815359058
            ],
            [
              41.69647816282179,
              15.428317982185138
            ],
            [
              41.696908730983246,
              15.428566288932037
            ],
            [
              41.71772934865903,
              15.439231228812409
            ],
            [
              41.71816493757972,
              15.439428653100585
            ],
            [
              41.71861739564896,
              15.439583558726628
            ],
            [
              41.7190825835259,
              15.439694528526768
            ],
            [
              41.719556245410274,
              15.439760547286875
            ],
            [
              41.720034047976824,
              15.439781011030211
            ],
            [
              41.72051162001901,
              15.439755732542944
            ],
            [
              41.72098459243925,
              15.439684943086888
            ],
            [
              41.7214486382199,
              15.439569290283796
            ],
            [
              41.72189951200921,
              15.439409832190536
            ],
            [
              41.72233308896024,
              15.439208027619411
            ],
            [
              41.722745402467254,
              15.438965722792114
            ],
            [
              41.723132680454434,
              15.438685134449447
            ],
            [
              41.723491379885,
              15.438368829571345
            ],
            [
              41.72381821917485,
              15.43801970189269
            ],
            [
              41.72451630877446,
              15.437198588306265
            ],
            [
              41.72478555025988,
              15.436852180825154
            ],
            [
              41.7250233882189,
              15.436483504509553
            ],
            [
              41.725227991402754,
              15.436095398006648
            ],
            [
              41.73537890082658,
              15.414604347286433
            ],
            [
              41.73541634951683,
              15.414523192121512
            ],
            [
              41.73846429263207,
              15.40775973386956
            ],
            [
              41.73866527970454,
              15.407237535200633
            ],
            [
              41.7471148341479,
              15.380988603315867
            ],
            [
              41.74728437043249,
              15.38029599899293
            ],
            [
              41.75277753449499,
              15.34804273361207
            ],
            [
              41.752778639061475,
              15.348036222139271
            ],
            [
              41.7614647047353,
              15.296625547090443
            ],
            [
              41.761483431506306,
              15.296505905169374
            ],
            [
              41.783902407336384,
              15.140969253558046
            ],
            [
              41.78394927930006,
              15.1404625949268
            ],
            [
              41.78394441552444,
              15.139953796053689
            ],
            [
              41.78388786637877,
              15.139448126058813
            ],
            [
              41.78378021748589,
              15.138950821659622
            ],
            [
              41.783622583657525,
              15.13846703293947
            ],
            [
              41.78341659734927,
              15.138001770013366
            ],
            [
              41.78316439175493,
              15.137559851143237
            ],
            [
              41.782868578715124,
              15.13714585284001
            ],
            [
              41.7825322216691,
              15.136764062469279
            ],
            [
              41.78215880392975,
              15.136418433851354
            ],
            [
              41.78175219261042,
              15.136112546315504
            ],
            [
              41.78131659857712,
              15.135849567632434
            ],
            [
              41.78085653284079,
              15.135632221208853
            ],
            [
              41.76382772424704,
              15.128623668657584
            ],
            [
              41.763487775474424,
              15.128497961679908
            ],
            [
              41.75657935872638,
              15.126224402109596
            ]
          ]
        ]
      },
      "properties": {
        "layer": "hourly_backtrack_corridor",
        "step_index": 20,
        "timestamp": "2024-08-22T07:30:00Z",
        "hours_prior": 20,
        "active_particles": 500,
        "centroid_latitude": 15.358412094116211,
        "centroid_longitude": 41.72389266967774
      }
    },
    {
      "type": "Feature",
      "geometry": {
        "type": "Polygon",
        "coordinates": [
          [
            [
              41.734043023515994,
              15.120790666463941
            ],
            [
              41.73358167546719,
              15.120778151619396
            ],
            [
              41.73312113881485,
              15.120808228775513
            ],
            [
              41.73266533730626,
              15.120880641676557
            ],
            [
              41.732218154345546,
              15.120994773368539
            ],
            [
              41.731783399907265,
              15.121149651455635
            ],
            [
              41.73136477807564,
              15.12134395638495
            ],
            [
              41.71852450707954,
              15.128040657434754
            ],
            [
              41.71811022198039,
              15.128282687091811
            ],
            [
              41.717721042877784,
              15.128563311617414
            ],
            [
              41.717360553496334,
              15.128879946903087
            ],
            [
              41.71703207337364,
              15.129229677238156
            ],
            [
              41.71673862729261,
              15.129609282158832
            ],
            [
              41.71648291742798,
              15.130015266103598
            ],
            [
              41.71626729846358,
              15.130443890601805
            ],
            [
              41.71609375590936,
              15.130891208699081
            ],
            [
              41.696543432423034,
              15.189476375630234
            ],
            [
              41.696396027608834,
              15.190017440693808
            ],
            [
              41.69631013862762,
              15.190571609138575
            ],
            [
              41.67841539375457,
              15.373231711982813
            ],
            [
              41.678391574821084,
              15.373725360438717
            ],
            [
              41.67841660707862,
              15.374218948856017
            ],
            [
              41.67849024595588,
              15.374707654754657
            ],
            [
              41.67861177198295,
              15.375186703357988
            ],
            [
              41.69131852857475,
              15.416574261341387
            ],
            [
              41.691510489814114,
              15.41709467279884
            ],
            [
              41.69175891397774,
              15.41759061900297
            ],
            [
              41.6943490934211,
              15.422115803634318
            ],
            [
              41.69464488017319,
              15.422572890077399
            ],
            [
              41.69498861104805,
              15.422995106733666
            ],
            [
              41.69537621052743,
              15.423377447501498
            ],
            [
              41.69580308295563,
              15.423715379076235
            ],
            [
              41.71620408393219,
              15.438131120043032
            ],
            [
              41.71662842346988,
              15.438400061856633
            ],
            [
              41.71707760950154,
              15.438625063303999
            ],
            [
              41.71754710715741,
              15.438803852826837
            ],
            [
              41.718032176506696,
              15.438934625410877
            ],
            [
              41.71852792041065,
              15.439016060808843
            ],
            [
              41.71902933396291,
              15.439047336869342
            ],
            [
              41.71953135501776,
              15.439028137837095
            ],
            [
              41.72002891529628,
              15.438958657540725
            ],
            [
              41.720516991554454,
              15.438839597435916
            ],
            [
              41.72939760678883,
              15.436194104882205
            ],
            [
              41.72984135614512,
              15.436038852580106
            ],
            [
              41.73026856254788,
              15.435842609215973
            ],
            [
              41.73067544920595,
              15.435607109712771
            ],
            [
              41.73105841896835,
              15.43533443604407
            ],
            [
              41.731414086125525,
              15.435026998827992
            ],
            [
              41.73173930634123,
              15.434687516015739
            ],
            [
              41.732031204450635,
              15.434318988863076
            ],
            [
              41.73228719987865,
              15.43392467539722
            ],
            [
              41.73250502945399,
              15.43350806161369
            ],
            [
              41.7326827674171,
              15.433072830657773
            ],
            [
              41.73848110726085,
              15.41671636245709
            ],
            [
              41.73858346485088,
              15.416393239045355
            ],
            [
              41.75019158863018,
              15.374914128327582
            ],
            [
              41.75032620238004,
              15.374274657684671
            ],
            [
              41.76158718870816,
              15.2955526575626
            ],
            [
              41.76161670827243,
              15.295300932487303
            ],
            [
              41.775952340596646,
              15.138872595390135
            ],
            [
              41.77597317346996,
              15.1384342057358
            ],
            [
              41.77595548269104,
              15.137995678046845
            ],
            [
              41.77589940456344,
              15.137560391082598
            ],
            [
              41.77436208156539,
              15.12871220077498
            ],
            [
              41.77425713127242,
              15.1282431241518
            ],
            [
              41.77410762349215,
              15.127786292819634
            ],
            [
              41.77391493996019,
              15.127345928766916
            ],
            [
              41.77368086143805,
              15.126926101793174
            ],
            [
              41.773407551255474,
              15.126530691896349
            ],
            [
              41.7730975353172,
              15.126163353414253
            ],
            [
              41.772753678758825,
              15.125827481251559
            ],
            [
              41.77237915946748,
              15.125526179504435
            ],
            [
              41.77197743871214,
              15.125262232772801
            ],
            [
              41.77155222915493,
              15.12503808042535
            ],
            [
              41.77110746053908,
              15.124855794055145
            ],
            [
              41.770647243370625,
              15.124717058334172
            ],
            [
              41.7640363730093,
              15.123066248092472
            ],
            [
              41.76361665513384,
              15.122980357338518
            ],
            [
              41.763191125322635,
              15.122930711629957
            ],
            [
              41.734043023515994,
              15.120790666463941
            ]
          ]
        ]
      },
      "properties": {
        "layer": "hourly_backtrack_corridor",
        "step_index": 21,
        "timestamp": "2024-08-22T06:30:00Z",
        "hours_prior": 21,
        "active_particles": 500,
        "centroid_latitude": 15.38502908706665,
        "centroid_longitude": 41.72367912292481
      }
    },
    {
      "type": "Feature",
      "geometry": {
        "type": "Polygon",
        "coordinates": [
          [
            [
              41.740051741632335,
              15.115889647353795
            ],
            [
              41.739566823509875,
              15.115822500707546
            ],
            [
              41.73907766326344,
              15.115803096818984
            ],
            [
              41.738588950066436,
              15.115831621697087
            ],
            [
              41.73810536880682,
              15.115907801897515
            ],
            [
              41.73763155517689,
              15.116030907143895
            ],
            [
              41.72172045288197,
              15.121008133401219
            ],
            [
              41.72126275010236,
              15.12117622010381
            ],
            [
              41.72082359566923,
              15.121388088831825
            ],
            [
              41.72040716585295,
              15.121641724756257
            ],
            [
              41.720017420817356,
              15.121934715850454
            ],
            [
              41.71965806695938,
              15.122264275828012
            ],
            [
              41.716159989566805,
              15.125801453867563
            ],
            [
              41.715822837476416,
              15.126178788903909
            ],
            [
              41.71552555063515,
              15.126588268812718
            ],
            [
              41.71527117389362,
              15.127025699647339
            ],
            [
              41.7150623126116,
              15.127486601184094
            ],
            [
              41.714901105973595,
              15.127966252809308
            ],
            [
              41.69854749879586,
              15.186237660890363
            ],
            [
              41.69842519643304,
              15.186793206814853
            ],
            [
              41.692649744772886,
              15.2226322876254
            ],
            [
              41.69260072553169,
              15.223045091815184
            ],
            [
              41.681427477240675,
              15.368603449053953
            ],
            [
              41.681414383608065,
              15.369111512436701
            ],
            [
              41.68145293369898,
              15.369618280366424
            ],
            [
              41.68154272921413,
              15.37011851692003
            ],
            [
              41.6910565841946,
              15.411034959791124
            ],
            [
              41.69119191087388,
              15.411509461375914
            ],
            [
              41.69137334745411,
              15.411968314109863
            ],
            [
              41.69159912699653,
              15.412407049408557
            ],
            [
              41.691867050723914,
              15.412821394603291
            ],
            [
              41.69217450943356,
              15.413207314550892
            ],
            [
              41.6925185089073,
              15.413561050930367
            ],
            [
              41.69289569907097,
              15.413879158843702
            ],
            [
              41.71845035605339,
              15.433357003081984
            ],
            [
              41.718869809547854,
              15.433644217548423
            ],
            [
              41.719316259135155,
              15.433887355677385
            ],
            [
              41.71978508971619,
              15.43408390406849
            ],
            [
              41.72027145483201,
              15.434231830935113
            ],
            [
              41.72077032676331,
              15.434329607107623
            ],
            [
              41.72127654850365,
              15.434376221840935
            ],
            [
              41.721784887069134,
              15.43437119326292
            ],
            [
              41.72229008759354,
              15.434314573355676
            ],
            [
              41.72278692764962,
              15.43420694741817
            ],
            [
              41.723270271235116,
              15.434049428015811
            ],
            [
              41.731048438959725,
              15.431069195777042
            ],
            [
              41.731516909283954,
              15.430861581558473
            ],
            [
              41.73196167056589,
              15.430607110517819
            ],
            [
              41.73237805160038,
              15.43030845529427
            ],
            [
              41.73276167925221,
              15.429968752581313
            ],
            [
              41.7331085243859,
              15.429591570182899
            ],
            [
              41.73341494418262,
              15.429180869541781
            ],
            [
              41.73367772039972,
              15.428740964133581
            ],
            [
              41.733894093171024,
              15.428276474163534
            ],
            [
              41.74074910415735,
              15.41134398667574
            ],
            [
              41.74082503882683,
              15.411144253841515
            ],
            [
              41.754542690194015,
              15.372602460018273
            ],
            [
              41.75466491865505,
              15.372208236825816
            ],
            [
              41.75475421632019,
              15.371805275724517
            ],
            [
              41.75480997470898,
              15.371396322519079
            ],
            [
              41.76284372715038,
              15.286385793954626
            ],
            [
              41.76285699272506,
              15.286213788770896
            ],
            [
              41.771958860400844,
              15.133981618665915
            ],
            [
              41.77196366988933,
              15.13348067405423
            ],
            [
              41.77191832684527,
              15.132981762595643
            ],
            [
              41.77182328645592,
              15.132489892735265
            ],
            [
              41.771679502807565,
              15.132010002229396
            ],
            [
              41.771488419307644,
              15.131546908576652
            ],
            [
              41.77125195419476,
              15.131105260656309
            ],
            [
              41.77097248128198,
              15.130689492059398
            ],
            [
              41.77065280612672,
              15.130303776581014
            ],
            [
              41.77029613786648,
              15.129951986320641
            ],
            [
              41.76990605700312,
              15.12963765281114
            ],
            [
              41.76948647945911,
              15.129363931566585
            ],
            [
              41.75054650753528,
              15.118319429308285
            ],
            [
              41.750102175839515,
              15.118089309998393
            ],
            [
              41.74963706840927,
              15.117904754773653
            ],
            [
              41.749155843491785,
              15.117767612032544
            ],
            [
              41.74553188108944,
              15.116928378634107
            ],
            [
              41.74533128264796,
              15.11688623701444
            ],
            [
              41.740051741632335,
              15.115889647353795
            ]
          ]
        ]
      },
      "properties": {
        "layer": "hourly_backtrack_corridor",
        "step_index": 22,
        "timestamp": "2024-08-22T05:30:00Z",
        "hours_prior": 22,
        "active_particles": 500,
        "centroid_latitude": 15.38017608642578,
        "centroid_longitude": 41.72712707519531
      }
    },
    {
      "type": "Feature",
      "geometry": {
        "type": "Polygon",
        "coordinates": [
          [
            [
              41.75284851222284,
              15.110708217339354
            ],
            [
              41.75240357018803,
              15.110477597883154
            ],
            [
              41.751937776891445,
              15.110292678028141
            ],
            [
              41.751455811855536,
              15.110155315543887
            ],
            [
              41.750962517069695,
              15.110066890421972
            ],
            [
              41.75046284834596,
              15.110028291012116
            ],
            [
              41.749961825531166,
              15.110039905097494
            ],
            [
              41.74597546688859,
              15.110332683112631
            ],
            [
              41.7457336455404,
              15.11035636340956
            ],
            [
              41.71803131399743,
              15.11375049030165
            ],
            [
              41.71755218244897,
              15.113833008529808
            ],
            [
              41.71708333035102,
              15.113961670913401
            ],
            [
              41.71662919072451,
              15.114135260942911
            ],
            [
              41.716194057483214,
              15.11435213731559
            ],
            [
              41.715782044834526,
              15.114610249454067
            ],
            [
              41.715397048379444,
              15.114907156894665
            ],
            [
              41.715042708279455,
              15.11524005236211
            ],
            [
              41.7147223748386,
              15.115605788312463
            ],
            [
              41.71443907682622,
              15.116000906693314
            ],
            [
              41.71419549283972,
              15.116421671639847
            ],
            [
              41.713993925978365,
              15.116864104797635
            ],
            [
              41.71161736958188,
              15.122834106018338
            ],
            [
              41.71143435917278,
              15.123384922844652
            ],
            [
              41.69593905887981,
              15.181005925041918
            ],
            [
              41.69585453383037,
              15.181375622133363
            ],
            [
              41.69579827227423,
              15.181750662212163
            ],
            [
              41.69190346636603,
              15.216703779582769
            ],
            [
              41.691884097746396,
              15.216920252020692
            ],
            [
              41.68206125228741,
              15.362221117194032
            ],
            [
              41.68205509630234,
              15.362787009653642
            ],
            [
              41.68211292774331,
              15.36334997297077
            ],
            [
              41.6883728459562,
              15.402390538461493
            ],
            [
              41.688472191068,
              15.402862930061358
            ],
            [
              41.68861662704909,
              15.40332354000722
            ],
            [
              41.68880480762167,
              15.403768074985557
            ],
            [
              41.6890349787676,
              15.404192391516512
            ],
            [
              41.68930499507752,
              15.40459253457498
            ],
            [
              41.68961233974803,
              15.404964774455125
            ],
            [
              41.68995414804067,
              15.405305641534712
            ],
            [
              41.69032723398392,
              15.405611958615212
            ],
            [
              41.70396477670853,
              15.415747609249978
            ],
            [
              41.70435894578336,
              15.416012464166045
            ],
            [
              41.70477646385377,
              15.416238729600865
            ],
            [
              41.70521356461641,
              15.416424364482863
            ],
            [
              41.70566630511842,
              15.416567694256303
            ],
            [
              41.70613060132562,
              15.416667425986951
            ],
            [
              41.706602264963315,
              15.41672266002524
            ],
            [
              41.71949212702386,
              15.41761434551108
            ],
            [
              41.72014100482367,
              15.417617027521215
            ],
            [
              41.72689301898382,
              15.417205993890844
            ],
            [
              41.7273578382099,
              15.417155799590999
            ],
            [
              41.727815937214835,
              15.41706240964328
            ],
            [
              41.72826331081375,
              15.416926640561158
            ],
            [
              41.728696047594546,
              15.416749679381214
            ],
            [
              41.72911036411566,
              15.416533073284816
            ],
            [
              41.729502637984865,
              15.416278716071032
            ],
            [
              41.729869439530056,
              15.415988831599027
            ],
            [
              41.740584924149196,
              15.406674294550687
            ],
            [
              41.74090306774817,
              15.406372245827722
            ],
            [
              41.74119351119151,
              15.406043473281978
            ],
            [
              41.75026486128917,
              15.394818726577876
            ],
            [
              41.75053189737908,
              15.394456026339697
            ],
            [
              41.75076521120425,
              15.394070767472083
            ],
            [
              41.750962909565445,
              15.393666076115524
            ],
            [
              41.751123388261156,
              15.393245236093293
            ],
            [
              41.75124534510476,
              15.392811662265222
            ],
            [
              41.75132779049094,
              15.392368872818205
            ],
            [
              41.75436810421164,
              15.370642264541837
            ],
            [
              41.7543886884214,
              15.370474568136519
            ],
            [
              41.764306901312025,
              15.276578655966109
            ],
            [
              41.76432998541248,
              15.276267360881352
            ],
            [
              41.77063186529529,
              15.129115413859868
            ],
            [
              41.7706298958223,
              15.128645669558523
            ],
            [
              41.7705838514304,
              15.128178183193539
            ],
            [
              41.77049413853242,
              15.127717081053653
            ],
            [
              41.77036154898316,
              15.127266433076962
            ],
            [
              41.770187253090036,
              15.126830216927432
            ],
            [
              41.76997278928334,
              15.126412282885884
            ],
            [
              41.769720050537174,
              15.126016319865311
            ],
            [
              41.763780566894596,
              15.11760968076619
            ],
            [
              41.763449602562666,
              15.117190651680032
            ],
            [
              41.76307583968307,
              15.116809306594988
            ],
            [
              41.762663540988,
              15.116469994717649
            ],
            [
              41.762217408707215,
              15.116176585869628
            ],
            [
              41.75284851222284,
              15.110708217339354
            ]
          ]
        ]
      },
      "properties": {
        "layer": "hourly_backtrack_corridor",
        "step_index": 23,
        "timestamp": "2024-08-22T04:30:00Z",
        "hours_prior": 23,
        "active_particles": 500,
        "centroid_latitude": 15.263416252136231,
        "centroid_longitude": 41.72948661804199
      }
    },
    {
      "type": "Feature",
      "geometry": {
        "type": "Polygon",
        "coordinates": [
          [
            [
              41.70384108036434,
              15.093071692053792
            ],
            [
              41.70335172128085,
              15.093077458345986
            ],
            [
              41.7028652700022,
              15.093131037411098
            ],
            [
              41.702386386839876,
              15.09323191594976
            ],
            [
              41.70191965960113,
              15.093379127523125
            ],
            [
              41.70146955963676,
              15.093571261811567
            ],
            [
              41.70104039900458,
              15.09380647812585
            ],
            [
              41.700636289158936,
              15.094082523041346
            ],
            [
              41.70026110156206,
              15.09439675198634
            ],
            [
              41.69991843059462,
              15.09474615457762
            ],
            [
              41.69961155912073,
              15.09512738346062
            ],
            [
              41.69934342703739,
              15.095536786377812
            ],
            [
              41.69911660310963,
              15.095970441158153
            ],
            [
              41.69893326036113,
              15.096424193292355
            ],
            [
              41.698795155256235,
              15.09689369573401
            ],
            [
              41.69870361087256,
              15.097374450545258
            ],
            [
              41.69865950422569,
              15.097861851988036
            ],
            [
              41.69405516462608,
              15.209313954649168
            ],
            [
              41.69405260185404,
              15.209390023227689
            ],
            [
              41.68987550834818,
              15.369602540012357
            ],
            [
              41.68988557486952,
              15.370075657179514
            ],
            [
              41.689940324241384,
              15.370545703661248
            ],
            [
              41.6900392660382,
              15.371008468946844
            ],
            [
              41.69018151397422,
              15.371459807747977
            ],
            [
              41.69036579384257,
              15.371895677130741
            ],
            [
              41.690590454929136,
              15.37231217273083
            ],
            [
              41.69868142782953,
              15.385748490174677
            ],
            [
              41.69893199416667,
              15.386124951000136
            ],
            [
              41.6992155497211,
              15.386477232833276
            ],
            [
              41.6995297749376,
              15.386802453920739
            ],
            [
              41.699872099375426,
              15.387097953872823
            ],
            [
              41.7002397227352,
              15.387361315426135
            ],
            [
              41.71450287581137,
              15.396632937130237
            ],
            [
              41.71495975254086,
              15.396896729554104
            ],
            [
              41.71544188075386,
              15.397110914462697
            ],
            [
              41.715943892959615,
              15.39727310735437
            ],
            [
              41.716460200300645,
              15.397381502550003
            ],
            [
              41.716985054772984,
              15.397434893295474
            ],
            [
              41.71751261321822,
              15.397432685196332
            ],
            [
              41.7239174899272,
              15.397067427933148
            ],
            [
              41.724525909211955,
              15.396995129905177
            ],
            [
              41.750282745149455,
              15.392319264731837
            ],
            [
              41.75074268334608,
              15.392213123008357
            ],
            [
              41.751190562797134,
              15.392064082049211
            ],
            [
              41.75162239183595,
              15.391873470162333
            ],
            [
              41.752034321843034,
              15.391642986151082
            ],
            [
              41.75242268154641,
              15.391374684173877
            ],
            [
              41.75278400974133,
              15.391070955436787
            ],
            [
              41.75311508613781,
              15.39073450688221
            ],
            [
              41.75341296006102,
              15.390368337063611
            ],
            [
              41.753674976748826,
              15.38997570942132
            ],
            [
              41.75389880101197,
              15.389560123197526
            ],
            [
              41.754082438046176,
              15.389125282249765
            ],
            [
              41.75422425121052,
              15.38867506204076
            ],
            [
              41.754322976613864,
              15.388213475098878
            ],
            [
              41.7633409209498,
              15.333546002259522
            ],
            [
              41.763405586515624,
              15.332873828843926
            ],
            [
              41.76936414364453,
              15.122599132493828
            ],
            [
              41.76935676337912,
              15.122151273762178
            ],
            [
              41.769309332060786,
              15.121705872615037
            ],
            [
              41.769222230338976,
              15.121266503519752
            ],
            [
              41.769096157229086,
              15.12083669253479
            ],
            [
              41.765582821047445,
              15.110583739959106
            ],
            [
              41.765388806251416,
              15.110101037551045
            ],
            [
              41.76514568600577,
              15.109641107228082
            ],
            [
              41.764856092265674,
              15.10920892807366
            ],
            [
              41.76452316009598,
              15.108809178744442
            ],
            [
              41.75301803314286,
              15.096372311984188
            ],
            [
              41.752666750353384,
              15.096028190730967
            ],
            [
              41.752283363053756,
              15.09572024071297
            ],
            [
              41.75187157965785,
              15.095451440657243
            ],
            [
              41.751435383248214,
              15.09522439060259
            ],
            [
              41.75097899304863,
              15.095041286750018
            ],
            [
              41.75050682361262,
              15.094903900219405
            ],
            [
              41.75002344212246,
              15.094813559917881
            ],
            [
              41.749533524212,
              15.094771139685628
            ],
            [
              41.70384108036434,
              15.093071692053792
            ]
          ]
        ]
      },
      "properties": {
        "layer": "hourly_backtrack_corridor",
        "step_index": 24,
        "timestamp": "2024-08-22T03:30:00Z",
        "hours_prior": 24,
        "active_particles": 500,
        "centroid_latitude": 15.243809223175049,
        "centroid_longitude": 41.71850120544433
      }
    }
  ]
}